version 1
nodes
0 "Box01" -1
1 "Bip01" -1
2 "Bip01 Footsteps" 1
3 "Bip01 Pelvis" 1
4 "Bip01 Spine" 3
5 "Bip01 L Thigh" 4
6 "Bip01 L Calf" 5
7 "Bip01 L HorseLink" 6
8 "Bip01 L Foot" 7
9 "Bip01 L Toe0" 8
10 "Bip01 L Toe01" 9
11 "Bip01 L Toe02" 10
12 "Bip01 L Toe0Nub" 11
13 "Bip01 R Thigh" 4
14 "Bip01 R Calf" 13
15 "Bip01 R HorseLink" 14
16 "Bip01 R Foot" 15
17 "Bip01 R Toe0" 16
18 "Bip01 R Toe01" 17
19 "Bip01 R Toe02" 18
20 "Bip01 R Toe0Nub" 19
21 "Bip01 Spine1" 4
22 "Bip01 Neck" 21
23 "Bip01 Neck1" 22
24 "Bip01 Head" 23
25 "Bip01 HeadNub" 24
26 "Bone02" 24
27 "Bone03" 24
28 "Bone04" 24
29 "Bone05" 24
30 "Bone06" 24
31 "Bip01 L Clavicle" 22
32 "Bip01 L UpperArm" 31
33 "Bip01 L Forearm" 32
34 "Bip01 L Hand" 33
35 "Bip01 L Finger0" 34
36 "Bip01 L Finger01" 35
37 "Bip01 L Finger0Nub" 36
38 "Bip01 L Finger1" 34
39 "Bip01 L Finger11" 38
40 "Bip01 L Finger1Nub" 39
41 "Bip01 L Finger2" 34
42 "Bip01 L Finger21" 41
43 "Bip01 L Finger2Nub" 42
44 "Box02" 32
45 "Box04" 44
46 "Bip01 R Clavicle" 22
47 "Bip01 R UpperArm" 46
48 "Bip01 R Forearm" 47
49 "Bip01 R Hand" 48
50 "Bip01 R Finger0" 49
51 "Bip01 R Finger01" 50
52 "Bip01 R Finger0Nub" 51
53 "Bip01 R Finger1" 49
54 "Bip01 R Finger11" 53
55 "Bip01 R Finger1Nub" 54
56 "Bip01 R Finger2" 49
57 "Bip01 R Finger21" 56
58 "Bip01 R Finger2Nub" 57
59 "Box03" 47
60 "Box05" 59
61 "Bone09" 21
62 "Bone08" 21
63 "Bone07" 21
64 "Bip01 Tail" 4
65 "Bip01 Tail1" 64
66 "Bip01 Tail2" 65
67 "Bip01 Tail3" 66
68 "Bip01 Tail4" 67
69 "Bip01 TailNub" 68
70 "Bone10" 68
71 "Object01" -1
72 "Object02" -1
end
skeleton
time 0
0 88.799866 -0.000001 32.090240 1.570796 0.000000 0.000000
1 0.056815 31.013531 91.612999 0.000000 1.047198 -1.570795
2 79.141823 -0.000003 -45.692551 -1.047198 -0.000001 1.570796
3 0.578570 -0.000000 1.002114 -1.570795 -1.570796 0.000000
4 19.667530 -0.015393 0.000027 -0.000004 -0.000001 0.000796
5 -19.667509 0.030970 34.045998 -0.000002 -3.141590 -0.901178
6 48.144657 0.000001 -0.000001 0.000000 0.000000 -0.438997
7 8.787698 -0.000001 0.000000 -0.000000 0.000000 1.395371
8 37.448338 0.000006 -0.000001 0.000000 -0.000000 -0.809559
9 10.603358 10.781816 -0.000002 -0.000000 -0.000000 1.570796
10 1.115360 0.000000 -0.000004 0.000000 0.000000 0.000000
11 1.115360 0.000000 0.000001 0.000000 0.000000 0.000000
12 1.115360 0.000000 0.000003 0.000000 0.000000 3.141593
13 -19.667509 0.031155 -34.045998 -0.000002 -3.141590 -0.901164
14 48.144665 0.000002 0.000002 0.000000 0.000000 -0.438918
15 8.787700 -0.000003 -0.000000 0.000000 0.000000 1.395311
16 37.448326 0.000008 0.000002 0.000000 -0.000000 -0.809563
17 10.603358 10.781816 -0.000002 0.000000 0.000000 1.570796
18 1.115360 0.000000 -0.000004 0.000000 0.000000 0.000000
19 1.115360 0.000000 0.000001 0.000000 0.000000 0.000000
20 1.115360 0.000000 0.000003 0.000000 0.000000 0.000000
21 19.338173 -0.014464 -0.000000 -0.000000 -0.000001 0.349066
22 19.316818 -0.020385 -0.000000 -0.000001 0.000002 -0.668132
23 32.612156 -0.028859 -0.000001 -0.000000 -0.000000 0.030000
24 36.268276 0.000004 -0.000000 -0.000000 0.000001 -0.235331
25 19.745592 -0.000003 -0.000000 0.000000 0.000000 0.000000
26 33.941761 77.867058 -0.056880 -0.000002 0.000000 -2.646049
27 46.349415 -1.530874 -0.057007 -0.000002 0.000000 -2.646049
28 47.964890 -50.284748 -0.057080 -0.000002 0.000000 -2.646049
29 18.586317 15.357495 10.634696 -0.000002 0.000000 -2.646049
30 18.586306 15.357533 -10.216348 -0.000002 0.000000 -2.646049
31 -1.035257 -10.857908 21.507042 -0.567209 -0.374703 -2.245195
32 67.635147 -0.000000 -0.000001 -1.085584 -2.628034 0.169317
33 65.342247 0.000013 0.000009 -0.000000 0.000000 -0.149045
34 3.535512 -0.000002 -0.000003 -2.006332 0.523599 0.000000
35 1.080032 0.049222 -0.517037 0.000000 0.000796 1.570796
36 45.434566 0.000005 -0.000000 0.000000 -0.000000 0.261799
37 59.196022 0.000007 0.000009 0.000000 0.000000 0.000000
38 1.079212 0.000005 0.000003 0.000342 -0.173811 2.007069
39 112.200348 0.000013 0.000002 0.000000 0.000000 0.000000
40 2.065485 -0.000001 0.000003 0.000000 0.000000 0.000000
41 1.078219 -0.061244 0.098177 0.000520 -0.173923 2.268838
42 112.891380 0.000006 0.000027 0.000000 0.000000 0.000000
43 1.721239 -0.000001 -0.000006 0.000000 0.000000 0.000000
44 -0.726299 -2.959890 -3.646902 -1.990524 1.432494 -0.499779
45 0.272711 38.404099 1.817649 -0.000000 -0.000000 0.000000
46 -1.035256 -10.857791 -21.507103 0.567206 0.374707 -2.245196
47 67.635147 -0.000002 0.000003 1.085584 2.628034 0.169317
48 65.342247 0.000011 -0.000010 -0.000000 -0.000000 -0.149045
49 3.535513 -0.000002 0.000002 2.006332 -0.523599 0.000000
50 1.080028 0.049221 0.517049 -0.000000 -0.000796 1.570796
51 45.434582 0.000003 -0.000005 -0.000000 0.000000 0.261799
52 59.196018 0.000013 0.000000 0.000000 0.000000 3.141593
53 1.079217 0.000004 0.000005 -0.000342 0.173811 2.007069
54 112.200356 -0.000001 0.000002 0.000000 0.000000 0.000000
55 2.065482 0.000005 0.000005 0.000000 0.000000 3.141593
56 1.078217 -0.061239 -0.098175 -0.000520 0.173923 2.268838
57 112.891373 0.000010 -0.000005 0.000000 0.000000 0.000000
58 1.721240 -0.000002 -0.000005 0.000000 0.000000 3.141593
59 -0.114826 -2.044652 3.888001 1.151061 1.432497 2.641807
60 0.845744 38.795284 0.842517 -0.000000 -0.000000 0.000000
61 5.862274 -38.093346 -0.056959 -0.000002 -0.000002 2.763674
62 45.102818 23.394558 28.730303 -0.000002 -0.000002 2.763674
63 45.102734 23.394701 -28.756025 -0.000002 -0.000002 2.763674
64 -59.432369 7.768413 0.009486 -0.309856 0.054713 2.718564
65 38.920547 -0.022143 -0.014929 0.888000 -0.892167 -0.167911
66 38.481655 -0.028946 -0.009410 0.437676 -0.798331 -0.016489
67 39.929047 -0.027952 -0.000300 0.011931 -0.457601 0.160138
68 35.594025 -0.041301 0.003706 -0.109470 -0.618963 0.208437
69 52.623211 0.000001 -0.000003 3.141593 -0.000003 1.570000
70 76.977310 14.423798 -0.056396 0.000002 0.000001 -1.026751
71 88.799866 -0.000001 32.090240 1.570796 0.000000 0.000000
72 88.799866 -0.000001 32.090240 1.570796 0.000000 0.000000
end
triangles
rdgon_xmas.jpg
21 -0.0107 -24.5894 126.5404 -0.0000 -0.6172 0.7868 0.9955 0.6004
21 15.9663 -21.1252 114.5257 0.9730 -0.2067 0.1028 0.9657 0.5828
21 23.8585 -19.9117 118.4750 0.3133 -0.6227 -0.7170 0.9345 0.5741
rdgon_xmas.jpg
21 23.8585 -19.9117 118.4750 0.3133 -0.6227 -0.7170 0.9345 0.5741
21 20.0978 -23.2909 125.2174 0.0404 -0.9933 0.1085 0.9494 0.5983
21 -0.0107 -24.5894 126.5404 -0.0000 -0.6172 0.7868 0.9955 0.6004
rdgon_xmas.jpg
21 20.5626 1.6070 113.9868 0.6284 0.7403 0.2391 0.9475 0.4198
21 23.8585 -19.9117 118.4750 0.3133 -0.6227 -0.7170 0.9345 0.5741
21 15.9663 -21.1252 114.5257 0.9730 -0.2067 0.1028 0.9657 0.5828
rdgon_xmas.jpg
21 20.5626 1.6070 113.9868 0.6284 0.7403 0.2391 0.9475 0.4198
21 -0.0107 1.4177 123.1660 0.0000 0.5419 0.8404 0.9955 0.4139
21 18.0457 -10.5182 130.3563 -0.0601 0.0764 0.9953 0.9575 0.5067
rdgon_xmas.jpg
21 18.0457 -10.5182 130.3563 -0.0601 0.0764 0.9953 0.9575 0.5067
21 -0.0107 -24.5894 126.5404 -0.0000 -0.6172 0.7868 0.9955 0.6004
21 20.0978 -23.2909 125.2174 0.0404 -0.9933 0.1085 0.9494 0.5983
rdgon_xmas.jpg
21 -0.0107 -24.5894 126.5404 -0.0000 -0.6172 0.7868 0.9955 0.6004
21 18.0457 -10.5182 130.3563 -0.0601 0.0764 0.9953 0.9575 0.5067
21 -0.0107 1.4177 123.1660 0.0000 0.5419 0.8404 0.9955 0.4139
rdgon_xmas.jpg
24 11.2642 -70.7526 161.6868 0.8299 -0.3124 -0.4623 0.1663 0.5475
23 10.7067 -61.3871 150.5875 0.9705 -0.1723 -0.1685 0.2539 0.5251
24 8.5016 -74.1851 170.4980 0.7454 0.3677 0.5561 0.1476 0.5873
rdgon_xmas.jpg
23 6.8971 -56.5571 156.2146 0.8010 0.4196 0.4270 0.2584 0.5562
24 8.5016 -74.1851 170.4980 0.7454 0.3677 0.5561 0.1476 0.5873
23 10.7067 -61.3871 150.5875 0.9705 -0.1723 -0.1685 0.2539 0.5251
rdgon_xmas.jpg
24 -0.0106 -71.3893 154.9346 -0.0000 -0.6099 -0.7925 0.1628 0.5170
23 -0.0106 -67.4842 147.2669 -0.0000 -0.7765 -0.6301 0.2320 0.4984
24 11.2642 -70.7526 161.6868 0.8299 -0.3124 -0.4623 0.1663 0.5475
rdgon_xmas.jpg
23 10.7067 -61.3871 150.5875 0.9705 -0.1723 -0.1685 0.2539 0.5251
24 11.2642 -70.7526 161.6868 0.8299 -0.3124 -0.4623 0.1663 0.5475
23 -0.0106 -67.4842 147.2669 -0.0000 -0.7765 -0.6301 0.2320 0.4984
rdgon_xmas.jpg
23 -0.0107 -52.3581 162.9021 -0.0000 0.6343 0.7731 0.2563 0.6009
24 -0.0107 -79.4175 177.1814 0.0000 0.4359 0.9000 0.1192 0.6260
23 6.8971 -56.5571 156.2146 0.8010 0.4196 0.4270 0.2584 0.5562
rdgon_xmas.jpg
24 8.5016 -74.1851 170.4980 0.7454 0.3677 0.5561 0.1476 0.5873
23 6.8971 -56.5571 156.2146 0.8010 0.4196 0.4270 0.2584 0.5562
24 -0.0107 -79.4175 177.1814 0.0000 0.4359 0.9000 0.1192 0.6260
rdgon_xmas.jpg
3 0.0568 -5.0874 45.9189 0.0015 -0.3245 -0.9459 0.6398 0.2124
3 0.0568 12.0358 42.0235 0.0011 -0.1017 -0.9948 0.7328 0.1949
3 18.1197 -10.9257 57.4654 0.6607 -0.4167 -0.6244 0.6080 0.2646
rdgon_xmas.jpg
3 23.3080 7.2148 49.6962 0.4681 -0.1018 -0.8778 0.7066 0.2295
3 18.1197 -10.9257 57.4654 0.6607 -0.4167 -0.6244 0.6080 0.2646
3 0.0568 12.0358 42.0235 0.0011 -0.1017 -0.9948 0.7328 0.1949
rdgon_xmas.jpg
23 6.8971 -56.5571 156.2146 0.8010 0.4196 0.4270 0.2584 0.5562
23 10.7067 -61.3871 150.5875 0.9705 -0.1723 -0.1685 0.2539 0.5251
22 9.8888 -49.4685 135.7583 0.9559 -0.2904 -0.0448 0.3518 0.5025
rdgon_xmas.jpg
22 9.8888 -49.4685 135.7583 0.9559 -0.2904 -0.0448 0.3518 0.5025
22 7.2221 -40.8233 141.2034 0.8977 0.2832 0.3376 0.3616 0.5386
23 6.8971 -56.5571 156.2146 0.8010 0.4196 0.4270 0.2584 0.5562
rdgon_xmas.jpg
23 10.7067 -61.3871 150.5875 0.9705 -0.1723 -0.1685 0.2539 0.5251
23 -0.0106 -67.4842 147.2669 -0.0000 -0.7765 -0.6301 0.2320 0.4984
22 -0.0106 -56.3207 132.7061 0.0000 -0.9151 -0.4031 0.3443 0.4736
rdgon_xmas.jpg
22 -0.0106 -56.3207 132.7061 0.0000 -0.9151 -0.4031 0.3443 0.4736
22 9.8888 -49.4685 135.7583 0.9559 -0.2904 -0.0448 0.3518 0.5025
23 10.7067 -61.3871 150.5875 0.9705 -0.1723 -0.1685 0.2539 0.5251
rdgon_xmas.jpg
23 -0.0107 -52.3581 162.9021 -0.0000 0.6343 0.7731 0.2563 0.6009
23 6.8971 -56.5571 156.2146 0.8010 0.4196 0.4270 0.2584 0.5562
22 7.2221 -40.8233 141.2034 0.8977 0.2832 0.3376 0.3616 0.5386
rdgon_xmas.jpg
22 7.2221 -40.8233 141.2034 0.8977 0.2832 0.3376 0.3616 0.5386
22 -0.0108 -33.9759 146.4724 -0.0000 0.7452 0.6668 0.3784 0.5961
23 -0.0107 -52.3581 162.9021 -0.0000 0.6343 0.7731 0.2563 0.6009
rdgon_xmas.jpg
22 9.8888 -49.4685 135.7583 0.9559 -0.2904 -0.0448 0.3518 0.5025
22 -0.0106 -56.3207 132.7061 0.0000 -0.9151 -0.4031 0.3443 0.4736
21 -0.0107 -45.5531 97.7596 -0.0006 -0.9329 -0.3602 0.4295 0.4514
rdgon_xmas.jpg
21 -0.0107 -45.5531 97.7596 -0.0006 -0.9329 -0.3602 0.4295 0.4514
21 14.1248 -35.5668 105.0769 0.9028 -0.4277 0.0449 0.4766 0.4702
22 9.8888 -49.4685 135.7583 0.9559 -0.2904 -0.0448 0.3518 0.5025
rdgon_xmas.jpg
22 7.2221 -40.8233 141.2034 0.8977 0.2832 0.3376 0.3616 0.5386
22 9.8888 -49.4685 135.7583 0.9559 -0.2904 -0.0448 0.3518 0.5025
21 14.1248 -35.5668 105.0769 0.9028 -0.4277 0.0449 0.4766 0.4702
rdgon_xmas.jpg
21 14.1248 -35.5668 105.0769 0.9028 -0.4277 0.0449 0.4766 0.4702
21 15.9663 -21.1252 114.5257 0.9730 -0.2067 0.1028 0.5449 0.5086
22 7.2221 -40.8233 141.2034 0.8977 0.2832 0.3376 0.3616 0.5386
rdgon_xmas.jpg
22 -0.0108 -33.9759 146.4724 -0.0000 0.7452 0.6668 0.3784 0.5961
22 7.2221 -40.8233 141.2034 0.8977 0.2832 0.3376 0.3616 0.5386
21 15.9663 -21.1252 114.5257 0.9730 -0.2067 0.1028 0.5449 0.5086
rdgon_xmas.jpg
21 15.9663 -21.1252 114.5257 0.9730 -0.2067 0.1028 0.5449 0.5086
21 -0.0107 -24.5894 126.5404 -0.0000 -0.6172 0.7868 0.5360 0.6059
22 -0.0108 -33.9759 146.4724 -0.0000 0.7452 0.6668 0.3784 0.5961
rdgon_xmas.jpg
21 15.9663 -21.1252 114.5257 0.9730 -0.2067 0.1028 0.5449 0.5086
21 14.1248 -35.5668 105.0769 0.9028 -0.4277 0.0449 0.4766 0.4702
4 21.7082 -18.4717 77.2443 0.8800 -0.4149 -0.2313 0.5670 0.3538
rdgon_xmas.jpg
4 21.7082 -18.4717 77.2443 0.8800 -0.4149 -0.2313 0.5670 0.3538
4 25.0326 -4.1346 82.4202 0.9737 -0.2264 0.0264 0.6383 0.3706
21 15.9663 -21.1252 114.5257 0.9730 -0.2067 0.1028 0.5449 0.5086
rdgon_xmas.jpg
4 21.7082 -18.4717 77.2443 0.8800 -0.4149 -0.2313 0.5670 0.3538
4 0.0569 -27.9257 68.4049 0.0001 -0.7087 -0.7055 0.5156 0.3139
3 0.0569 -22.6385 54.0268 0.0015 -0.7892 -0.6141 0.5444 0.2490
rdgon_xmas.jpg
3 0.0569 -22.6385 54.0268 0.0015 -0.7892 -0.6141 0.5444 0.2490
3 18.1197 -10.9257 57.4654 0.6607 -0.4167 -0.6244 0.6080 0.2646
4 21.7082 -18.4717 77.2443 0.8800 -0.4149 -0.2313 0.5670 0.3538
rdgon_xmas.jpg
4 25.0326 -4.1346 82.4202 0.9737 -0.2264 0.0264 0.6383 0.3706
4 21.7082 -18.4717 77.2443 0.8800 -0.4149 -0.2313 0.5670 0.3538
3 18.1197 -10.9257 57.4654 0.6607 -0.4167 -0.6244 0.6080 0.2646
rdgon_xmas.jpg
3 18.1197 -10.9257 57.4654 0.6607 -0.4167 -0.6244 0.6080 0.2646
3 23.3080 7.2148 49.6962 0.4681 -0.1018 -0.8778 0.7066 0.2295
4 25.0326 -4.1346 82.4202 0.9737 -0.2264 0.0264 0.6383 0.3706
rdgon_xmas.jpg
3 -0.0106 52.2581 70.7008 0.0000 0.8271 -0.5621 0.9514 0.3243
3 15.9279 40.8448 91.5676 0.5181 0.7033 0.4867 0.8902 0.4352
3 19.1082 38.8376 56.4559 -0.3720 0.8023 -0.4669 0.8785 0.2600
rdgon_xmas.jpg
3 19.1082 38.8376 56.4559 -0.3720 0.8023 -0.4669 0.8785 0.2600
3 -0.0108 35.2394 51.8091 0.0003 0.4733 -0.8809 0.8589 0.2390
3 -0.0106 52.2581 70.7008 0.0000 0.8271 -0.5621 0.9514 0.3243
rdgon_xmas.jpg
3 18.1197 -10.9257 57.4654 0.6607 -0.4167 -0.6244 0.6080 0.2646
3 0.0569 -22.6385 54.0268 0.0015 -0.7892 -0.6141 0.5444 0.2490
3 0.0568 -5.0874 45.9189 0.0015 -0.3245 -0.9459 0.6398 0.2124
rdgon_xmas.jpg
3 23.3080 7.2148 49.6962 0.4681 -0.1018 -0.8778 0.7066 0.2295
3 0.0568 12.0358 42.0235 0.0011 -0.1017 -0.9948 0.7328 0.1949
3 -0.0108 35.2394 51.8091 0.0003 0.4733 -0.8809 0.8589 0.2390
rdgon_xmas.jpg
3 -0.0108 35.2394 51.8091 0.0003 0.4733 -0.8809 0.8589 0.2390
3 19.1082 38.8376 56.4559 -0.3720 0.8023 -0.4669 0.8785 0.2600
3 23.3080 7.2148 49.6962 0.4681 -0.1018 -0.8778 0.7066 0.2295
rdgon_xmas.jpg
21 15.9663 -21.1252 114.5257 0.9730 -0.2067 0.1028 0.5449 0.5086
4 25.0326 -4.1346 82.4202 0.9737 -0.2264 0.0264 0.6383 0.3706
4 18.1974 9.7099 106.0065 0.8038 0.0778 0.5897 0.7137 0.4848
rdgon_xmas.jpg
21 -0.0107 1.4177 123.1660 0.0000 0.5419 0.8404 0.7081 0.5916
4 18.1974 9.7099 106.0065 0.8038 0.0778 0.5897 0.7137 0.4848
3 9.2558 33.7285 99.5253 0.5541 0.3485 0.7560 0.8593 0.4916
rdgon_xmas.jpg
3 9.2558 33.7285 99.5253 0.5541 0.3485 0.7560 0.8593 0.4916
3 -0.0106 32.5242 107.1215 0.0000 0.3497 0.9369 0.8599 0.5773
21 -0.0107 1.4177 123.1660 0.0000 0.5419 0.8404 0.7081 0.5916
rdgon_xmas.jpg
3 15.9279 40.8448 91.5676 0.5181 0.7033 0.4867 0.8902 0.4352
3 9.2558 33.7285 99.5253 0.5541 0.3485 0.7560 0.8593 0.4916
4 18.1974 9.7099 106.0065 0.8038 0.0778 0.5897 0.7137 0.4848
rdgon_xmas.jpg
21 11.8989 -36.2215 75.8598 0.3498 -0.2243 -0.9096 0.4705 0.3476
21 6.2284 -45.3990 80.3232 -0.7201 -0.6922 -0.0482 0.4206 0.3728
21 3.8122 -42.6785 82.8903 -0.4201 -0.8196 -0.3897 0.4354 0.3844
rdgon_xmas.jpg
21 6.2284 -45.3990 80.3232 -0.7201 -0.6922 -0.0482 0.4206 0.3728
21 11.8989 -36.2215 75.8598 0.3498 -0.2243 -0.9096 0.4705 0.3476
21 13.1820 -52.2341 76.1933 0.4100 -0.8680 -0.2801 0.3893 0.3567
rdgon_xmas.jpg
21 11.8989 -36.2215 75.8598 0.3498 -0.2243 -0.9096 0.4705 0.3476
21 17.7478 -33.1525 88.4415 0.9058 -0.4122 0.0980 0.4871 0.4044
21 15.9809 -42.9947 81.3360 0.9738 -0.2269 -0.0154 0.4336 0.3774
rdgon_xmas.jpg
21 11.8989 -36.2215 75.8598 0.3498 -0.2243 -0.9096 0.4705 0.3476
21 15.9809 -42.9947 81.3360 0.9738 -0.2269 -0.0154 0.4336 0.3774
21 13.1820 -52.2341 76.1933 0.4100 -0.8680 -0.2801 0.3893 0.3567
rdgon_xmas.jpg
21 17.7478 -33.1525 88.4415 0.9058 -0.4122 0.0980 0.4871 0.4044
21 9.0776 -39.4508 93.7801 0.3207 -0.9018 0.2896 0.4529 0.4285
21 11.8579 -44.8787 85.8155 0.3340 -0.7293 0.5972 0.4234 0.3976
rdgon_xmas.jpg
21 11.8579 -44.8787 85.8155 0.3340 -0.7293 0.5972 0.4234 0.3976
21 15.9809 -42.9947 81.3360 0.9738 -0.2269 -0.0154 0.4336 0.3774
21 17.7478 -33.1525 88.4415 0.9058 -0.4122 0.0980 0.4871 0.4044
rdgon_xmas.jpg
21 15.9809 -42.9947 81.3360 0.9738 -0.2269 -0.0154 0.4336 0.3774
21 11.8579 -44.8787 85.8155 0.3340 -0.7293 0.5972 0.4234 0.3976
21 13.1820 -52.2341 76.1933 0.4100 -0.8680 -0.2801 0.3893 0.3567
rdgon_xmas.jpg
21 9.0776 -39.4508 93.7801 0.3207 -0.9018 0.2896 0.4529 0.4285
21 3.8122 -42.6785 82.8903 -0.4201 -0.8196 -0.3897 0.4354 0.3844
21 6.2284 -45.3990 80.3232 -0.7201 -0.6922 -0.0482 0.4206 0.3728
rdgon_xmas.jpg
21 6.2284 -45.3990 80.3232 -0.7201 -0.6922 -0.0482 0.4206 0.3728
21 11.8579 -44.8787 85.8155 0.3340 -0.7293 0.5972 0.4234 0.3976
21 9.0776 -39.4508 93.7801 0.3207 -0.9018 0.2896 0.4529 0.4285
rdgon_xmas.jpg
21 11.8579 -44.8787 85.8155 0.3340 -0.7293 0.5972 0.4234 0.3976
21 6.2284 -45.3990 80.3232 -0.7201 -0.6922 -0.0482 0.4206 0.3728
21 13.1820 -52.2341 76.1933 0.4100 -0.8680 -0.2801 0.3893 0.3567
rdgon_xmas.jpg
21 14.1248 -35.5668 105.0769 0.9028 -0.4277 0.0449 0.4766 0.4702
21 9.0776 -39.4508 93.7801 0.3207 -0.9018 0.2896 0.4529 0.4285
21 17.7478 -33.1525 88.4415 0.9058 -0.4122 0.0980 0.4871 0.4044
rdgon_xmas.jpg
21 17.7478 -33.1525 88.4415 0.9058 -0.4122 0.0980 0.4871 0.4044
21 11.8989 -36.2215 75.8598 0.3498 -0.2243 -0.9096 0.4705 0.3476
4 21.7082 -18.4717 77.2443 0.8800 -0.4149 -0.2313 0.5670 0.3538
rdgon_xmas.jpg
4 21.7082 -18.4717 77.2443 0.8800 -0.4149 -0.2313 0.5670 0.3538
21 14.1248 -35.5668 105.0769 0.9028 -0.4277 0.0449 0.4766 0.4702
21 17.7478 -33.1525 88.4415 0.9058 -0.4122 0.0980 0.4871 0.4044
rdgon_xmas.jpg
21 14.1248 -35.5668 105.0769 0.9028 -0.4277 0.0449 0.4766 0.4702
21 -0.0107 -45.5531 97.7596 -0.0006 -0.9329 -0.3602 0.4295 0.4514
21 9.0776 -39.4508 93.7801 0.3207 -0.9018 0.2896 0.4529 0.4285
rdgon_xmas.jpg
21 9.0776 -39.4508 93.7801 0.3207 -0.9018 0.2896 0.4529 0.4285
21 -0.0107 -45.5531 97.7596 -0.0006 -0.9329 -0.3602 0.4295 0.4514
21 3.8122 -42.6785 82.8903 -0.4201 -0.8196 -0.3897 0.4354 0.3844
rdgon_xmas.jpg
21 3.8122 -42.6785 82.8903 -0.4201 -0.8196 -0.3897 0.4354 0.3844
21 -0.0107 -45.5531 97.7596 -0.0006 -0.9329 -0.3602 0.4295 0.4514
4 0.0569 -27.9257 68.4049 0.0001 -0.7087 -0.7055 0.5156 0.3139
rdgon_xmas.jpg
21 11.8989 -36.2215 75.8598 0.3498 -0.2243 -0.9096 0.4705 0.3476
21 3.8122 -42.6785 82.8903 -0.4201 -0.8196 -0.3897 0.4354 0.3844
4 0.0569 -27.9257 68.4049 0.0001 -0.7087 -0.7055 0.5156 0.3139
rdgon_xmas.jpg
4 0.0569 -27.9257 68.4049 0.0001 -0.7087 -0.7055 0.5156 0.3139
4 21.7082 -18.4717 77.2443 0.8800 -0.4149 -0.2313 0.5670 0.3538
21 11.8989 -36.2215 75.8598 0.3498 -0.2243 -0.9096 0.4705 0.3476
rdgon_xmas.jpg
3 -0.0106 32.5242 107.1215 0.0000 0.3497 0.9369 0.8599 0.5773
3 9.2558 33.7285 99.5253 0.5541 0.3485 0.7560 0.8593 0.4916
64 11.6776 63.5324 66.7224 0.8561 0.4630 0.2295 0.9955 0.4409
rdgon_xmas.jpg
64 11.6776 63.5324 66.7224 0.8561 0.4630 0.2295 0.9955 0.4409
64 -4.7343 73.8476 70.7494 -0.2992 0.7138 0.6333 0.9918 0.5403
3 -0.0106 32.5242 107.1215 0.0000 0.3497 0.9369 0.8599 0.5773
rdgon_xmas.jpg
3 9.2558 33.7285 99.5253 0.5541 0.3485 0.7560 0.8593 0.4916
3 15.9279 40.8448 91.5676 0.5181 0.7033 0.4867 0.8902 0.4352
64 11.6776 63.5324 66.7224 0.8561 0.4630 0.2295 0.9955 0.4409
rdgon_xmas.jpg
3 15.9279 40.8448 91.5676 0.5181 0.7033 0.4867 0.8902 0.4352
3 -0.0106 52.2581 70.7008 0.0000 0.8271 -0.5621 0.9514 0.3243
64 4.9029 49.3959 53.3229 0.2386 -0.3786 -0.8943 0.9954 0.3465
rdgon_xmas.jpg
64 4.9029 49.3959 53.3229 0.2386 -0.3786 -0.8943 0.9954 0.3465
64 11.6776 63.5324 66.7224 0.8561 0.4630 0.2295 0.9955 0.4409
3 15.9279 40.8448 91.5676 0.5181 0.7033 0.4867 0.8902 0.4352
rdgon_xmas.jpg
5 42.1526 36.1704 43.4642 0.6913 0.3728 -0.6190 0.8640 0.2014
5 35.3528 48.8390 64.6487 0.1473 0.9890 0.0105 0.9329 0.2970
5 50.7757 25.6346 59.6918 0.9912 -0.1167 -0.0631 0.8177 0.2647
rdgon_xmas.jpg
5 42.1526 36.1704 43.4642 0.6913 0.3728 -0.6190 0.8640 0.2014
5 31.8762 47.6512 48.8847 -0.1840 0.9829 -0.0003 0.9264 0.2258
5 35.3528 48.8390 64.6487 0.1473 0.9890 0.0105 0.9329 0.2970
rdgon_xmas.jpg
5 31.8762 47.6512 48.8847 -0.1840 0.9829 -0.0003 0.9264 0.2258
3 19.1082 38.8376 56.4559 -0.3720 0.8023 -0.4669 0.8785 0.2600
5 35.3528 48.8390 64.6487 0.1473 0.9890 0.0105 0.9329 0.2970
rdgon_xmas.jpg
5 31.8762 47.6512 48.8847 -0.1840 0.9829 -0.0003 0.9264 0.2258
5 20.2710 38.5041 42.7343 -0.9514 0.2192 -0.2163 0.8767 0.1981
3 19.1082 38.8376 56.4559 -0.3720 0.8023 -0.4669 0.8785 0.2600
rdgon_xmas.jpg
5 20.2710 38.5041 42.7343 -0.9514 0.2192 -0.2163 0.8767 0.1981
3 23.3080 7.2148 49.6962 0.4681 -0.1018 -0.8778 0.7066 0.2295
3 19.1082 38.8376 56.4559 -0.3720 0.8023 -0.4669 0.8785 0.2600
rdgon_xmas.jpg
5 20.2710 38.5041 42.7343 -0.9514 0.2192 -0.2163 0.8767 0.1981
5 23.1792 26.3288 41.3640 -0.2134 -0.4094 -0.8871 0.8105 0.1919
3 23.3080 7.2148 49.6962 0.4681 -0.1018 -0.8778 0.7066 0.2295
rdgon_xmas.jpg
5 23.1792 26.3288 41.3640 -0.2134 -0.4094 -0.8871 0.8105 0.1919
5 38.4856 8.4922 60.2145 0.5739 -0.6954 -0.4325 0.7136 0.2770
3 23.3080 7.2148 49.6962 0.4681 -0.1018 -0.8778 0.7066 0.2295
rdgon_xmas.jpg
5 23.1792 26.3288 41.3640 -0.2134 -0.4094 -0.8871 0.8105 0.1919
5 32.9438 24.2848 42.8829 0.2636 0.1320 -0.9556 0.7994 0.1987
5 38.4856 8.4922 60.2145 0.5739 -0.6954 -0.4325 0.7136 0.2770
rdgon_xmas.jpg
5 32.9438 24.2848 42.8829 0.2636 0.1320 -0.9556 0.7994 0.1987
5 50.7757 25.6346 59.6918 0.9912 -0.1167 -0.0631 0.8177 0.2647
5 38.4856 8.4922 60.2145 0.5739 -0.6954 -0.4325 0.7136 0.2770
rdgon_xmas.jpg
5 32.9438 24.2848 42.8829 0.2636 0.1320 -0.9556 0.7994 0.1987
5 42.1526 36.1704 43.4642 0.6913 0.3728 -0.6190 0.8640 0.2014
5 50.7757 25.6346 59.6918 0.9912 -0.1167 -0.0631 0.8177 0.2647
rdgon_xmas.jpg
5 50.7757 25.6346 59.6918 0.9912 -0.1167 -0.0631 0.8177 0.2647
5 33.1263 37.1824 90.1040 0.5310 0.7058 0.4689 0.8585 0.3620
5 38.3084 17.5619 93.1471 0.8453 -0.1417 0.5152 0.7640 0.3708
rdgon_xmas.jpg
5 50.7757 25.6346 59.6918 0.9912 -0.1167 -0.0631 0.8177 0.2647
5 35.3528 48.8390 64.6487 0.1473 0.9890 0.0105 0.9329 0.2970
5 33.1263 37.1824 90.1040 0.5310 0.7058 0.4689 0.8585 0.3620
rdgon_xmas.jpg
5 35.3528 48.8390 64.6487 0.1473 0.9890 0.0105 0.9329 0.2970
3 15.9279 40.8448 91.5676 0.5181 0.7033 0.4867 0.8902 0.4352
5 33.1263 37.1824 90.1040 0.5310 0.7058 0.4689 0.8585 0.3620
rdgon_xmas.jpg
5 35.3528 48.8390 64.6487 0.1473 0.9890 0.0105 0.9329 0.2970
3 19.1082 38.8376 56.4559 -0.3720 0.8023 -0.4669 0.8785 0.2600
3 15.9279 40.8448 91.5676 0.5181 0.7033 0.4867 0.8902 0.4352
rdgon_xmas.jpg
3 23.3080 7.2148 49.6962 0.4681 -0.1018 -0.8778 0.7066 0.2295
5 33.1263 4.8184 85.0231 0.8608 -0.4223 0.2842 0.7156 0.3615
4 25.0326 -4.1346 82.4202 0.9737 -0.2264 0.0264 0.6383 0.3706
rdgon_xmas.jpg
3 23.3080 7.2148 49.6962 0.4681 -0.1018 -0.8778 0.7066 0.2295
5 38.4856 8.4922 60.2145 0.5739 -0.6954 -0.4325 0.7136 0.2770
5 33.1263 4.8184 85.0231 0.8608 -0.4223 0.2842 0.7156 0.3615
rdgon_xmas.jpg
4 18.1974 9.7099 106.0065 0.8038 0.0778 0.5897 0.7137 0.4848
5 38.3084 17.5619 93.1471 0.8453 -0.1417 0.5152 0.7640 0.3708
5 33.1263 37.1824 90.1040 0.5310 0.7058 0.4689 0.8585 0.3620
rdgon_xmas.jpg
4 18.1974 9.7099 106.0065 0.8038 0.0778 0.5897 0.7137 0.4848
5 33.1263 37.1824 90.1040 0.5310 0.7058 0.4689 0.8585 0.3620
3 15.9279 40.8448 91.5676 0.5181 0.7033 0.4867 0.8902 0.4352
rdgon_xmas.jpg
4 18.1974 9.7099 106.0065 0.8038 0.0778 0.5897 0.7137 0.4848
4 25.0326 -4.1346 82.4202 0.9737 -0.2264 0.0264 0.6383 0.3706
5 33.1263 4.8184 85.0231 0.8608 -0.4223 0.2842 0.7156 0.3615
rdgon_xmas.jpg
4 18.1974 9.7099 106.0065 0.8038 0.0778 0.5897 0.7137 0.4848
5 33.1263 4.8184 85.0231 0.8608 -0.4223 0.2842 0.7156 0.3615
5 38.3084 17.5619 93.1471 0.8453 -0.1417 0.5152 0.7640 0.3708
rdgon_xmas.jpg
5 50.7757 25.6346 59.6918 0.9912 -0.1167 -0.0631 0.8177 0.2647
5 33.1263 4.8184 85.0231 0.8608 -0.4223 0.2842 0.7156 0.3615
5 38.4856 8.4922 60.2145 0.5739 -0.6954 -0.4325 0.7136 0.2770
rdgon_xmas.jpg
5 50.7757 25.6346 59.6918 0.9912 -0.1167 -0.0631 0.8177 0.2647
5 38.3084 17.5619 93.1471 0.8453 -0.1417 0.5152 0.7640 0.3708
5 33.1263 4.8184 85.0231 0.8608 -0.4223 0.2842 0.7156 0.3615
rdgon_xmas.jpg
64 -4.7343 73.8476 70.7494 -0.2992 0.7138 0.6333 0.0054 0.9149
64 11.6776 63.5324 66.7224 0.8561 0.4630 0.2295 0.0082 0.7784
64 5.0038 87.6985 35.6119 0.9495 0.2963 0.1028 0.1768 0.7809
rdgon_xmas.jpg
64 5.0038 87.6985 35.6119 0.9495 0.2963 0.1028 0.1768 0.7809
64 -6.8444 96.5525 39.1697 -0.3088 0.8268 0.4702 0.1815 0.8782
64 -4.7343 73.8476 70.7494 -0.2992 0.7138 0.6333 0.0054 0.9149
rdgon_xmas.jpg
64 11.6776 63.5324 66.7224 0.8561 0.4630 0.2295 0.0082 0.7784
64 4.9029 49.3959 53.3229 0.2386 -0.3786 -0.8943 0.0082 0.6803
64 0.4958 77.3191 27.1411 0.2964 -0.6924 -0.6578 0.1815 0.7093
rdgon_xmas.jpg
64 0.4958 77.3191 27.1411 0.2964 -0.6924 -0.6578 0.1815 0.7093
64 5.0038 87.6985 35.6119 0.9495 0.2963 0.1028 0.1768 0.7809
64 11.6776 63.5324 66.7224 0.8561 0.4630 0.2295 0.0082 0.7784
rdgon_xmas.jpg
64 -6.8444 96.5525 39.1697 -0.3088 0.8268 0.4702 0.1815 0.8782
64 5.0038 87.6985 35.6119 0.9495 0.2963 0.1028 0.1768 0.7809
65 30.8733 98.3091 20.3344 0.6187 -0.7757 0.1248 0.3440 0.8050
rdgon_xmas.jpg
65 30.8733 98.3091 20.3344 0.6187 -0.7757 0.1248 0.3440 0.8050
65 31.5684 108.8356 26.6573 0.4070 0.4888 0.7716 0.3526 0.8861
64 -6.8444 96.5525 39.1697 -0.3088 0.8268 0.4702 0.1815 0.8782
rdgon_xmas.jpg
64 5.0038 87.6985 35.6119 0.9495 0.2963 0.1028 0.1768 0.7809
64 0.4958 77.3191 27.1411 0.2964 -0.6924 -0.6578 0.1815 0.7093
65 24.5224 99.8125 10.6273 -0.2618 -0.3950 -0.8806 0.3477 0.7378
rdgon_xmas.jpg
65 24.5224 99.8125 10.6273 -0.2618 -0.3950 -0.8806 0.3477 0.7378
65 30.8733 98.3091 20.3344 0.6187 -0.7757 0.1248 0.3440 0.8050
64 5.0038 87.6985 35.6119 0.9495 0.2963 0.1028 0.1768 0.7809
rdgon_xmas.jpg
65 31.5684 108.8356 26.6573 0.4070 0.4888 0.7716 0.3526 0.8861
65 30.8733 98.3091 20.3344 0.6187 -0.7757 0.1248 0.3440 0.8050
67 61.8667 89.9242 11.4358 -0.5598 -0.8285 0.0169 0.5289 0.8407
rdgon_xmas.jpg
67 61.8667 89.9242 11.4358 -0.5598 -0.8285 0.0169 0.5289 0.8407
66 66.3106 94.1386 19.1913 -0.0362 0.0471 0.9982 0.5316 0.8986
65 31.5684 108.8356 26.6573 0.4070 0.4888 0.7716 0.3526 0.8861
rdgon_xmas.jpg
65 30.8733 98.3091 20.3344 0.6187 -0.7757 0.1248 0.3440 0.8050
65 24.5224 99.8125 10.6273 -0.2618 -0.3950 -0.8806 0.3477 0.7378
67 64.4866 93.9050 4.9876 -0.2653 0.1516 -0.9522 0.5344 0.7906
rdgon_xmas.jpg
67 64.4866 93.9050 4.9876 -0.2653 0.1516 -0.9522 0.5344 0.7906
67 61.8667 89.9242 11.4358 -0.5598 -0.8285 0.0169 0.5289 0.8407
65 30.8733 98.3091 20.3344 0.6187 -0.7757 0.1248 0.3440 0.8050
rdgon_xmas.jpg
66 66.3106 94.1386 19.1913 -0.0362 0.0471 0.9982 0.5316 0.8986
67 61.8667 89.9242 11.4358 -0.5598 -0.8285 0.0169 0.5289 0.8407
68 91.5426 66.3218 9.4494 -0.9532 -0.2168 0.2109 0.7278 0.8971
rdgon_xmas.jpg
68 91.5426 66.3218 9.4494 -0.9532 -0.2168 0.2109 0.7278 0.8971
68 97.3061 56.7627 16.4972 -0.0081 0.1835 0.9830 0.7465 0.9351
66 66.3106 94.1386 19.1913 -0.0362 0.0471 0.9982 0.5316 0.8986
rdgon_xmas.jpg
67 61.8667 89.9242 11.4358 -0.5598 -0.8285 0.0169 0.5289 0.8407
67 64.4866 93.9050 4.9876 -0.2653 0.1516 -0.9522 0.5344 0.7906
68 91.9780 73.3486 3.4627 -0.1039 0.2101 -0.9722 0.7247 0.8563
rdgon_xmas.jpg
68 91.9780 73.3486 3.4627 -0.1039 0.2101 -0.9722 0.7247 0.8563
68 91.5426 66.3218 9.4494 -0.9532 -0.2168 0.2109 0.7278 0.8971
67 61.8667 89.9242 11.4358 -0.5598 -0.8285 0.0169 0.5289 0.8407
rdgon_xmas.jpg
68 94.4619 46.4531 11.9499 -0.9754 -0.2199 -0.0175 0.8124 0.9116
68 99.8561 42.1969 17.2520 -0.7825 -0.0179 0.6224 0.8352 0.9373
68 91.5426 66.3218 9.4494 -0.9532 -0.2168 0.2109 0.7278 0.8971
rdgon_xmas.jpg
68 97.3061 56.7627 16.4972 -0.0081 0.1835 0.9830 0.7465 0.9351
68 91.5426 66.3218 9.4494 -0.9532 -0.2168 0.2109 0.7278 0.8971
68 99.8561 42.1969 17.2520 -0.7825 -0.0179 0.6224 0.8352 0.9373
rdgon_xmas.jpg
68 99.8561 42.1969 17.2520 -0.7825 -0.0179 0.6224 0.8352 0.9373
68 102.6131 39.5011 24.7878 -0.0382 0.2849 0.9578 0.8426 0.9704
68 97.3061 56.7627 16.4972 -0.0081 0.1835 0.9830 0.7465 0.9351
rdgon_xmas.jpg
68 91.5426 66.3218 9.4494 -0.9532 -0.2168 0.2109 0.7278 0.8971
68 91.9780 73.3486 3.4627 -0.1039 0.2101 -0.9722 0.7247 0.8563
68 96.3702 56.7331 -4.4285 -0.0398 -0.0185 -0.9990 0.7753 0.8369
rdgon_xmas.jpg
68 96.3702 56.7331 -4.4285 -0.0398 -0.0185 -0.9990 0.7753 0.8369
68 94.4619 46.4531 11.9499 -0.9754 -0.2199 -0.0175 0.8124 0.9116
68 91.5426 66.3218 9.4494 -0.9532 -0.2168 0.2109 0.7278 0.8971
rdgon_xmas.jpg
68 102.6131 39.5011 24.7878 -0.0382 0.2849 0.9578 0.8426 0.9704
68 99.8561 42.1969 17.2520 -0.7825 -0.0179 0.6224 0.8352 0.9373
68 114.4975 -1.3819 29.2506 0.1822 -0.7398 -0.6476 0.9864 0.9856
rdgon_xmas.jpg
68 94.4619 46.4531 11.9499 -0.9754 -0.2199 -0.0175 0.8124 0.9116
68 96.3702 56.7331 -4.4285 -0.0398 -0.0185 -0.9990 0.7753 0.8369
68 114.4975 -1.3819 29.2506 0.1822 -0.7398 -0.6476 0.9864 0.9856
rdgon_xmas.jpg
68 99.8561 42.1969 17.2520 -0.7825 -0.0179 0.6224 0.8352 0.9373
68 94.4619 46.4531 11.9499 -0.9754 -0.2199 -0.0175 0.8124 0.9116
68 93.7234 37.6852 15.0019 -0.7695 0.0833 0.6332 0.8470 0.9263
rdgon_xmas.jpg
68 94.4619 46.4531 11.9499 -0.9754 -0.2199 -0.0175 0.8124 0.9116
68 114.4975 -1.3819 29.2506 0.1822 -0.7398 -0.6476 0.9864 0.9856
68 93.7234 37.6852 15.0019 -0.7695 0.0833 0.6332 0.8470 0.9263
rdgon_xmas.jpg
68 114.4975 -1.3819 29.2506 0.1822 -0.7398 -0.6476 0.9864 0.9856
68 99.8561 42.1969 17.2520 -0.7825 -0.0179 0.6224 0.8352 0.9373
68 93.7234 37.6852 15.0019 -0.7695 0.0833 0.6332 0.8470 0.9263
rdgon_xmas.jpg
7 39.7218 33.9931 34.2149 0.9903 0.0369 0.1341 0.8522 0.1596
5 33.1174 50.8489 35.2156 0.2640 0.4731 -0.8405 0.9251 0.1663
5 31.8762 47.6512 48.8847 -0.1840 0.9829 -0.0003 0.9264 0.2258
rdgon_xmas.jpg
5 31.8762 47.6512 48.8847 -0.1840 0.9829 -0.0003 0.9264 0.2258
5 42.1526 36.1704 43.4642 0.6913 0.3728 -0.6190 0.8640 0.2014
7 39.7218 33.9931 34.2149 0.9903 0.0369 0.1341 0.8522 0.1596
rdgon_xmas.jpg
5 33.1174 50.8489 35.2156 0.2640 0.4731 -0.8405 0.9251 0.1663
5 23.1792 36.9504 32.7325 -0.5863 -0.1644 -0.7933 0.8683 0.1529
5 20.2710 38.5041 42.7343 -0.9514 0.2192 -0.2163 0.8767 0.1981
rdgon_xmas.jpg
5 20.2710 38.5041 42.7343 -0.9514 0.2192 -0.2163 0.8767 0.1981
5 31.8762 47.6512 48.8847 -0.1840 0.9829 -0.0003 0.9264 0.2258
5 33.1174 50.8489 35.2156 0.2640 0.4731 -0.8405 0.9251 0.1663
rdgon_xmas.jpg
5 23.1792 36.9504 32.7325 -0.5863 -0.1644 -0.7933 0.8683 0.1529
7 25.3280 27.7558 32.7585 -0.6294 0.5472 0.5518 0.8183 0.1530
5 23.1792 26.3288 41.3640 -0.2134 -0.4094 -0.8871 0.8105 0.1919
rdgon_xmas.jpg
5 23.1792 26.3288 41.3640 -0.2134 -0.4094 -0.8871 0.8105 0.1919
5 20.2710 38.5041 42.7343 -0.9514 0.2192 -0.2163 0.8767 0.1981
5 23.1792 36.9504 32.7325 -0.5863 -0.1644 -0.7933 0.8683 0.1529
rdgon_xmas.jpg
7 25.3280 27.7558 32.7585 -0.6294 0.5472 0.5518 0.8183 0.1530
7 33.1174 25.0619 33.9084 0.0112 -0.5432 0.8395 0.8036 0.1582
5 32.9438 24.2848 42.8829 0.2636 0.1320 -0.9556 0.7994 0.1987
rdgon_xmas.jpg
5 32.9438 24.2848 42.8829 0.2636 0.1320 -0.9556 0.7994 0.1987
5 23.1792 26.3288 41.3640 -0.2134 -0.4094 -0.8871 0.8105 0.1919
7 25.3280 27.7558 32.7585 -0.6294 0.5472 0.5518 0.8183 0.1530
rdgon_xmas.jpg
7 33.1174 25.0619 33.9084 0.0112 -0.5432 0.8395 0.8036 0.1582
7 39.7218 33.9931 34.2149 0.9903 0.0369 0.1341 0.8522 0.1596
5 42.1526 36.1704 43.4642 0.6913 0.3728 -0.6190 0.8640 0.2014
rdgon_xmas.jpg
5 42.1526 36.1704 43.4642 0.6913 0.3728 -0.6190 0.8640 0.2014
5 32.9438 24.2848 42.8829 0.2636 0.1320 -0.9556 0.7994 0.1987
7 33.1174 25.0619 33.9084 0.0112 -0.5432 0.8395 0.8036 0.1582
rdgon_xmas.jpg
7 39.7218 33.9931 34.2149 0.9903 0.0369 0.1341 0.8522 0.1596
7 38.1299 32.9769 24.5273 0.7648 0.5627 -0.3137 0.8466 0.1159
5 33.1174 50.8489 35.2156 0.2640 0.4731 -0.8405 0.9251 0.1663
rdgon_xmas.jpg
7 38.1299 32.9769 24.5273 0.7648 0.5627 -0.3137 0.8466 0.1159
7 39.7218 33.9931 34.2149 0.9903 0.0369 0.1341 0.8522 0.1596
7 39.5676 25.9016 26.1924 0.8604 -0.3547 0.3660 0.8082 0.1234
rdgon_xmas.jpg
5 33.1174 50.8489 35.2156 0.2640 0.4731 -0.8405 0.9251 0.1663
7 26.4877 32.0932 24.9375 -0.6183 0.5457 -0.5656 0.8418 0.1177
5 23.1792 36.9504 32.7325 -0.5863 -0.1644 -0.7933 0.8683 0.1529
rdgon_xmas.jpg
7 26.4877 32.0932 24.9375 -0.6183 0.5457 -0.5656 0.8418 0.1177
5 33.1174 50.8489 35.2156 0.2640 0.4731 -0.8405 0.9251 0.1663
7 38.1299 32.9769 24.5273 0.7648 0.5627 -0.3137 0.8466 0.1159
rdgon_xmas.jpg
7 26.4877 32.0932 24.9375 -0.6183 0.5457 -0.5656 0.8418 0.1177
7 26.8738 23.8475 26.0572 -0.7868 -0.5349 0.3080 0.7970 0.1228
7 25.3280 27.7558 32.7585 -0.6294 0.5472 0.5518 0.8183 0.1530
rdgon_xmas.jpg
7 25.3280 27.7558 32.7585 -0.6294 0.5472 0.5518 0.8183 0.1530
5 23.1792 36.9504 32.7325 -0.5863 -0.1644 -0.7933 0.8683 0.1529
7 26.4877 32.0932 24.9375 -0.6183 0.5457 -0.5656 0.8418 0.1177
rdgon_xmas.jpg
7 26.8738 23.8475 26.0572 -0.7868 -0.5349 0.3080 0.7970 0.1228
7 33.4185 19.6374 27.0914 0.1591 -0.7579 0.6327 0.7741 0.1275
7 33.1174 25.0619 33.9084 0.0112 -0.5432 0.8395 0.8036 0.1582
rdgon_xmas.jpg
7 33.1174 25.0619 33.9084 0.0112 -0.5432 0.8395 0.8036 0.1582
7 25.3280 27.7558 32.7585 -0.6294 0.5472 0.5518 0.8183 0.1530
7 26.8738 23.8475 26.0572 -0.7868 -0.5349 0.3080 0.7970 0.1228
rdgon_xmas.jpg
7 33.4185 19.6374 27.0914 0.1591 -0.7579 0.6327 0.7741 0.1275
7 39.5676 25.9016 26.1924 0.8604 -0.3547 0.3660 0.8082 0.1234
7 39.7218 33.9931 34.2149 0.9903 0.0369 0.1341 0.8522 0.1596
rdgon_xmas.jpg
7 39.7218 33.9931 34.2149 0.9903 0.0369 0.1341 0.8522 0.1596
7 33.1174 25.0619 33.9084 0.0112 -0.5432 0.8395 0.8036 0.1582
7 33.4185 19.6374 27.0914 0.1591 -0.7579 0.6327 0.7741 0.1275
rdgon_xmas.jpg
7 40.1938 24.3364 15.1592 0.8148 0.5761 0.0645 0.7997 0.0736
7 26.4877 32.0932 24.9375 -0.6183 0.5457 -0.5656 0.8418 0.1177
7 38.1299 32.9769 24.5273 0.7648 0.5627 -0.3137 0.8466 0.1159
rdgon_xmas.jpg
7 40.1938 24.3364 15.1592 0.8148 0.5761 0.0645 0.7997 0.0736
7 29.4231 24.9165 14.7737 -0.8187 0.3840 0.4268 0.8028 0.0718
7 26.4877 32.0932 24.9375 -0.6183 0.5457 -0.5656 0.8418 0.1177
rdgon_xmas.jpg
7 29.4231 24.9165 14.7737 -0.8187 0.3840 0.4268 0.8028 0.0718
8 27.7593 11.9963 14.9427 -0.8915 -0.0659 0.4483 0.7326 0.0726
7 26.4877 32.0932 24.9375 -0.6183 0.5457 -0.5656 0.8418 0.1177
rdgon_xmas.jpg
8 27.7593 11.9963 14.9427 -0.8915 -0.0659 0.4483 0.7326 0.0726
7 26.8738 23.8475 26.0572 -0.7868 -0.5349 0.3080 0.7970 0.1228
7 26.4877 32.0932 24.9375 -0.6183 0.5457 -0.5656 0.8418 0.1177
rdgon_xmas.jpg
8 27.7593 11.9963 14.9427 -0.8915 -0.0659 0.4483 0.7326 0.0726
7 33.4185 19.6374 27.0914 0.1591 -0.7579 0.6327 0.7741 0.1275
7 26.8738 23.8475 26.0572 -0.7868 -0.5349 0.3080 0.7970 0.1228
rdgon_xmas.jpg
8 27.7593 11.9963 14.9427 -0.8915 -0.0659 0.4483 0.7326 0.0726
8 34.9595 9.5303 16.1227 0.1769 -0.2968 0.9384 0.7192 0.0779
7 33.4185 19.6374 27.0914 0.1591 -0.7579 0.6327 0.7741 0.1275
rdgon_xmas.jpg
8 34.9595 9.5303 16.1227 0.1769 -0.2968 0.9384 0.7192 0.0779
7 39.5676 25.9016 26.1924 0.8604 -0.3547 0.3660 0.8082 0.1234
7 33.4185 19.6374 27.0914 0.1591 -0.7579 0.6327 0.7741 0.1275
rdgon_xmas.jpg
8 34.9595 9.5303 16.1227 0.1769 -0.2968 0.9384 0.7192 0.0779
8 41.3844 14.2255 13.8307 0.9093 0.0723 0.4098 0.7447 0.0676
7 39.5676 25.9016 26.1924 0.8604 -0.3547 0.3660 0.8082 0.1234
rdgon_xmas.jpg
8 41.3844 14.2255 13.8307 0.9093 0.0723 0.4098 0.7447 0.0676
7 38.1299 32.9769 24.5273 0.7648 0.5627 -0.3137 0.8466 0.1159
7 39.5676 25.9016 26.1924 0.8604 -0.3547 0.3660 0.8082 0.1234
rdgon_xmas.jpg
8 41.3844 14.2255 13.8307 0.9093 0.0723 0.4098 0.7447 0.0676
7 40.1938 24.3364 15.1592 0.8148 0.5761 0.0645 0.7997 0.0736
7 38.1299 32.9769 24.5273 0.7648 0.5627 -0.3137 0.8466 0.1159
rdgon_xmas.jpg
8 43.9396 6.4849 0.1740 0.9749 0.1052 -0.1963 0.7027 0.0059
8 40.4877 26.1689 0.1560 0.3037 0.6445 -0.7017 0.8096 0.0059
7 40.1938 24.3364 15.1592 0.8148 0.5761 0.0645 0.7997 0.0736
rdgon_xmas.jpg
7 40.1938 24.3364 15.1592 0.8148 0.5761 0.0645 0.7997 0.0736
8 41.3844 14.2255 13.8307 0.9093 0.0723 0.4098 0.7447 0.0676
8 43.9396 6.4849 0.1740 0.9749 0.1052 -0.1963 0.7027 0.0059
rdgon_xmas.jpg
8 40.4877 26.1689 0.1560 0.3037 0.6445 -0.7017 0.8096 0.0059
8 28.6641 26.2215 0.1559 -0.7925 0.6036 -0.0871 0.8099 0.0059
7 29.4231 24.9165 14.7737 -0.8187 0.3840 0.4268 0.8028 0.0718
rdgon_xmas.jpg
7 29.4231 24.9165 14.7737 -0.8187 0.3840 0.4268 0.8028 0.0718
7 40.1938 24.3364 15.1592 0.8148 0.5761 0.0645 0.7997 0.0736
8 40.4877 26.1689 0.1560 0.3037 0.6445 -0.7017 0.8096 0.0059
rdgon_xmas.jpg
8 28.6641 26.2215 0.1559 -0.7925 0.6036 -0.0871 0.8099 0.0059
8 26.4664 17.8314 0.1560 -0.8470 0.1698 -0.5037 0.7643 0.0059
7 29.4231 24.9165 14.7737 -0.8187 0.3840 0.4268 0.8028 0.0718
rdgon_xmas.jpg
8 26.4664 17.8314 0.1560 -0.8470 0.1698 -0.5037 0.7643 0.0059
8 26.4553 5.8712 0.1761 -0.7623 -0.0333 -0.6463 0.6993 0.0060
8 27.7593 11.9963 14.9427 -0.8915 -0.0659 0.4483 0.7326 0.0726
rdgon_xmas.jpg
8 27.7593 11.9963 14.9427 -0.8915 -0.0659 0.4483 0.7326 0.0726
7 29.4231 24.9165 14.7737 -0.8187 0.3840 0.4268 0.8028 0.0718
8 26.4664 17.8314 0.1560 -0.8470 0.1698 -0.5037 0.7643 0.0059
rdgon_xmas.jpg
8 41.3844 14.2255 13.8307 0.9093 0.0723 0.4098 0.7447 0.0676
8 34.9595 9.5303 16.1227 0.1769 -0.2968 0.9384 0.7192 0.0779
8 40.6707 2.6732 13.0068 -0.0706 -0.4287 0.9007 0.6819 0.0639
rdgon_xmas.jpg
8 35.2523 4.0659 0.1941 0.1972 -0.3688 -0.9084 0.6895 0.0060
8 40.6707 2.6732 13.0068 -0.0706 -0.4287 0.9007 0.6819 0.0639
8 34.9595 9.5303 16.1227 0.1769 -0.2968 0.9384 0.7192 0.0779
rdgon_xmas.jpg
8 43.9396 6.4849 0.1740 0.9749 0.1052 -0.1963 0.7027 0.0059
8 41.3844 14.2255 13.8307 0.9093 0.0723 0.4098 0.7447 0.0676
8 40.6707 2.6732 13.0068 -0.0706 -0.4287 0.9007 0.6819 0.0639
rdgon_xmas.jpg
8 35.2523 4.0659 0.1941 0.1972 -0.3688 -0.9084 0.6895 0.0060
8 43.9396 6.4849 0.1740 0.9749 0.1052 -0.1963 0.7027 0.0059
8 46.1005 -5.7706 0.1558 0.9271 0.0792 -0.3664 0.6360 0.0059
rdgon_xmas.jpg
8 46.1005 -5.7706 0.1558 0.9271 0.0792 -0.3664 0.6360 0.0059
8 37.2875 -7.0470 0.1559 -0.9044 -0.2211 -0.3648 0.6291 0.0059
8 35.2523 4.0659 0.1941 0.1972 -0.3688 -0.9084 0.6895 0.0060
rdgon_xmas.jpg
8 43.9396 6.4849 0.1740 0.9749 0.1052 -0.1963 0.7027 0.0059
8 40.6707 2.6732 13.0068 -0.0706 -0.4287 0.9007 0.6819 0.0639
8 41.8894 -6.0171 11.2997 0.5092 -0.1071 0.8540 0.6347 0.0562
rdgon_xmas.jpg
8 41.8894 -6.0171 11.2997 0.5092 -0.1071 0.8540 0.6347 0.0562
8 46.1005 -5.7706 0.1558 0.9271 0.0792 -0.3664 0.6360 0.0059
8 43.9396 6.4849 0.1740 0.9749 0.1052 -0.1963 0.7027 0.0059
rdgon_xmas.jpg
8 40.6707 2.6732 13.0068 -0.0706 -0.4287 0.9007 0.6819 0.0639
8 35.2523 4.0659 0.1941 0.1972 -0.3688 -0.9084 0.6895 0.0060
8 37.2875 -7.0470 0.1559 -0.9044 -0.2211 -0.3648 0.6291 0.0059
rdgon_xmas.jpg
8 37.2875 -7.0470 0.1559 -0.9044 -0.2211 -0.3648 0.6291 0.0059
8 41.8894 -6.0171 11.2997 0.5092 -0.1071 0.8540 0.6347 0.0562
8 40.6707 2.6732 13.0068 -0.0706 -0.4287 0.9007 0.6819 0.0639
rdgon_xmas.jpg
8 46.1005 -5.7706 0.1558 0.9271 0.0792 -0.3664 0.6360 0.0059
8 41.8894 -6.0171 11.2997 0.5092 -0.1071 0.8540 0.6347 0.0562
8 42.4441 -9.1631 10.1462 -0.2941 -0.3717 0.8805 0.6176 0.0510
rdgon_xmas.jpg
8 37.2875 -7.0470 0.1559 -0.9044 -0.2211 -0.3648 0.6291 0.0059
8 42.4441 -9.1631 10.1462 -0.2941 -0.3717 0.8805 0.6176 0.0510
8 41.8894 -6.0171 11.2997 0.5092 -0.1071 0.8540 0.6347 0.0562
rdgon_xmas.jpg
8 37.2875 -7.0470 0.1559 -0.9044 -0.2211 -0.3648 0.6291 0.0059
8 46.1005 -5.7706 0.1558 0.9271 0.0792 -0.3664 0.6360 0.0059
8 47.2623 -14.9406 0.1559 0.6186 0.0795 -0.7817 0.5862 0.0059
rdgon_xmas.jpg
8 47.2623 -14.9406 0.1559 0.6186 0.0795 -0.7817 0.5862 0.0059
8 39.4517 -16.2114 0.1559 -0.9237 -0.3013 -0.2368 0.5793 0.0059
8 37.2875 -7.0470 0.1559 -0.9044 -0.2211 -0.3648 0.6291 0.0059
rdgon_xmas.jpg
8 46.1005 -5.7706 0.1558 0.9271 0.0792 -0.3664 0.6360 0.0059
8 42.4441 -9.1631 10.1462 -0.2941 -0.3717 0.8805 0.6176 0.0510
8 43.8525 -17.1505 6.3498 0.4562 -0.5360 0.7104 0.5742 0.0338
rdgon_xmas.jpg
8 43.8525 -17.1505 6.3498 0.4562 -0.5360 0.7104 0.5742 0.0338
8 47.2623 -14.9406 0.1559 0.6186 0.0795 -0.7817 0.5862 0.0059
8 46.1005 -5.7706 0.1558 0.9271 0.0792 -0.3664 0.6360 0.0059
rdgon_xmas.jpg
8 42.4441 -9.1631 10.1462 -0.2941 -0.3717 0.8805 0.6176 0.0510
8 37.2875 -7.0470 0.1559 -0.9044 -0.2211 -0.3648 0.6291 0.0059
8 39.4517 -16.2114 0.1559 -0.9237 -0.3013 -0.2368 0.5793 0.0059
rdgon_xmas.jpg
8 39.4517 -16.2114 0.1559 -0.9237 -0.3013 -0.2368 0.5793 0.0059
8 43.8525 -17.1505 6.3498 0.4562 -0.5360 0.7104 0.5742 0.0338
8 42.4441 -9.1631 10.1462 -0.2941 -0.3717 0.8805 0.6176 0.0510
rdgon_xmas.jpg
8 39.4517 -16.2114 0.1559 -0.9237 -0.3013 -0.2368 0.5793 0.0059
8 47.2623 -14.9406 0.1559 0.6186 0.0795 -0.7817 0.5862 0.0059
8 44.7901 -22.4679 -4.7128 0.2166 -0.9242 -0.3145 0.5453 -0.0161
rdgon_xmas.jpg
8 47.2623 -14.9406 0.1559 0.6186 0.0795 -0.7817 0.5862 0.0059
8 43.8525 -17.1505 6.3498 0.4562 -0.5360 0.7104 0.5742 0.0338
8 44.7901 -22.4679 -4.7128 0.2166 -0.9242 -0.3145 0.5453 -0.0161
rdgon_xmas.jpg
8 43.8525 -17.1505 6.3498 0.4562 -0.5360 0.7104 0.5742 0.0338
8 39.4517 -16.2114 0.1559 -0.9237 -0.3013 -0.2368 0.5793 0.0059
8 44.7901 -22.4679 -4.7128 0.2166 -0.9242 -0.3145 0.5453 -0.0161
rdgon_xmas.jpg
8 34.9595 9.5303 16.1227 0.1769 -0.2968 0.9384 0.7192 0.0779
8 27.7593 11.9963 14.9427 -0.8915 -0.0659 0.4483 0.7326 0.0726
8 29.6334 2.0175 13.0472 -0.4900 -0.3702 0.7892 0.6784 0.0641
rdgon_xmas.jpg
8 35.2523 4.0659 0.1941 0.1972 -0.3688 -0.9084 0.6895 0.0060
8 34.9595 9.5303 16.1227 0.1769 -0.2968 0.9384 0.7192 0.0779
8 29.6334 2.0175 13.0472 -0.4900 -0.3702 0.7892 0.6784 0.0641
rdgon_xmas.jpg
8 26.4553 5.8712 0.1761 -0.7623 -0.0333 -0.6463 0.6993 0.0060
8 29.6334 2.0175 13.0472 -0.4900 -0.3702 0.7892 0.6784 0.0641
8 27.7593 11.9963 14.9427 -0.8915 -0.0659 0.4483 0.7326 0.0726
rdgon_xmas.jpg
8 26.4553 5.8712 0.1761 -0.7623 -0.0333 -0.6463 0.6993 0.0060
8 35.2523 4.0659 0.1941 0.1972 -0.3688 -0.9084 0.6895 0.0060
8 32.9340 -8.2642 0.3180 0.8997 -0.2525 -0.3561 0.6225 0.0066
rdgon_xmas.jpg
8 32.9340 -8.2642 0.3180 0.8997 -0.2525 -0.3561 0.6225 0.0066
8 25.1510 -6.0916 0.2999 -0.9053 0.0727 -0.4185 0.6343 0.0065
8 26.4553 5.8712 0.1761 -0.7623 -0.0333 -0.6463 0.6993 0.0060
rdgon_xmas.jpg
8 35.2523 4.0659 0.1941 0.1972 -0.3688 -0.9084 0.6895 0.0060
8 29.6334 2.0175 13.0472 -0.4900 -0.3702 0.7892 0.6784 0.0641
8 28.9033 -6.3741 11.4271 0.4124 -0.2601 0.8731 0.6328 0.0567
rdgon_xmas.jpg
8 28.9033 -6.3741 11.4271 0.4124 -0.2601 0.8731 0.6328 0.0567
8 32.9340 -8.2642 0.3180 0.8997 -0.2525 -0.3561 0.6225 0.0066
8 35.2523 4.0659 0.1941 0.1972 -0.3688 -0.9084 0.6895 0.0060
rdgon_xmas.jpg
8 29.6334 2.0175 13.0472 -0.4900 -0.3702 0.7892 0.6784 0.0641
8 26.4553 5.8712 0.1761 -0.7623 -0.0333 -0.6463 0.6993 0.0060
8 25.1510 -6.0916 0.2999 -0.9053 0.0727 -0.4185 0.6343 0.0065
rdgon_xmas.jpg
8 25.1510 -6.0916 0.2999 -0.9053 0.0727 -0.4185 0.6343 0.0065
8 28.9033 -6.3741 11.4271 0.4124 -0.2601 0.8731 0.6328 0.0567
8 29.6334 2.0175 13.0472 -0.4900 -0.3702 0.7892 0.6784 0.0641
rdgon_xmas.jpg
8 32.9340 -8.2642 0.3180 0.8997 -0.2525 -0.3561 0.6225 0.0066
8 28.9033 -6.3741 11.4271 0.4124 -0.2601 0.8731 0.6328 0.0567
8 28.3118 -9.7229 10.3069 -0.4604 -0.2106 0.8624 0.6146 0.0517
rdgon_xmas.jpg
8 25.1510 -6.0916 0.2999 -0.9053 0.0727 -0.4185 0.6343 0.0065
8 28.3118 -9.7229 10.3069 -0.4604 -0.2106 0.8624 0.6146 0.0517
8 28.9033 -6.3741 11.4271 0.4124 -0.2601 0.8731 0.6328 0.0567
rdgon_xmas.jpg
8 25.1510 -6.0916 0.2999 -0.9053 0.0727 -0.4185 0.6343 0.0065
8 32.9340 -8.2642 0.3180 0.8997 -0.2525 -0.3561 0.6225 0.0066
8 30.7582 -17.7247 0.4092 0.5759 -0.1644 -0.8008 0.5711 0.0070
rdgon_xmas.jpg
8 30.7582 -17.7247 0.4092 0.5759 -0.1644 -0.8008 0.5711 0.0070
8 23.5408 -16.6598 0.3911 -0.9680 0.0907 -0.2339 0.5769 0.0069
8 25.1510 -6.0916 0.2999 -0.9053 0.0727 -0.4185 0.6343 0.0065
rdgon_xmas.jpg
8 32.9340 -8.2642 0.3180 0.8997 -0.2525 -0.3561 0.6225 0.0066
8 28.3118 -9.7229 10.3069 -0.4604 -0.2106 0.8624 0.6146 0.0517
8 26.8834 -17.8112 6.5851 0.1798 -0.6734 0.7171 0.5706 0.0349
rdgon_xmas.jpg
8 26.8834 -17.8112 6.5851 0.1798 -0.6734 0.7171 0.5706 0.0349
8 30.7582 -17.7247 0.4092 0.5759 -0.1644 -0.8008 0.5711 0.0070
8 32.9340 -8.2642 0.3180 0.8997 -0.2525 -0.3561 0.6225 0.0066
rdgon_xmas.jpg
8 28.3118 -9.7229 10.3069 -0.4604 -0.2106 0.8624 0.6146 0.0517
8 25.1510 -6.0916 0.2999 -0.9053 0.0727 -0.4185 0.6343 0.0065
8 23.5408 -16.6598 0.3911 -0.9680 0.0907 -0.2339 0.5769 0.0069
rdgon_xmas.jpg
8 23.5408 -16.6598 0.3911 -0.9680 0.0907 -0.2339 0.5769 0.0069
8 26.8834 -17.8112 6.5851 0.1798 -0.6734 0.7171 0.5706 0.0349
8 28.3118 -9.7229 10.3069 -0.4604 -0.2106 0.8624 0.6146 0.0517
rdgon_xmas.jpg
8 23.5408 -16.6598 0.3911 -0.9680 0.0907 -0.2339 0.5769 0.0069
8 30.7582 -17.7247 0.4092 0.5759 -0.1644 -0.8008 0.5711 0.0070
8 25.0089 -22.7511 -4.4097 -0.3256 -0.9278 -0.1820 0.5437 -0.0147
rdgon_xmas.jpg
8 30.7582 -17.7247 0.4092 0.5759 -0.1644 -0.8008 0.5711 0.0070
8 26.8834 -17.8112 6.5851 0.1798 -0.6734 0.7171 0.5706 0.0349
8 25.0089 -22.7511 -4.4097 -0.3256 -0.9278 -0.1820 0.5437 -0.0147
rdgon_xmas.jpg
8 26.8834 -17.8112 6.5851 0.1798 -0.6734 0.7171 0.5706 0.0349
8 23.5408 -16.6598 0.3911 -0.9680 0.0907 -0.2339 0.5769 0.0069
8 25.0089 -22.7511 -4.4097 -0.3256 -0.9278 -0.1820 0.5437 -0.0147
rdgon_xmas.jpg
8 26.4664 17.8314 0.1560 -0.8470 0.1698 -0.5037 0.7643 0.0059
7 29.4231 24.9165 14.7737 -0.8187 0.3840 0.4268 0.8028 0.0718
8 28.6641 26.2215 0.1559 -0.7925 0.6036 -0.0871 0.8099 0.0059
rdgon_xmas.jpg
8 26.4664 17.8314 0.1560 -0.8470 0.1698 -0.5037 0.7643 0.0059
8 35.2523 4.0659 0.1941 0.1972 -0.3688 -0.9084 0.6895 0.0060
8 26.4553 5.8712 0.1761 -0.7623 -0.0333 -0.6463 0.6993 0.0060
rdgon_xmas.jpg
8 35.2523 4.0659 0.1941 0.1972 -0.3688 -0.9084 0.6895 0.0060
8 40.4877 26.1689 0.1560 0.3037 0.6445 -0.7017 0.8096 0.0059
8 43.9396 6.4849 0.1740 0.9749 0.1052 -0.1963 0.7027 0.0059
rdgon_xmas.jpg
8 26.4664 17.8314 0.1560 -0.8470 0.1698 -0.5037 0.7643 0.0059
8 40.4877 26.1689 0.1560 0.3037 0.6445 -0.7017 0.8096 0.0059
8 35.2523 4.0659 0.1941 0.1972 -0.3688 -0.9084 0.6895 0.0060
rdgon_xmas.jpg
8 28.6641 26.2215 0.1559 -0.7925 0.6036 -0.0871 0.8099 0.0059
8 40.4877 26.1689 0.1560 0.3037 0.6445 -0.7017 0.8096 0.0059
8 26.4664 17.8314 0.1560 -0.8470 0.1698 -0.5037 0.7643 0.0059
rdgon_xmas.jpg
21 15.9663 -21.1252 114.5257 0.9730 -0.2067 0.1028 0.5449 0.5086
4 18.1974 9.7099 106.0065 0.8038 0.0778 0.5897 0.7137 0.4848
21 20.5626 1.6070 113.9868 0.6284 0.7403 0.2391 0.6762 0.5197
rdgon_xmas.jpg
21 -0.0107 1.4177 123.1660 0.0000 0.5419 0.8404 0.7081 0.5916
21 20.5626 1.6070 113.9868 0.6284 0.7403 0.2391 0.6762 0.5197
4 18.1974 9.7099 106.0065 0.8038 0.0778 0.5897 0.7137 0.4848
rdgon_xmas.jpg
21 -0.0107 -24.5894 126.5404 -0.0000 -0.6172 0.7868 0.9955 0.6004
21 -23.8754 -19.9117 118.4750 -0.3133 -0.6227 -0.7170 0.9345 0.5741
21 -15.9874 -21.1252 114.5257 -0.9730 -0.2067 0.1029 0.9657 0.5828
rdgon_xmas.jpg
21 -23.8754 -19.9117 118.4750 -0.3133 -0.6227 -0.7170 0.9345 0.5741
21 -0.0107 -24.5894 126.5404 -0.0000 -0.6172 0.7868 0.9955 0.6004
21 -20.1147 -23.2909 125.2174 -0.0391 -0.9934 0.1080 0.9494 0.5983
rdgon_xmas.jpg
21 -20.5795 1.6070 113.9868 -0.6291 0.7399 0.2383 0.9475 0.4198
21 -15.9874 -21.1252 114.5257 -0.9730 -0.2067 0.1029 0.9657 0.5828
21 -23.8754 -19.9117 118.4750 -0.3133 -0.6227 -0.7170 0.9345 0.5741
rdgon_xmas.jpg
21 -20.5795 1.6070 113.9868 -0.6291 0.7399 0.2383 0.9475 0.4198
21 -18.0626 -10.5182 130.3563 0.0606 0.0765 0.9952 0.9575 0.5067
21 -0.0107 1.4177 123.1660 0.0000 0.5419 0.8404 0.9955 0.4139
rdgon_xmas.jpg
21 -18.0626 -10.5182 130.3563 0.0606 0.0765 0.9952 0.9575 0.5067
21 -20.1147 -23.2909 125.2174 -0.0391 -0.9934 0.1080 0.9494 0.5983
21 -0.0107 -24.5894 126.5404 -0.0000 -0.6172 0.7868 0.9955 0.6004
rdgon_xmas.jpg
21 -0.0107 -24.5894 126.5404 -0.0000 -0.6172 0.7868 0.9955 0.6004
21 -0.0107 1.4177 123.1660 0.0000 0.5419 0.8404 0.9955 0.4139
21 -18.0626 -10.5182 130.3563 0.0606 0.0765 0.9952 0.9575 0.5067
rdgon_xmas.jpg
24 -11.2854 -70.7526 161.6868 -0.8299 -0.3124 -0.4623 0.1663 0.5475
24 -8.5230 -74.1851 170.4979 -0.7454 0.3677 0.5561 0.1476 0.5873
23 -10.7279 -61.3871 150.5875 -0.9705 -0.1723 -0.1685 0.2539 0.5251
rdgon_xmas.jpg
23 -6.9183 -56.5572 156.2146 -0.8010 0.4196 0.4270 0.2584 0.5562
23 -10.7279 -61.3871 150.5875 -0.9705 -0.1723 -0.1685 0.2539 0.5251
24 -8.5230 -74.1851 170.4979 -0.7454 0.3677 0.5561 0.1476 0.5873
rdgon_xmas.jpg
24 -0.0106 -71.3893 154.9346 -0.0000 -0.6099 -0.7925 0.1628 0.5170
24 -11.2854 -70.7526 161.6868 -0.8299 -0.3124 -0.4623 0.1663 0.5475
23 -0.0106 -67.4842 147.2669 -0.0000 -0.7765 -0.6301 0.2320 0.4984
rdgon_xmas.jpg
23 -10.7279 -61.3871 150.5875 -0.9705 -0.1723 -0.1685 0.2539 0.5251
23 -0.0106 -67.4842 147.2669 -0.0000 -0.7765 -0.6301 0.2320 0.4984
24 -11.2854 -70.7526 161.6868 -0.8299 -0.3124 -0.4623 0.1663 0.5475
rdgon_xmas.jpg
23 -0.0107 -52.3581 162.9021 -0.0000 0.6343 0.7731 0.2563 0.6009
23 -6.9183 -56.5572 156.2146 -0.8010 0.4196 0.4270 0.2584 0.5562
24 -0.0107 -79.4175 177.1814 0.0000 0.4359 0.9000 0.1192 0.6260
rdgon_xmas.jpg
24 -8.5230 -74.1851 170.4979 -0.7454 0.3677 0.5561 0.1476 0.5873
24 -0.0107 -79.4175 177.1814 0.0000 0.4359 0.9000 0.1192 0.6260
23 -6.9183 -56.5572 156.2146 -0.8010 0.4196 0.4270 0.2584 0.5562
rdgon_xmas.jpg
3 0.0568 -5.0874 45.9189 0.0015 -0.3245 -0.9459 0.6398 0.2124
3 -18.1409 -10.9257 57.4655 -0.6594 -0.4174 -0.6253 0.6080 0.2646
3 0.0568 12.0358 42.0235 0.0011 -0.1017 -0.9948 0.7328 0.1949
rdgon_xmas.jpg
3 -23.3292 7.2148 49.6962 -0.4679 -0.1019 -0.8779 0.7066 0.2295
3 0.0568 12.0358 42.0235 0.0011 -0.1017 -0.9948 0.7328 0.1949
3 -18.1409 -10.9257 57.4655 -0.6594 -0.4174 -0.6253 0.6080 0.2646
rdgon_xmas.jpg
23 -6.9183 -56.5572 156.2146 -0.8010 0.4196 0.4270 0.2584 0.5562
22 -9.9100 -49.4685 135.7583 -0.9559 -0.2904 -0.0448 0.3518 0.5025
23 -10.7279 -61.3871 150.5875 -0.9705 -0.1723 -0.1685 0.2539 0.5251
rdgon_xmas.jpg
22 -9.9100 -49.4685 135.7583 -0.9559 -0.2904 -0.0448 0.3518 0.5025
23 -6.9183 -56.5572 156.2146 -0.8010 0.4196 0.4270 0.2584 0.5562
22 -7.2433 -40.8233 141.2034 -0.8977 0.2832 0.3376 0.3616 0.5386
rdgon_xmas.jpg
23 -10.7279 -61.3871 150.5875 -0.9705 -0.1723 -0.1685 0.2539 0.5251
22 -0.0106 -56.3207 132.7061 0.0000 -0.9151 -0.4031 0.3443 0.4736
23 -0.0106 -67.4842 147.2669 -0.0000 -0.7765 -0.6301 0.2320 0.4984
rdgon_xmas.jpg
22 -0.0106 -56.3207 132.7061 0.0000 -0.9151 -0.4031 0.3443 0.4736
23 -10.7279 -61.3871 150.5875 -0.9705 -0.1723 -0.1685 0.2539 0.5251
22 -9.9100 -49.4685 135.7583 -0.9559 -0.2904 -0.0448 0.3518 0.5025
rdgon_xmas.jpg
23 -0.0107 -52.3581 162.9021 -0.0000 0.6343 0.7731 0.2563 0.6009
22 -7.2433 -40.8233 141.2034 -0.8977 0.2832 0.3376 0.3616 0.5386
23 -6.9183 -56.5572 156.2146 -0.8010 0.4196 0.4270 0.2584 0.5562
rdgon_xmas.jpg
22 -7.2433 -40.8233 141.2034 -0.8977 0.2832 0.3376 0.3616 0.5386
23 -0.0107 -52.3581 162.9021 -0.0000 0.6343 0.7731 0.2563 0.6009
22 -0.0108 -33.9759 146.4724 -0.0000 0.7452 0.6668 0.3784 0.5961
rdgon_xmas.jpg
22 -9.9100 -49.4685 135.7583 -0.9559 -0.2904 -0.0448 0.3518 0.5025
21 -0.0107 -45.5531 97.7596 -0.0006 -0.9329 -0.3602 0.4295 0.4514
22 -0.0106 -56.3207 132.7061 0.0000 -0.9151 -0.4031 0.3443 0.4736
rdgon_xmas.jpg
21 -0.0107 -45.5531 97.7596 -0.0006 -0.9329 -0.3602 0.4295 0.4514
22 -9.9100 -49.4685 135.7583 -0.9559 -0.2904 -0.0448 0.3518 0.5025
21 -14.1460 -35.5668 105.0770 -0.9028 -0.4277 0.0449 0.4766 0.4702
rdgon_xmas.jpg
22 -7.2433 -40.8233 141.2034 -0.8977 0.2832 0.3376 0.3616 0.5386
21 -14.1460 -35.5668 105.0770 -0.9028 -0.4277 0.0449 0.4766 0.4702
22 -9.9100 -49.4685 135.7583 -0.9559 -0.2904 -0.0448 0.3518 0.5025
rdgon_xmas.jpg
21 -14.1460 -35.5668 105.0770 -0.9028 -0.4277 0.0449 0.4766 0.4702
22 -7.2433 -40.8233 141.2034 -0.8977 0.2832 0.3376 0.3616 0.5386
21 -15.9874 -21.1252 114.5257 -0.9730 -0.2067 0.1029 0.5449 0.5086
rdgon_xmas.jpg
22 -0.0108 -33.9759 146.4724 -0.0000 0.7452 0.6668 0.3784 0.5961
21 -15.9874 -21.1252 114.5257 -0.9730 -0.2067 0.1029 0.5449 0.5086
22 -7.2433 -40.8233 141.2034 -0.8977 0.2832 0.3376 0.3616 0.5386
rdgon_xmas.jpg
21 -15.9874 -21.1252 114.5257 -0.9730 -0.2067 0.1029 0.5449 0.5086
22 -0.0108 -33.9759 146.4724 -0.0000 0.7452 0.6668 0.3784 0.5961
21 -0.0107 -24.5894 126.5404 -0.0000 -0.6172 0.7868 0.5360 0.6059
rdgon_xmas.jpg
21 -15.9874 -21.1252 114.5257 -0.9730 -0.2067 0.1029 0.5449 0.5086
4 -21.7294 -18.4717 77.2443 -0.8795 -0.4155 -0.2319 0.5670 0.3538
21 -14.1460 -35.5668 105.0770 -0.9028 -0.4277 0.0449 0.4766 0.4702
rdgon_xmas.jpg
4 -21.7294 -18.4717 77.2443 -0.8795 -0.4155 -0.2319 0.5670 0.3538
21 -15.9874 -21.1252 114.5257 -0.9730 -0.2067 0.1029 0.5449 0.5086
4 -25.0537 -4.1347 82.4202 -0.9737 -0.2264 0.0264 0.6383 0.3706
rdgon_xmas.jpg
4 -21.7294 -18.4717 77.2443 -0.8795 -0.4155 -0.2319 0.5670 0.3538
3 0.0569 -22.6385 54.0268 0.0015 -0.7892 -0.6141 0.5444 0.2490
4 0.0569 -27.9257 68.4049 0.0001 -0.7087 -0.7055 0.5156 0.3139
rdgon_xmas.jpg
3 0.0569 -22.6385 54.0268 0.0015 -0.7892 -0.6141 0.5444 0.2490
4 -21.7294 -18.4717 77.2443 -0.8795 -0.4155 -0.2319 0.5670 0.3538
3 -18.1409 -10.9257 57.4655 -0.6594 -0.4174 -0.6253 0.6080 0.2646
rdgon_xmas.jpg
4 -25.0537 -4.1347 82.4202 -0.9737 -0.2264 0.0264 0.6383 0.3706
3 -18.1409 -10.9257 57.4655 -0.6594 -0.4174 -0.6253 0.6080 0.2646
4 -21.7294 -18.4717 77.2443 -0.8795 -0.4155 -0.2319 0.5670 0.3538
rdgon_xmas.jpg
3 -18.1409 -10.9257 57.4655 -0.6594 -0.4174 -0.6253 0.6080 0.2646
4 -25.0537 -4.1347 82.4202 -0.9737 -0.2264 0.0264 0.6383 0.3706
3 -23.3292 7.2148 49.6962 -0.4679 -0.1019 -0.8779 0.7066 0.2295
rdgon_xmas.jpg
3 -0.0106 52.2581 70.7008 0.0000 0.8271 -0.5621 0.9514 0.3243
3 -19.1294 38.8375 56.4559 0.3715 0.8025 -0.4668 0.8785 0.2600
3 -15.9490 40.8448 91.5676 -0.5181 0.7033 0.4868 0.8902 0.4352
rdgon_xmas.jpg
3 -19.1294 38.8375 56.4559 0.3715 0.8025 -0.4668 0.8785 0.2600
3 -0.0106 52.2581 70.7008 0.0000 0.8271 -0.5621 0.9514 0.3243
3 -0.0108 35.2394 51.8091 0.0003 0.4733 -0.8809 0.8589 0.2390
rdgon_xmas.jpg
3 -18.1409 -10.9257 57.4655 -0.6594 -0.4174 -0.6253 0.6080 0.2646
3 0.0568 -5.0874 45.9189 0.0015 -0.3245 -0.9459 0.6398 0.2124
3 0.0569 -22.6385 54.0268 0.0015 -0.7892 -0.6141 0.5444 0.2490
rdgon_xmas.jpg
3 -23.3292 7.2148 49.6962 -0.4679 -0.1019 -0.8779 0.7066 0.2295
3 -0.0108 35.2394 51.8091 0.0003 0.4733 -0.8809 0.8589 0.2390
3 0.0568 12.0358 42.0235 0.0011 -0.1017 -0.9948 0.7328 0.1949
rdgon_xmas.jpg
3 -0.0108 35.2394 51.8091 0.0003 0.4733 -0.8809 0.8589 0.2390
3 -23.3292 7.2148 49.6962 -0.4679 -0.1019 -0.8779 0.7066 0.2295
3 -19.1294 38.8375 56.4559 0.3715 0.8025 -0.4668 0.8785 0.2600
rdgon_xmas.jpg
21 -15.9874 -21.1252 114.5257 -0.9730 -0.2067 0.1029 0.5449 0.5086
4 -18.2186 9.7099 106.0065 -0.8039 0.0778 0.5897 0.7137 0.4848
4 -25.0537 -4.1347 82.4202 -0.9737 -0.2264 0.0264 0.6383 0.3706
rdgon_xmas.jpg
21 -0.0107 1.4177 123.1660 0.0000 0.5419 0.8404 0.7081 0.5916
3 -9.2769 33.7285 99.5253 -0.5541 0.3485 0.7560 0.8593 0.4916
4 -18.2186 9.7099 106.0065 -0.8039 0.0778 0.5897 0.7137 0.4848
rdgon_xmas.jpg
3 -9.2769 33.7285 99.5253 -0.5541 0.3485 0.7560 0.8593 0.4916
21 -0.0107 1.4177 123.1660 0.0000 0.5419 0.8404 0.7081 0.5916
3 -0.0106 32.5242 107.1215 0.0000 0.3497 0.9369 0.8599 0.5773
rdgon_xmas.jpg
3 -15.9490 40.8448 91.5676 -0.5181 0.7033 0.4868 0.8902 0.4352
4 -18.2186 9.7099 106.0065 -0.8039 0.0778 0.5897 0.7137 0.4848
3 -9.2769 33.7285 99.5253 -0.5541 0.3485 0.7560 0.8593 0.4916
rdgon_xmas.jpg
21 -11.9201 -36.2215 75.8599 -0.3493 -0.2240 -0.9099 0.4705 0.3476
21 -3.8334 -42.6785 82.8903 0.4183 -0.8207 -0.3893 0.4354 0.3844
21 -6.2495 -45.3990 80.3232 0.7201 -0.6922 -0.0482 0.4206 0.3728
rdgon_xmas.jpg
21 -6.2495 -45.3990 80.3232 0.7201 -0.6922 -0.0482 0.4206 0.3728
21 -13.2032 -52.2341 76.1933 -0.4100 -0.8680 -0.2801 0.3893 0.3567
21 -11.9201 -36.2215 75.8599 -0.3493 -0.2240 -0.9099 0.4705 0.3476
rdgon_xmas.jpg
21 -11.9201 -36.2215 75.8599 -0.3493 -0.2240 -0.9099 0.4705 0.3476
21 -16.0021 -42.9947 81.3360 -0.9738 -0.2269 -0.0154 0.4336 0.3774
21 -17.7689 -33.1526 88.4415 -0.9058 -0.4122 0.0980 0.4871 0.4044
rdgon_xmas.jpg
21 -11.9201 -36.2215 75.8599 -0.3493 -0.2240 -0.9099 0.4705 0.3476
21 -13.2032 -52.2341 76.1933 -0.4100 -0.8680 -0.2801 0.3893 0.3567
21 -16.0021 -42.9947 81.3360 -0.9738 -0.2269 -0.0154 0.4336 0.3774
rdgon_xmas.jpg
21 -17.7689 -33.1526 88.4415 -0.9058 -0.4122 0.0980 0.4871 0.4044
21 -11.8790 -44.8787 85.8155 -0.3340 -0.7293 0.5972 0.4234 0.3976
21 -9.0988 -39.4508 93.7801 -0.3207 -0.9018 0.2896 0.4529 0.4285
rdgon_xmas.jpg
21 -11.8790 -44.8787 85.8155 -0.3340 -0.7293 0.5972 0.4234 0.3976
21 -17.7689 -33.1526 88.4415 -0.9058 -0.4122 0.0980 0.4871 0.4044
21 -16.0021 -42.9947 81.3360 -0.9738 -0.2269 -0.0154 0.4336 0.3774
rdgon_xmas.jpg
21 -16.0021 -42.9947 81.3360 -0.9738 -0.2269 -0.0154 0.4336 0.3774
21 -13.2032 -52.2341 76.1933 -0.4100 -0.8680 -0.2801 0.3893 0.3567
21 -11.8790 -44.8787 85.8155 -0.3340 -0.7293 0.5972 0.4234 0.3976
rdgon_xmas.jpg
21 -9.0988 -39.4508 93.7801 -0.3207 -0.9018 0.2896 0.4529 0.4285
21 -6.2495 -45.3990 80.3232 0.7201 -0.6922 -0.0482 0.4206 0.3728
21 -3.8334 -42.6785 82.8903 0.4183 -0.8207 -0.3893 0.4354 0.3844
rdgon_xmas.jpg
21 -6.2495 -45.3990 80.3232 0.7201 -0.6922 -0.0482 0.4206 0.3728
21 -9.0988 -39.4508 93.7801 -0.3207 -0.9018 0.2896 0.4529 0.4285
21 -11.8790 -44.8787 85.8155 -0.3340 -0.7293 0.5972 0.4234 0.3976
rdgon_xmas.jpg
21 -11.8790 -44.8787 85.8155 -0.3340 -0.7293 0.5972 0.4234 0.3976
21 -13.2032 -52.2341 76.1933 -0.4100 -0.8680 -0.2801 0.3893 0.3567
21 -6.2495 -45.3990 80.3232 0.7201 -0.6922 -0.0482 0.4206 0.3728
rdgon_xmas.jpg
21 -14.1460 -35.5668 105.0770 -0.9028 -0.4277 0.0449 0.4766 0.4702
21 -17.7689 -33.1526 88.4415 -0.9058 -0.4122 0.0980 0.4871 0.4044
21 -9.0988 -39.4508 93.7801 -0.3207 -0.9018 0.2896 0.4529 0.4285
rdgon_xmas.jpg
21 -17.7689 -33.1526 88.4415 -0.9058 -0.4122 0.0980 0.4871 0.4044
4 -21.7294 -18.4717 77.2443 -0.8795 -0.4155 -0.2319 0.5670 0.3538
21 -11.9201 -36.2215 75.8599 -0.3493 -0.2240 -0.9099 0.4705 0.3476
rdgon_xmas.jpg
4 -21.7294 -18.4717 77.2443 -0.8795 -0.4155 -0.2319 0.5670 0.3538
21 -17.7689 -33.1526 88.4415 -0.9058 -0.4122 0.0980 0.4871 0.4044
21 -14.1460 -35.5668 105.0770 -0.9028 -0.4277 0.0449 0.4766 0.4702
rdgon_xmas.jpg
21 -14.1460 -35.5668 105.0770 -0.9028 -0.4277 0.0449 0.4766 0.4702
21 -9.0988 -39.4508 93.7801 -0.3207 -0.9018 0.2896 0.4529 0.4285
21 -0.0107 -45.5531 97.7596 -0.0006 -0.9329 -0.3602 0.4295 0.4514
rdgon_xmas.jpg
21 -9.0988 -39.4508 93.7801 -0.3207 -0.9018 0.2896 0.4529 0.4285
21 -3.8334 -42.6785 82.8903 0.4183 -0.8207 -0.3893 0.4354 0.3844
21 -0.0107 -45.5531 97.7596 -0.0006 -0.9329 -0.3602 0.4295 0.4514
rdgon_xmas.jpg
21 -3.8334 -42.6785 82.8903 0.4183 -0.8207 -0.3893 0.4354 0.3844
4 0.0569 -27.9257 68.4049 0.0001 -0.7087 -0.7055 0.5156 0.3139
21 -0.0107 -45.5531 97.7596 -0.0006 -0.9329 -0.3602 0.4295 0.4514
rdgon_xmas.jpg
21 -11.9201 -36.2215 75.8599 -0.3493 -0.2240 -0.9099 0.4705 0.3476
4 0.0569 -27.9257 68.4049 0.0001 -0.7087 -0.7055 0.5156 0.3139
21 -3.8334 -42.6785 82.8903 0.4183 -0.8207 -0.3893 0.4354 0.3844
rdgon_xmas.jpg
4 0.0569 -27.9257 68.4049 0.0001 -0.7087 -0.7055 0.5156 0.3139
21 -11.9201 -36.2215 75.8599 -0.3493 -0.2240 -0.9099 0.4705 0.3476
4 -21.7294 -18.4717 77.2443 -0.8795 -0.4155 -0.2319 0.5670 0.3538
rdgon_xmas.jpg
3 -0.0106 32.5242 107.1215 0.0000 0.3497 0.9369 0.8599 0.5773
64 -11.5134 56.7586 63.4017 -0.9963 -0.0780 -0.0357 0.9955 0.4409
3 -9.2769 33.7285 99.5253 -0.5541 0.3485 0.7560 0.8593 0.4916
rdgon_xmas.jpg
64 -11.5134 56.7586 63.4017 -0.9963 -0.0780 -0.0357 0.9955 0.4409
3 -0.0106 32.5242 107.1215 0.0000 0.3497 0.9369 0.8599 0.5773
64 -4.7343 73.8476 70.7494 -0.2992 0.7138 0.6333 0.9918 0.5403
rdgon_xmas.jpg
3 -9.2769 33.7285 99.5253 -0.5541 0.3485 0.7560 0.8593 0.4916
64 -11.5134 56.7586 63.4017 -0.9963 -0.0780 -0.0357 0.9955 0.4409
3 -15.9490 40.8448 91.5676 -0.5181 0.7033 0.4868 0.8902 0.4352
rdgon_xmas.jpg
3 -15.9490 40.8448 91.5676 -0.5181 0.7033 0.4868 0.8902 0.4352
64 4.9029 49.3959 53.3229 0.2386 -0.3786 -0.8943 0.9954 0.3465
3 -0.0106 52.2581 70.7008 0.0000 0.8271 -0.5621 0.9514 0.3243
rdgon_xmas.jpg
64 4.9029 49.3959 53.3229 0.2386 -0.3786 -0.8943 0.9954 0.3465
3 -15.9490 40.8448 91.5676 -0.5181 0.7033 0.4868 0.8902 0.4352
64 -11.5134 56.7586 63.4017 -0.9963 -0.0780 -0.0357 0.9955 0.4409
rdgon_xmas.jpg
13 -42.1737 36.1711 43.4643 -0.6914 0.3730 -0.6188 0.8640 0.2014
13 -50.7968 25.6350 59.6917 -0.9912 -0.1167 -0.0631 0.8177 0.2647
13 -35.3740 48.8393 64.6489 -0.1473 0.9890 0.0104 0.9329 0.2970
rdgon_xmas.jpg
13 -42.1737 36.1711 43.4643 -0.6914 0.3730 -0.6188 0.8640 0.2014
13 -35.3740 48.8393 64.6489 -0.1473 0.9890 0.0104 0.9329 0.2970
13 -31.8974 47.6517 48.8849 0.1839 0.9829 -0.0002 0.9264 0.2258
rdgon_xmas.jpg
13 -31.8974 47.6517 48.8849 0.1839 0.9829 -0.0002 0.9264 0.2258
13 -35.3740 48.8393 64.6489 -0.1473 0.9890 0.0104 0.9329 0.2970
3 -19.1294 38.8375 56.4559 0.3715 0.8025 -0.4668 0.8785 0.2600
rdgon_xmas.jpg
13 -31.8974 47.6517 48.8849 0.1839 0.9829 -0.0002 0.9264 0.2258
3 -19.1294 38.8375 56.4559 0.3715 0.8025 -0.4668 0.8785 0.2600
13 -20.2921 38.5047 42.7345 0.9514 0.2195 -0.2162 0.8767 0.1981
rdgon_xmas.jpg
13 -20.2921 38.5047 42.7345 0.9514 0.2195 -0.2162 0.8767 0.1981
3 -19.1294 38.8375 56.4559 0.3715 0.8025 -0.4668 0.8785 0.2600
3 -23.3292 7.2148 49.6962 -0.4679 -0.1019 -0.8779 0.7066 0.2295
rdgon_xmas.jpg
13 -20.2921 38.5047 42.7345 0.9514 0.2195 -0.2162 0.8767 0.1981
3 -23.3292 7.2148 49.6962 -0.4679 -0.1019 -0.8779 0.7066 0.2295
13 -23.2003 26.3295 41.3639 0.2136 -0.4094 -0.8870 0.8105 0.1919
rdgon_xmas.jpg
13 -23.2003 26.3295 41.3639 0.2136 -0.4094 -0.8870 0.8105 0.1919
3 -23.3292 7.2148 49.6962 -0.4679 -0.1019 -0.8779 0.7066 0.2295
13 -38.5066 8.4927 60.2143 -0.5739 -0.6954 -0.4325 0.7136 0.2770
rdgon_xmas.jpg
13 -23.2003 26.3295 41.3639 0.2136 -0.4094 -0.8870 0.8105 0.1919
13 -38.5066 8.4927 60.2143 -0.5739 -0.6954 -0.4325 0.7136 0.2770
13 -32.9649 24.2854 42.8828 -0.2637 0.1322 -0.9555 0.7994 0.1987
rdgon_xmas.jpg
13 -32.9649 24.2854 42.8828 -0.2637 0.1322 -0.9555 0.7994 0.1987
13 -38.5066 8.4927 60.2143 -0.5739 -0.6954 -0.4325 0.7136 0.2770
13 -50.7968 25.6350 59.6917 -0.9912 -0.1167 -0.0631 0.8177 0.2647
rdgon_xmas.jpg
13 -32.9649 24.2854 42.8828 -0.2637 0.1322 -0.9555 0.7994 0.1987
13 -50.7968 25.6350 59.6917 -0.9912 -0.1167 -0.0631 0.8177 0.2647
13 -42.1737 36.1711 43.4643 -0.6914 0.3730 -0.6188 0.8640 0.2014
rdgon_xmas.jpg
13 -50.7968 25.6350 59.6917 -0.9912 -0.1167 -0.0631 0.8177 0.2647
13 -38.3296 17.5619 93.1469 -0.8452 -0.1417 0.5153 0.7640 0.3708
13 -33.1475 37.1823 90.1041 -0.5310 0.7059 0.4688 0.8585 0.3620
rdgon_xmas.jpg
13 -50.7968 25.6350 59.6917 -0.9912 -0.1167 -0.0631 0.8177 0.2647
13 -33.1475 37.1823 90.1041 -0.5310 0.7059 0.4688 0.8585 0.3620
13 -35.3740 48.8393 64.6489 -0.1473 0.9890 0.0104 0.9329 0.2970
rdgon_xmas.jpg
13 -35.3740 48.8393 64.6489 -0.1473 0.9890 0.0104 0.9329 0.2970
13 -33.1475 37.1823 90.1041 -0.5310 0.7059 0.4688 0.8585 0.3620
3 -15.9490 40.8448 91.5676 -0.5181 0.7033 0.4868 0.8902 0.4352
rdgon_xmas.jpg
13 -35.3740 48.8393 64.6489 -0.1473 0.9890 0.0104 0.9329 0.2970
3 -15.9490 40.8448 91.5676 -0.5181 0.7033 0.4868 0.8902 0.4352
3 -19.1294 38.8375 56.4559 0.3715 0.8025 -0.4668 0.8785 0.2600
rdgon_xmas.jpg
3 -23.3292 7.2148 49.6962 -0.4679 -0.1019 -0.8779 0.7066 0.2295
4 -25.0537 -4.1347 82.4202 -0.9737 -0.2264 0.0264 0.6383 0.3706
13 -33.1475 4.8185 85.0227 -0.8608 -0.4222 0.2842 0.7156 0.3615
rdgon_xmas.jpg
3 -23.3292 7.2148 49.6962 -0.4679 -0.1019 -0.8779 0.7066 0.2295
13 -33.1475 4.8185 85.0227 -0.8608 -0.4222 0.2842 0.7156 0.3615
13 -38.5066 8.4927 60.2143 -0.5739 -0.6954 -0.4325 0.7136 0.2770
rdgon_xmas.jpg
4 -18.2186 9.7099 106.0065 -0.8039 0.0778 0.5897 0.7137 0.4848
13 -33.1475 37.1823 90.1041 -0.5310 0.7059 0.4688 0.8585 0.3620
13 -38.3296 17.5619 93.1469 -0.8452 -0.1417 0.5153 0.7640 0.3708
rdgon_xmas.jpg
4 -18.2186 9.7099 106.0065 -0.8039 0.0778 0.5897 0.7137 0.4848
3 -15.9490 40.8448 91.5676 -0.5181 0.7033 0.4868 0.8902 0.4352
13 -33.1475 37.1823 90.1041 -0.5310 0.7059 0.4688 0.8585 0.3620
rdgon_xmas.jpg
4 -18.2186 9.7099 106.0065 -0.8039 0.0778 0.5897 0.7137 0.4848
13 -33.1475 4.8185 85.0227 -0.8608 -0.4222 0.2842 0.7156 0.3615
4 -25.0537 -4.1347 82.4202 -0.9737 -0.2264 0.0264 0.6383 0.3706
rdgon_xmas.jpg
4 -18.2186 9.7099 106.0065 -0.8039 0.0778 0.5897 0.7137 0.4848
13 -38.3296 17.5619 93.1469 -0.8452 -0.1417 0.5153 0.7640 0.3708
13 -33.1475 4.8185 85.0227 -0.8608 -0.4222 0.2842 0.7156 0.3615
rdgon_xmas.jpg
13 -50.7968 25.6350 59.6917 -0.9912 -0.1167 -0.0631 0.8177 0.2647
13 -38.5066 8.4927 60.2143 -0.5739 -0.6954 -0.4325 0.7136 0.2770
13 -33.1475 4.8185 85.0227 -0.8608 -0.4222 0.2842 0.7156 0.3615
rdgon_xmas.jpg
13 -50.7968 25.6350 59.6917 -0.9912 -0.1167 -0.0631 0.8177 0.2647
13 -33.1475 4.8185 85.0227 -0.8608 -0.4222 0.2842 0.7156 0.3615
13 -38.3296 17.5619 93.1469 -0.8452 -0.1417 0.5153 0.7640 0.3708
rdgon_xmas.jpg
64 -4.7343 73.8476 70.7494 -0.2992 0.7138 0.6333 0.0054 0.9149
64 -10.8263 83.0747 33.3452 -0.9510 -0.2588 -0.1693 0.1768 0.7809
64 -11.5134 56.7586 63.4017 -0.9963 -0.0780 -0.0357 0.0082 0.7784
rdgon_xmas.jpg
64 -10.8263 83.0747 33.3452 -0.9510 -0.2588 -0.1693 0.1768 0.7809
64 -4.7343 73.8476 70.7494 -0.2992 0.7138 0.6333 0.0054 0.9149
64 -6.8444 96.5525 39.1697 -0.3088 0.8268 0.4702 0.1815 0.8782
rdgon_xmas.jpg
64 -11.5134 56.7586 63.4017 -0.9963 -0.0780 -0.0357 0.0082 0.7784
64 0.4958 77.3191 27.1411 0.2964 -0.6924 -0.6578 0.1815 0.7093
64 4.9029 49.3959 53.3229 0.2386 -0.3786 -0.8943 0.0082 0.6803
rdgon_xmas.jpg
64 0.4958 77.3191 27.1411 0.2964 -0.6924 -0.6578 0.1815 0.7093
64 -11.5134 56.7586 63.4017 -0.9963 -0.0780 -0.0357 0.0082 0.7784
64 -10.8263 83.0747 33.3452 -0.9510 -0.2588 -0.1693 0.1768 0.7809
rdgon_xmas.jpg
64 -6.8444 96.5525 39.1697 -0.3088 0.8268 0.4702 0.1815 0.8782
65 22.6540 108.5393 18.1886 -0.6167 0.7620 -0.1977 0.3440 0.8050
64 -10.8263 83.0747 33.3452 -0.9510 -0.2588 -0.1693 0.1768 0.7809
rdgon_xmas.jpg
65 22.6540 108.5393 18.1886 -0.6167 0.7620 -0.1977 0.3440 0.8050
64 -6.8444 96.5525 39.1697 -0.3088 0.8268 0.4702 0.1815 0.8782
65 31.5684 108.8356 26.6573 0.4070 0.4888 0.7716 0.3526 0.8861
rdgon_xmas.jpg
64 -10.8263 83.0747 33.3452 -0.9510 -0.2588 -0.1693 0.1768 0.7809
65 24.5224 99.8125 10.6273 -0.2618 -0.3950 -0.8806 0.3477 0.7378
64 0.4958 77.3191 27.1411 0.2964 -0.6924 -0.6578 0.1815 0.7093
rdgon_xmas.jpg
65 24.5224 99.8125 10.6273 -0.2618 -0.3950 -0.8806 0.3477 0.7378
64 -10.8263 83.0747 33.3452 -0.9510 -0.2588 -0.1693 0.1768 0.7809
65 22.6540 108.5393 18.1886 -0.6167 0.7620 -0.1977 0.3440 0.8050
rdgon_xmas.jpg
65 31.5684 108.8356 26.6573 0.4070 0.4888 0.7716 0.3526 0.8861
67 68.0806 97.8571 10.9670 0.6686 0.7398 -0.0758 0.5289 0.8407
65 22.6540 108.5393 18.1886 -0.6167 0.7620 -0.1977 0.3440 0.8050
rdgon_xmas.jpg
67 68.0806 97.8571 10.9670 0.6686 0.7398 -0.0758 0.5289 0.8407
65 31.5684 108.8356 26.6573 0.4070 0.4888 0.7716 0.3526 0.8861
66 66.3106 94.1386 19.1913 -0.0362 0.0471 0.9982 0.5316 0.8986
rdgon_xmas.jpg
65 22.6540 108.5393 18.1886 -0.6167 0.7620 -0.1977 0.3440 0.8050
67 64.4866 93.9050 4.9876 -0.2653 0.1516 -0.9522 0.5344 0.7906
65 24.5224 99.8125 10.6273 -0.2618 -0.3950 -0.8806 0.3477 0.7378
rdgon_xmas.jpg
67 64.4866 93.9050 4.9876 -0.2653 0.1516 -0.9522 0.5344 0.7906
65 22.6540 108.5393 18.1886 -0.6167 0.7620 -0.1977 0.3440 0.8050
67 68.0806 97.8571 10.9670 0.6686 0.7398 -0.0758 0.5289 0.8407
rdgon_xmas.jpg
66 66.3106 94.1386 19.1913 -0.0362 0.0471 0.9982 0.5316 0.8986
68 96.5507 67.7529 9.2234 0.9378 0.3236 0.1255 0.7278 0.8971
67 68.0806 97.8571 10.9670 0.6686 0.7398 -0.0758 0.5289 0.8407
rdgon_xmas.jpg
68 96.5507 67.7529 9.2234 0.9378 0.3236 0.1255 0.7278 0.8971
66 66.3106 94.1386 19.1913 -0.0362 0.0471 0.9982 0.5316 0.8986
68 97.3061 56.7627 16.4972 -0.0081 0.1835 0.9830 0.7465 0.9351
rdgon_xmas.jpg
67 68.0806 97.8571 10.9670 0.6686 0.7398 -0.0758 0.5289 0.8407
68 91.9780 73.3486 3.4627 -0.1039 0.2101 -0.9722 0.7247 0.8563
67 64.4866 93.9050 4.9876 -0.2653 0.1516 -0.9522 0.5344 0.7906
rdgon_xmas.jpg
68 91.9780 73.3486 3.4627 -0.1039 0.2101 -0.9722 0.7247 0.8563
67 68.0806 97.8571 10.9670 0.6686 0.7398 -0.0758 0.5289 0.8407
68 96.5507 67.7529 9.2234 0.9378 0.3236 0.1255 0.7278 0.8971
rdgon_xmas.jpg
68 104.7693 49.3986 11.4847 0.9392 0.3272 -0.1039 0.8124 0.9116
68 96.5507 67.7529 9.2234 0.9378 0.3236 0.1255 0.7278 0.8971
68 102.8946 43.0653 17.1149 0.7229 0.4122 0.5545 0.8352 0.9373
rdgon_xmas.jpg
68 97.3061 56.7627 16.4972 -0.0081 0.1835 0.9830 0.7465 0.9351
68 102.8946 43.0653 17.1149 0.7229 0.4122 0.5545 0.8352 0.9373
68 96.5507 67.7529 9.2234 0.9378 0.3236 0.1255 0.7278 0.8971
rdgon_xmas.jpg
68 102.8946 43.0653 17.1149 0.7229 0.4122 0.5545 0.8352 0.9373
68 97.3061 56.7627 16.4972 -0.0081 0.1835 0.9830 0.7465 0.9351
68 102.6131 39.5011 24.7878 -0.0382 0.2849 0.9578 0.8426 0.9704
rdgon_xmas.jpg
68 96.5507 67.7529 9.2234 0.9378 0.3236 0.1255 0.7278 0.8971
68 96.3702 56.7331 -4.4285 -0.0398 -0.0185 -0.9990 0.7753 0.8369
68 91.9780 73.3486 3.4627 -0.1039 0.2101 -0.9722 0.7247 0.8563
rdgon_xmas.jpg
68 96.3702 56.7331 -4.4285 -0.0398 -0.0185 -0.9990 0.7753 0.8369
68 96.5507 67.7529 9.2234 0.9378 0.3236 0.1255 0.7278 0.8971
68 104.7693 49.3986 11.4847 0.9392 0.3272 -0.1039 0.8124 0.9116
rdgon_xmas.jpg
68 102.6131 39.5011 24.7878 -0.0382 0.2849 0.9578 0.8426 0.9704
68 114.4975 -1.3819 29.2506 0.1822 -0.7398 -0.6476 0.9864 0.9856
68 102.8946 43.0653 17.1149 0.7229 0.4122 0.5545 0.8352 0.9373
rdgon_xmas.jpg
68 104.7693 49.3986 11.4847 0.9392 0.3272 -0.1039 0.8124 0.9116
68 114.4975 -1.3819 29.2506 0.1822 -0.7398 -0.6476 0.9864 0.9856
68 96.3702 56.7331 -4.4285 -0.0398 -0.0185 -0.9990 0.7753 0.8369
rdgon_xmas.jpg
68 102.8946 43.0653 17.1149 0.7229 0.4122 0.5545 0.8352 0.9373
68 110.2719 42.4142 14.2550 0.6595 0.4916 0.5687 0.8470 0.9263
68 104.7693 49.3986 11.4847 0.9392 0.3272 -0.1039 0.8124 0.9116
rdgon_xmas.jpg
68 104.7693 49.3986 11.4847 0.9392 0.3272 -0.1039 0.8124 0.9116
68 110.2719 42.4142 14.2550 0.6595 0.4916 0.5687 0.8470 0.9263
68 114.4975 -1.3819 29.2506 0.1822 -0.7398 -0.6476 0.9864 0.9856
rdgon_xmas.jpg
68 114.4975 -1.3819 29.2506 0.1822 -0.7398 -0.6476 0.9864 0.9856
68 110.2719 42.4142 14.2550 0.6595 0.4916 0.5687 0.8470 0.9263
68 102.8946 43.0653 17.1149 0.7229 0.4122 0.5545 0.8352 0.9373
rdgon_xmas.jpg
15 -39.7428 33.9933 34.2147 -0.9903 0.0368 0.1340 0.8522 0.1596
13 -31.8974 47.6517 48.8849 0.1839 0.9829 -0.0002 0.9264 0.2258
13 -33.1385 50.8496 35.2159 -0.2639 0.4733 -0.8404 0.9251 0.1663
rdgon_xmas.jpg
13 -31.8974 47.6517 48.8849 0.1839 0.9829 -0.0002 0.9264 0.2258
15 -39.7428 33.9933 34.2147 -0.9903 0.0368 0.1340 0.8522 0.1596
13 -42.1737 36.1711 43.4643 -0.6914 0.3730 -0.6188 0.8640 0.2014
rdgon_xmas.jpg
13 -33.1385 50.8496 35.2159 -0.2639 0.4733 -0.8404 0.9251 0.1663
13 -20.2921 38.5047 42.7345 0.9514 0.2195 -0.2162 0.8767 0.1981
13 -23.2002 36.9511 32.7327 0.5863 -0.1643 -0.7933 0.8683 0.1529
rdgon_xmas.jpg
13 -20.2921 38.5047 42.7345 0.9514 0.2195 -0.2162 0.8767 0.1981
13 -33.1385 50.8496 35.2159 -0.2639 0.4733 -0.8404 0.9251 0.1663
13 -31.8974 47.6517 48.8849 0.1839 0.9829 -0.0002 0.9264 0.2258
rdgon_xmas.jpg
13 -23.2002 36.9511 32.7327 0.5863 -0.1643 -0.7933 0.8683 0.1529
13 -23.2003 26.3295 41.3639 0.2136 -0.4094 -0.8870 0.8105 0.1919
15 -25.3491 27.7560 32.7584 0.6296 0.5474 0.5513 0.8183 0.1530
rdgon_xmas.jpg
13 -23.2003 26.3295 41.3639 0.2136 -0.4094 -0.8870 0.8105 0.1919
13 -23.2002 36.9511 32.7327 0.5863 -0.1643 -0.7933 0.8683 0.1529
13 -20.2921 38.5047 42.7345 0.9514 0.2195 -0.2162 0.8767 0.1981
rdgon_xmas.jpg
15 -25.3491 27.7560 32.7584 0.6296 0.5474 0.5513 0.8183 0.1530
13 -32.9649 24.2854 42.8828 -0.2637 0.1322 -0.9555 0.7994 0.1987
15 -33.1385 25.0621 33.9082 -0.0114 -0.5433 0.8395 0.8036 0.1582
rdgon_xmas.jpg
13 -32.9649 24.2854 42.8828 -0.2637 0.1322 -0.9555 0.7994 0.1987
15 -25.3491 27.7560 32.7584 0.6296 0.5474 0.5513 0.8183 0.1530
13 -23.2003 26.3295 41.3639 0.2136 -0.4094 -0.8870 0.8105 0.1919
rdgon_xmas.jpg
15 -33.1385 25.0621 33.9082 -0.0114 -0.5433 0.8395 0.8036 0.1582
13 -42.1737 36.1711 43.4643 -0.6914 0.3730 -0.6188 0.8640 0.2014
15 -39.7428 33.9933 34.2147 -0.9903 0.0368 0.1340 0.8522 0.1596
rdgon_xmas.jpg
13 -42.1737 36.1711 43.4643 -0.6914 0.3730 -0.6188 0.8640 0.2014
15 -33.1385 25.0621 33.9082 -0.0114 -0.5433 0.8395 0.8036 0.1582
13 -32.9649 24.2854 42.8828 -0.2637 0.1322 -0.9555 0.7994 0.1987
rdgon_xmas.jpg
15 -39.7428 33.9933 34.2147 -0.9903 0.0368 0.1340 0.8522 0.1596
13 -33.1385 50.8496 35.2159 -0.2639 0.4733 -0.8404 0.9251 0.1663
15 -38.1510 32.9771 24.5271 -0.7649 0.5626 -0.3138 0.8466 0.1159
rdgon_xmas.jpg
15 -38.1510 32.9771 24.5271 -0.7649 0.5626 -0.3138 0.8466 0.1159
15 -39.5886 25.9018 26.1922 -0.8604 -0.3546 0.3660 0.8082 0.1234
15 -39.7428 33.9933 34.2147 -0.9903 0.0368 0.1340 0.8522 0.1596
rdgon_xmas.jpg
13 -33.1385 50.8496 35.2159 -0.2639 0.4733 -0.8404 0.9251 0.1663
13 -23.2002 36.9511 32.7327 0.5863 -0.1643 -0.7933 0.8683 0.1529
15 -26.5088 32.0933 24.9373 0.6183 0.5456 -0.5657 0.8418 0.1177
rdgon_xmas.jpg
15 -26.5088 32.0933 24.9373 0.6183 0.5456 -0.5657 0.8418 0.1177
15 -38.1510 32.9771 24.5271 -0.7649 0.5626 -0.3138 0.8466 0.1159
13 -33.1385 50.8496 35.2159 -0.2639 0.4733 -0.8404 0.9251 0.1663
rdgon_xmas.jpg
15 -26.5088 32.0933 24.9373 0.6183 0.5456 -0.5657 0.8418 0.1177
15 -25.3491 27.7560 32.7584 0.6296 0.5474 0.5513 0.8183 0.1530
15 -26.8949 23.8477 26.0570 0.7868 -0.5349 0.3081 0.7970 0.1228
rdgon_xmas.jpg
15 -25.3491 27.7560 32.7584 0.6296 0.5474 0.5513 0.8183 0.1530
15 -26.5088 32.0933 24.9373 0.6183 0.5456 -0.5657 0.8418 0.1177
13 -23.2002 36.9511 32.7327 0.5863 -0.1643 -0.7933 0.8683 0.1529
rdgon_xmas.jpg
15 -26.8949 23.8477 26.0570 0.7868 -0.5349 0.3081 0.7970 0.1228
15 -33.1385 25.0621 33.9082 -0.0114 -0.5433 0.8395 0.8036 0.1582
15 -33.4395 19.6375 27.0914 -0.1591 -0.7578 0.6327 0.7741 0.1275
rdgon_xmas.jpg
15 -33.1385 25.0621 33.9082 -0.0114 -0.5433 0.8395 0.8036 0.1582
15 -26.8949 23.8477 26.0570 0.7868 -0.5349 0.3081 0.7970 0.1228
15 -25.3491 27.7560 32.7584 0.6296 0.5474 0.5513 0.8183 0.1530
rdgon_xmas.jpg
15 -33.4395 19.6375 27.0914 -0.1591 -0.7578 0.6327 0.7741 0.1275
15 -39.7428 33.9933 34.2147 -0.9903 0.0368 0.1340 0.8522 0.1596
15 -39.5886 25.9018 26.1922 -0.8604 -0.3546 0.3660 0.8082 0.1234
rdgon_xmas.jpg
15 -39.7428 33.9933 34.2147 -0.9903 0.0368 0.1340 0.8522 0.1596
15 -33.4395 19.6375 27.0914 -0.1591 -0.7578 0.6327 0.7741 0.1275
15 -33.1385 25.0621 33.9082 -0.0114 -0.5433 0.8395 0.8036 0.1582
rdgon_xmas.jpg
15 -40.2149 24.3366 15.1591 -0.8145 0.5766 0.0641 0.7997 0.0736
15 -38.1510 32.9771 24.5271 -0.7649 0.5626 -0.3138 0.8466 0.1159
15 -26.5088 32.0933 24.9373 0.6183 0.5456 -0.5657 0.8418 0.1177
rdgon_xmas.jpg
15 -40.2149 24.3366 15.1591 -0.8145 0.5766 0.0641 0.7997 0.0736
15 -26.5088 32.0933 24.9373 0.6183 0.5456 -0.5657 0.8418 0.1177
15 -29.4441 24.9166 14.7735 0.8185 0.3854 0.4260 0.8028 0.0718
rdgon_xmas.jpg
15 -29.4441 24.9166 14.7735 0.8185 0.3854 0.4260 0.8028 0.0718
15 -26.5088 32.0933 24.9373 0.6183 0.5456 -0.5657 0.8418 0.1177
16 -27.7804 11.9963 14.9426 0.8915 -0.0661 0.4482 0.7326 0.0726
rdgon_xmas.jpg
16 -27.7804 11.9963 14.9426 0.8915 -0.0661 0.4482 0.7326 0.0726
15 -26.5088 32.0933 24.9373 0.6183 0.5456 -0.5657 0.8418 0.1177
15 -26.8949 23.8477 26.0570 0.7868 -0.5349 0.3081 0.7970 0.1228
rdgon_xmas.jpg
16 -27.7804 11.9963 14.9426 0.8915 -0.0661 0.4482 0.7326 0.0726
15 -26.8949 23.8477 26.0570 0.7868 -0.5349 0.3081 0.7970 0.1228
15 -33.4395 19.6375 27.0914 -0.1591 -0.7578 0.6327 0.7741 0.1275
rdgon_xmas.jpg
16 -27.7804 11.9963 14.9426 0.8915 -0.0661 0.4482 0.7326 0.0726
15 -33.4395 19.6375 27.0914 -0.1591 -0.7578 0.6327 0.7741 0.1275
16 -34.9805 9.5303 16.1227 -0.1769 -0.2972 0.9383 0.7192 0.0779
rdgon_xmas.jpg
16 -34.9805 9.5303 16.1227 -0.1769 -0.2972 0.9383 0.7192 0.0779
15 -33.4395 19.6375 27.0914 -0.1591 -0.7578 0.6327 0.7741 0.1275
15 -39.5886 25.9018 26.1922 -0.8604 -0.3546 0.3660 0.8082 0.1234
rdgon_xmas.jpg
16 -34.9805 9.5303 16.1227 -0.1769 -0.2972 0.9383 0.7192 0.0779
15 -39.5886 25.9018 26.1922 -0.8604 -0.3546 0.3660 0.8082 0.1234
16 -41.4055 14.2255 13.8306 -0.9093 0.0721 0.4099 0.7447 0.0676
rdgon_xmas.jpg
16 -41.4055 14.2255 13.8306 -0.9093 0.0721 0.4099 0.7447 0.0676
15 -39.5886 25.9018 26.1922 -0.8604 -0.3546 0.3660 0.8082 0.1234
15 -38.1510 32.9771 24.5271 -0.7649 0.5626 -0.3138 0.8466 0.1159
rdgon_xmas.jpg
16 -41.4055 14.2255 13.8306 -0.9093 0.0721 0.4099 0.7447 0.0676
15 -38.1510 32.9771 24.5271 -0.7649 0.5626 -0.3138 0.8466 0.1159
15 -40.2149 24.3366 15.1591 -0.8145 0.5766 0.0641 0.7997 0.0736
rdgon_xmas.jpg
16 -43.9607 6.4848 0.1739 -0.9749 0.1052 -0.1964 0.7027 0.0059
15 -40.2149 24.3366 15.1591 -0.8145 0.5766 0.0641 0.7997 0.0736
16 -40.5088 26.1688 0.1558 -0.3035 0.6443 -0.7020 0.8096 0.0059
rdgon_xmas.jpg
15 -40.2149 24.3366 15.1591 -0.8145 0.5766 0.0641 0.7997 0.0736
16 -43.9607 6.4848 0.1739 -0.9749 0.1052 -0.1964 0.7027 0.0059
16 -41.4055 14.2255 13.8306 -0.9093 0.0721 0.4099 0.7447 0.0676
rdgon_xmas.jpg
16 -40.5088 26.1688 0.1558 -0.3035 0.6443 -0.7020 0.8096 0.0059
15 -29.4441 24.9166 14.7735 0.8185 0.3854 0.4260 0.8028 0.0718
16 -28.6852 26.2215 0.1558 0.7923 0.6037 -0.0883 0.8099 0.0059
rdgon_xmas.jpg
15 -29.4441 24.9166 14.7735 0.8185 0.3854 0.4260 0.8028 0.0718
16 -40.5088 26.1688 0.1558 -0.3035 0.6443 -0.7020 0.8096 0.0059
15 -40.2149 24.3366 15.1591 -0.8145 0.5766 0.0641 0.7997 0.0736
rdgon_xmas.jpg
16 -28.6852 26.2215 0.1558 0.7923 0.6037 -0.0883 0.8099 0.0059
15 -29.4441 24.9166 14.7735 0.8185 0.3854 0.4260 0.8028 0.0718
16 -26.4874 17.8314 0.1558 0.8469 0.1697 -0.5039 0.7643 0.0059
rdgon_xmas.jpg
16 -26.4874 17.8314 0.1558 0.8469 0.1697 -0.5039 0.7643 0.0059
16 -27.7804 11.9963 14.9426 0.8915 -0.0661 0.4482 0.7326 0.0726
16 -26.4764 5.8712 0.1761 0.7623 -0.0333 -0.6463 0.6993 0.0060
rdgon_xmas.jpg
16 -27.7804 11.9963 14.9426 0.8915 -0.0661 0.4482 0.7326 0.0726
16 -26.4874 17.8314 0.1558 0.8469 0.1697 -0.5039 0.7643 0.0059
15 -29.4441 24.9166 14.7735 0.8185 0.3854 0.4260 0.8028 0.0718
rdgon_xmas.jpg
16 -41.4055 14.2255 13.8306 -0.9093 0.0721 0.4099 0.7447 0.0676
16 -40.6917 2.6732 13.0067 0.0706 -0.4287 0.9007 0.6819 0.0639
16 -34.9805 9.5303 16.1227 -0.1769 -0.2972 0.9383 0.7192 0.0779
rdgon_xmas.jpg
16 -35.2734 4.0659 0.1941 -0.1972 -0.3688 -0.9084 0.6895 0.0060
16 -34.9805 9.5303 16.1227 -0.1769 -0.2972 0.9383 0.7192 0.0779
16 -40.6917 2.6732 13.0067 0.0706 -0.4287 0.9007 0.6819 0.0639
rdgon_xmas.jpg
16 -43.9607 6.4848 0.1739 -0.9749 0.1052 -0.1964 0.7027 0.0059
16 -40.6917 2.6732 13.0067 0.0706 -0.4287 0.9007 0.6819 0.0639
16 -41.4055 14.2255 13.8306 -0.9093 0.0721 0.4099 0.7447 0.0676
rdgon_xmas.jpg
16 -35.2734 4.0659 0.1941 -0.1972 -0.3688 -0.9084 0.6895 0.0060
16 -46.1216 -5.7706 0.1558 -0.9271 0.0792 -0.3664 0.6360 0.0059
16 -43.9607 6.4848 0.1739 -0.9749 0.1052 -0.1964 0.7027 0.0059
rdgon_xmas.jpg
16 -46.1216 -5.7706 0.1558 -0.9271 0.0792 -0.3664 0.6360 0.0059
16 -35.2734 4.0659 0.1941 -0.1972 -0.3688 -0.9084 0.6895 0.0060
16 -37.3085 -7.0470 0.1558 0.9044 -0.2211 -0.3648 0.6291 0.0059
rdgon_xmas.jpg
16 -43.9607 6.4848 0.1739 -0.9749 0.1052 -0.1964 0.7027 0.0059
16 -41.9105 -6.0170 11.2996 -0.5092 -0.1071 0.8540 0.6347 0.0562
16 -40.6917 2.6732 13.0067 0.0706 -0.4287 0.9007 0.6819 0.0639
rdgon_xmas.jpg
16 -41.9105 -6.0170 11.2996 -0.5092 -0.1071 0.8540 0.6347 0.0562
16 -43.9607 6.4848 0.1739 -0.9749 0.1052 -0.1964 0.7027 0.0059
16 -46.1216 -5.7706 0.1558 -0.9271 0.0792 -0.3664 0.6360 0.0059
rdgon_xmas.jpg
16 -40.6917 2.6732 13.0067 0.0706 -0.4287 0.9007 0.6819 0.0639
16 -37.3085 -7.0470 0.1558 0.9044 -0.2211 -0.3648 0.6291 0.0059
16 -35.2734 4.0659 0.1941 -0.1972 -0.3688 -0.9084 0.6895 0.0060
rdgon_xmas.jpg
16 -37.3085 -7.0470 0.1558 0.9044 -0.2211 -0.3648 0.6291 0.0059
16 -40.6917 2.6732 13.0067 0.0706 -0.4287 0.9007 0.6819 0.0639
16 -41.9105 -6.0170 11.2996 -0.5092 -0.1071 0.8540 0.6347 0.0562
rdgon_xmas.jpg
16 -46.1216 -5.7706 0.1558 -0.9271 0.0792 -0.3664 0.6360 0.0059
16 -42.4652 -9.1630 10.1461 0.2941 -0.3717 0.8805 0.6176 0.0510
16 -41.9105 -6.0170 11.2996 -0.5092 -0.1071 0.8540 0.6347 0.0562
rdgon_xmas.jpg
16 -37.3085 -7.0470 0.1558 0.9044 -0.2211 -0.3648 0.6291 0.0059
16 -41.9105 -6.0170 11.2996 -0.5092 -0.1071 0.8540 0.6347 0.0562
16 -42.4652 -9.1630 10.1461 0.2941 -0.3717 0.8805 0.6176 0.0510
rdgon_xmas.jpg
16 -37.3085 -7.0470 0.1558 0.9044 -0.2211 -0.3648 0.6291 0.0059
16 -47.2834 -14.9407 0.1558 -0.6186 0.0795 -0.7817 0.5862 0.0059
16 -46.1216 -5.7706 0.1558 -0.9271 0.0792 -0.3664 0.6360 0.0059
rdgon_xmas.jpg
16 -47.2834 -14.9407 0.1558 -0.6186 0.0795 -0.7817 0.5862 0.0059
16 -37.3085 -7.0470 0.1558 0.9044 -0.2211 -0.3648 0.6291 0.0059
16 -39.4728 -16.2113 0.1558 0.9237 -0.3013 -0.2368 0.5793 0.0059
rdgon_xmas.jpg
16 -46.1216 -5.7706 0.1558 -0.9271 0.0792 -0.3664 0.6360 0.0059
16 -43.8736 -17.1505 6.3497 -0.4562 -0.5360 0.7104 0.5742 0.0338
16 -42.4652 -9.1630 10.1461 0.2941 -0.3717 0.8805 0.6176 0.0510
rdgon_xmas.jpg
16 -43.8736 -17.1505 6.3497 -0.4562 -0.5360 0.7104 0.5742 0.0338
16 -46.1216 -5.7706 0.1558 -0.9271 0.0792 -0.3664 0.6360 0.0059
16 -47.2834 -14.9407 0.1558 -0.6186 0.0795 -0.7817 0.5862 0.0059
rdgon_xmas.jpg
16 -42.4652 -9.1630 10.1461 0.2941 -0.3717 0.8805 0.6176 0.0510
16 -39.4728 -16.2113 0.1558 0.9237 -0.3013 -0.2368 0.5793 0.0059
16 -37.3085 -7.0470 0.1558 0.9044 -0.2211 -0.3648 0.6291 0.0059
rdgon_xmas.jpg
16 -39.4728 -16.2113 0.1558 0.9237 -0.3013 -0.2368 0.5793 0.0059
16 -42.4652 -9.1630 10.1461 0.2941 -0.3717 0.8805 0.6176 0.0510
16 -43.8736 -17.1505 6.3497 -0.4562 -0.5360 0.7104 0.5742 0.0338
rdgon_xmas.jpg
16 -39.4728 -16.2113 0.1558 0.9237 -0.3013 -0.2368 0.5793 0.0059
16 -44.8112 -22.4679 -4.7129 -0.2166 -0.9242 -0.3145 0.5453 -0.0161
16 -47.2834 -14.9407 0.1558 -0.6186 0.0795 -0.7817 0.5862 0.0059
rdgon_xmas.jpg
16 -47.2834 -14.9407 0.1558 -0.6186 0.0795 -0.7817 0.5862 0.0059
16 -44.8112 -22.4679 -4.7129 -0.2166 -0.9242 -0.3145 0.5453 -0.0161
16 -43.8736 -17.1505 6.3497 -0.4562 -0.5360 0.7104 0.5742 0.0338
rdgon_xmas.jpg
16 -43.8736 -17.1505 6.3497 -0.4562 -0.5360 0.7104 0.5742 0.0338
16 -44.8112 -22.4679 -4.7129 -0.2166 -0.9242 -0.3145 0.5453 -0.0161
16 -39.4728 -16.2113 0.1558 0.9237 -0.3013 -0.2368 0.5793 0.0059
rdgon_xmas.jpg
16 -34.9805 9.5303 16.1227 -0.1769 -0.2972 0.9383 0.7192 0.0779
16 -29.6545 2.0176 13.0471 0.4900 -0.3702 0.7892 0.6784 0.0641
16 -27.7804 11.9963 14.9426 0.8915 -0.0661 0.4482 0.7326 0.0726
rdgon_xmas.jpg
16 -35.2734 4.0659 0.1941 -0.1972 -0.3688 -0.9084 0.6895 0.0060
16 -29.6545 2.0176 13.0471 0.4900 -0.3702 0.7892 0.6784 0.0641
16 -34.9805 9.5303 16.1227 -0.1769 -0.2972 0.9383 0.7192 0.0779
rdgon_xmas.jpg
16 -26.4764 5.8712 0.1761 0.7623 -0.0333 -0.6463 0.6993 0.0060
16 -27.7804 11.9963 14.9426 0.8915 -0.0661 0.4482 0.7326 0.0726
16 -29.6545 2.0176 13.0471 0.4900 -0.3702 0.7892 0.6784 0.0641
rdgon_xmas.jpg
16 -26.4764 5.8712 0.1761 0.7623 -0.0333 -0.6463 0.6993 0.0060
16 -32.9551 -8.2642 0.3180 -0.8997 -0.2525 -0.3561 0.6225 0.0066
16 -35.2734 4.0659 0.1941 -0.1972 -0.3688 -0.9084 0.6895 0.0060
rdgon_xmas.jpg
16 -32.9551 -8.2642 0.3180 -0.8997 -0.2525 -0.3561 0.6225 0.0066
16 -26.4764 5.8712 0.1761 0.7623 -0.0333 -0.6463 0.6993 0.0060
16 -25.1721 -6.0915 0.2998 0.9053 0.0727 -0.4185 0.6343 0.0065
rdgon_xmas.jpg
16 -35.2734 4.0659 0.1941 -0.1972 -0.3688 -0.9084 0.6895 0.0060
16 -28.9244 -6.3741 11.4271 -0.4124 -0.2601 0.8731 0.6328 0.0567
16 -29.6545 2.0176 13.0471 0.4900 -0.3702 0.7892 0.6784 0.0641
rdgon_xmas.jpg
16 -28.9244 -6.3741 11.4271 -0.4124 -0.2601 0.8731 0.6328 0.0567
16 -35.2734 4.0659 0.1941 -0.1972 -0.3688 -0.9084 0.6895 0.0060
16 -32.9551 -8.2642 0.3180 -0.8997 -0.2525 -0.3561 0.6225 0.0066
rdgon_xmas.jpg
16 -29.6545 2.0176 13.0471 0.4900 -0.3702 0.7892 0.6784 0.0641
16 -25.1721 -6.0915 0.2998 0.9053 0.0727 -0.4185 0.6343 0.0065
16 -26.4764 5.8712 0.1761 0.7623 -0.0333 -0.6463 0.6993 0.0060
rdgon_xmas.jpg
16 -25.1721 -6.0915 0.2998 0.9053 0.0727 -0.4185 0.6343 0.0065
16 -29.6545 2.0176 13.0471 0.4900 -0.3702 0.7892 0.6784 0.0641
16 -28.9244 -6.3741 11.4271 -0.4124 -0.2601 0.8731 0.6328 0.0567
rdgon_xmas.jpg
16 -32.9551 -8.2642 0.3180 -0.8997 -0.2525 -0.3561 0.6225 0.0066
16 -28.3329 -9.7229 10.3068 0.4604 -0.2106 0.8624 0.6146 0.0517
16 -28.9244 -6.3741 11.4271 -0.4124 -0.2601 0.8731 0.6328 0.0567
rdgon_xmas.jpg
16 -25.1721 -6.0915 0.2998 0.9053 0.0727 -0.4185 0.6343 0.0065
16 -28.9244 -6.3741 11.4271 -0.4124 -0.2601 0.8731 0.6328 0.0567
16 -28.3329 -9.7229 10.3068 0.4604 -0.2106 0.8624 0.6146 0.0517
rdgon_xmas.jpg
16 -25.1721 -6.0915 0.2998 0.9053 0.0727 -0.4185 0.6343 0.0065
16 -30.7793 -17.7247 0.4091 -0.5759 -0.1644 -0.8008 0.5711 0.0070
16 -32.9551 -8.2642 0.3180 -0.8997 -0.2525 -0.3561 0.6225 0.0066
rdgon_xmas.jpg
16 -30.7793 -17.7247 0.4091 -0.5759 -0.1644 -0.8008 0.5711 0.0070
16 -25.1721 -6.0915 0.2998 0.9053 0.0727 -0.4185 0.6343 0.0065
16 -23.5619 -16.6599 0.3910 0.9680 0.0907 -0.2339 0.5769 0.0069
rdgon_xmas.jpg
16 -32.9551 -8.2642 0.3180 -0.8997 -0.2525 -0.3561 0.6225 0.0066
16 -26.9045 -17.8111 6.5850 -0.1798 -0.6734 0.7171 0.5706 0.0349
16 -28.3329 -9.7229 10.3068 0.4604 -0.2106 0.8624 0.6146 0.0517
rdgon_xmas.jpg
16 -26.9045 -17.8111 6.5850 -0.1798 -0.6734 0.7171 0.5706 0.0349
16 -32.9551 -8.2642 0.3180 -0.8997 -0.2525 -0.3561 0.6225 0.0066
16 -30.7793 -17.7247 0.4091 -0.5759 -0.1644 -0.8008 0.5711 0.0070
rdgon_xmas.jpg
16 -28.3329 -9.7229 10.3068 0.4604 -0.2106 0.8624 0.6146 0.0517
16 -23.5619 -16.6599 0.3910 0.9680 0.0907 -0.2339 0.5769 0.0069
16 -25.1721 -6.0915 0.2998 0.9053 0.0727 -0.4185 0.6343 0.0065
rdgon_xmas.jpg
16 -23.5619 -16.6599 0.3910 0.9680 0.0907 -0.2339 0.5769 0.0069
16 -28.3329 -9.7229 10.3068 0.4604 -0.2106 0.8624 0.6146 0.0517
16 -26.9045 -17.8111 6.5850 -0.1798 -0.6734 0.7171 0.5706 0.0349
rdgon_xmas.jpg
16 -23.5619 -16.6599 0.3910 0.9680 0.0907 -0.2339 0.5769 0.0069
16 -25.0300 -22.7512 -4.4098 0.3256 -0.9278 -0.1820 0.5437 -0.0147
16 -30.7793 -17.7247 0.4091 -0.5759 -0.1644 -0.8008 0.5711 0.0070
rdgon_xmas.jpg
16 -30.7793 -17.7247 0.4091 -0.5759 -0.1644 -0.8008 0.5711 0.0070
16 -25.0300 -22.7512 -4.4098 0.3256 -0.9278 -0.1820 0.5437 -0.0147
16 -26.9045 -17.8111 6.5850 -0.1798 -0.6734 0.7171 0.5706 0.0349
rdgon_xmas.jpg
16 -26.9045 -17.8111 6.5850 -0.1798 -0.6734 0.7171 0.5706 0.0349
16 -25.0300 -22.7512 -4.4098 0.3256 -0.9278 -0.1820 0.5437 -0.0147
16 -23.5619 -16.6599 0.3910 0.9680 0.0907 -0.2339 0.5769 0.0069
rdgon_xmas.jpg
16 -26.4874 17.8314 0.1558 0.8469 0.1697 -0.5039 0.7643 0.0059
16 -28.6852 26.2215 0.1558 0.7923 0.6037 -0.0883 0.8099 0.0059
15 -29.4441 24.9166 14.7735 0.8185 0.3854 0.4260 0.8028 0.0718
rdgon_xmas.jpg
16 -26.4874 17.8314 0.1558 0.8469 0.1697 -0.5039 0.7643 0.0059
16 -26.4764 5.8712 0.1761 0.7623 -0.0333 -0.6463 0.6993 0.0060
16 -35.2734 4.0659 0.1941 -0.1972 -0.3688 -0.9084 0.6895 0.0060
rdgon_xmas.jpg
16 -35.2734 4.0659 0.1941 -0.1972 -0.3688 -0.9084 0.6895 0.0060
16 -43.9607 6.4848 0.1739 -0.9749 0.1052 -0.1964 0.7027 0.0059
16 -40.5088 26.1688 0.1558 -0.3035 0.6443 -0.7020 0.8096 0.0059
rdgon_xmas.jpg
16 -26.4874 17.8314 0.1558 0.8469 0.1697 -0.5039 0.7643 0.0059
16 -35.2734 4.0659 0.1941 -0.1972 -0.3688 -0.9084 0.6895 0.0060
16 -40.5088 26.1688 0.1558 -0.3035 0.6443 -0.7020 0.8096 0.0059
rdgon_xmas.jpg
16 -28.6852 26.2215 0.1558 0.7923 0.6037 -0.0883 0.8099 0.0059
16 -26.4874 17.8314 0.1558 0.8469 0.1697 -0.5039 0.7643 0.0059
16 -40.5088 26.1688 0.1558 -0.3035 0.6443 -0.7020 0.8096 0.0059
rdgon_xmas.jpg
21 -15.9874 -21.1252 114.5257 -0.9730 -0.2067 0.1029 0.5449 0.5086
21 -20.5795 1.6070 113.9868 -0.6291 0.7399 0.2383 0.6762 0.5197
4 -18.2186 9.7099 106.0065 -0.8039 0.0778 0.5897 0.7137 0.4848
rdgon_xmas.jpg
21 -0.0107 1.4177 123.1660 0.0000 0.5419 0.8404 0.7081 0.5916
4 -18.2186 9.7099 106.0065 -0.8039 0.0778 0.5897 0.7137 0.4848
21 -20.5795 1.6070 113.9868 -0.6291 0.7399 0.2383 0.6762 0.5197
rdgon_xmas.jpg
24 -0.0457 -67.8253 162.3371 0.0000 0.9967 -0.0813 0.9514 0.7165
24 7.7670 -66.0461 169.3804 0.1771 0.8618 -0.4754 0.9817 0.7883
24 7.7670 -72.7202 156.1547 0.7484 0.4217 -0.5118 0.8987 0.6970
rdgon_xmas.jpg
24 -0.0457 -67.8253 162.3371 0.0000 0.9967 -0.0813 0.9514 0.7165
24 7.7670 -72.7202 156.1547 0.7484 0.4217 -0.5118 0.8987 0.6970
24 -0.0457 -62.1980 151.3364 0.0000 0.7969 -0.6041 0.9682 0.6634
rdgon_xmas.jpg
24 7.7670 -72.7202 156.1547 0.7484 0.4217 -0.5118 0.8987 0.6970
24 10.6754 -78.0076 159.6176 0.8838 -0.0343 -0.4666 0.8577 0.7238
24 7.4190 -90.9170 156.6570 0.8730 -0.3582 -0.3310 0.7792 0.6988
rdgon_xmas.jpg
24 7.7670 -72.7202 156.1547 0.7484 0.4217 -0.5118 0.8987 0.6970
24 7.7670 -66.0461 169.3804 0.1771 0.8618 -0.4754 0.9817 0.7883
24 11.1952 -69.1764 170.2761 0.9119 0.4098 0.0232 0.9228 0.7781
rdgon_xmas.jpg
24 -0.0457 -62.1980 151.3364 0.0000 0.7969 -0.6041 0.9682 0.6634
24 7.7670 -72.7202 156.1547 0.7484 0.4217 -0.5118 0.8987 0.6970
24 -0.0458 -96.2052 150.7889 0.0000 0.3172 -0.9484 0.7470 0.6603
rdgon_xmas.jpg
24 -0.0458 -96.2052 150.7889 0.0000 0.3172 -0.9484 0.7470 0.6603
24 7.7670 -72.7202 156.1547 0.7484 0.4217 -0.5118 0.8987 0.6970
24 7.4190 -90.9170 156.6570 0.8730 -0.3582 -0.3310 0.7792 0.6988
rdgon_xmas.jpg
24 7.4190 -90.9170 156.6570 0.8730 -0.3582 -0.3310 0.7792 0.6988
24 5.4009 -103.1173 165.7188 0.7869 -0.4874 0.3784 0.6966 0.7505
24 4.5748 -105.3439 158.7389 0.7107 -0.3998 -0.5789 0.6876 0.7142
rdgon_xmas.jpg
24 7.4190 -90.9170 156.6570 0.8730 -0.3582 -0.3310 0.7792 0.6988
24 7.9791 -91.8316 171.4680 0.6775 -0.5143 0.5257 0.7744 0.7795
24 5.4009 -103.1173 165.7188 0.7869 -0.4874 0.3784 0.6966 0.7505
rdgon_xmas.jpg
24 7.9791 -91.8316 171.4680 0.6775 -0.5143 0.5257 0.7744 0.7795
24 -0.0458 -89.6807 176.5296 -0.0000 -0.5043 0.8635 0.7774 0.8222
24 5.4009 -103.1173 165.7188 0.7869 -0.4874 0.3784 0.6966 0.7505
rdgon_xmas.jpg
24 7.9791 -91.8316 171.4680 0.6775 -0.5143 0.5257 0.7744 0.7795
24 -0.0458 -74.1743 183.6708 -0.0000 -0.2716 0.9624 0.8870 0.8759
24 -0.0458 -89.6807 176.5296 -0.0000 -0.5043 0.8635 0.7774 0.8222
rdgon_xmas.jpg
24 -0.0458 -110.2133 162.5770 -0.0000 -0.9413 0.3375 0.6384 0.7465
24 4.5748 -105.3439 158.7389 0.7107 -0.3998 -0.5789 0.6876 0.7142
24 5.4009 -103.1173 165.7188 0.7869 -0.4874 0.3784 0.6966 0.7505
rdgon_xmas.jpg
24 -0.0458 -110.2133 162.5770 -0.0000 -0.9413 0.3375 0.6384 0.7465
24 5.4009 -103.1173 165.7188 0.7869 -0.4874 0.3784 0.6966 0.7505
24 -0.0458 -89.6807 176.5296 -0.0000 -0.5043 0.8635 0.7774 0.8222
rdgon_xmas.jpg
24 -0.0458 -110.2133 162.5770 -0.0000 -0.9413 0.3375 0.6384 0.7465
24 -0.0458 -108.1116 155.3247 -0.0000 -0.3749 -0.9271 0.6674 0.6911
24 4.5748 -105.3439 158.7389 0.7107 -0.3998 -0.5789 0.6876 0.7142
rdgon_xmas.jpg
24 7.4190 -90.9170 156.6570 0.8730 -0.3582 -0.3310 0.7792 0.6988
24 10.6754 -78.0076 159.6176 0.8838 -0.0343 -0.4666 0.8577 0.7238
24 11.2429 -89.8931 165.9721 0.9155 -0.3969 0.0656 0.7991 0.7399
rdgon_xmas.jpg
24 11.1952 -69.1764 170.2761 0.9119 0.4098 0.0232 0.9228 0.7781
24 16.2276 -48.2842 186.9485 0.6422 0.6775 0.3586 0.9982 0.9070
24 7.7265 -78.5286 177.2049 0.6772 -0.2157 0.7035 0.8906 0.8239
rdgon_xmas.jpg
24 16.2276 -48.2842 186.9485 0.6422 0.6775 0.3586 0.9982 0.9070
24 11.1952 -69.1764 170.2761 0.9119 0.4098 0.0232 0.9228 0.7781
24 7.7670 -66.0461 169.3804 0.1771 0.8618 -0.4754 0.9817 0.7883
rdgon_xmas.jpg
24 7.7265 -78.5286 177.2049 0.6772 -0.2157 0.7035 0.8906 0.8239
24 -0.0458 -74.1743 183.6708 -0.0000 -0.2716 0.9624 0.8870 0.8759
24 9.3396 -85.7955 173.3795 0.6678 -0.3338 0.6652 0.8224 0.7852
rdgon_xmas.jpg
24 7.9791 -91.8316 171.4680 0.6775 -0.5143 0.5257 0.7744 0.7795
24 9.3396 -85.7955 173.3795 0.6678 -0.3338 0.6652 0.8224 0.7852
24 -0.0458 -74.1743 183.6708 -0.0000 -0.2716 0.9624 0.8870 0.8759
rdgon_xmas.jpg
24 7.7670 -72.7202 156.1547 0.7484 0.4217 -0.5118 0.8987 0.6970
24 11.1952 -69.1764 170.2761 0.9119 0.4098 0.0232 0.9228 0.7781
24 14.7210 -74.7779 168.9842 0.9890 0.1455 -0.0283 0.8864 0.7596
rdgon_xmas.jpg
24 14.7210 -74.7779 168.9842 0.9890 0.1455 -0.0283 0.8864 0.7596
24 10.6754 -78.0076 159.6176 0.8838 -0.0343 -0.4666 0.8577 0.7238
24 7.7670 -72.7202 156.1547 0.7484 0.4217 -0.5118 0.8987 0.6970
rdgon_xmas.jpg
24 11.1952 -69.1764 170.2761 0.9119 0.4098 0.0232 0.9228 0.7781
24 7.7265 -78.5286 177.2049 0.6772 -0.2157 0.7035 0.8906 0.8239
24 11.3599 -79.2313 174.3694 0.7790 -0.0646 0.6237 0.8662 0.7876
rdgon_xmas.jpg
24 11.3599 -79.2313 174.3694 0.7790 -0.0646 0.6237 0.8662 0.7876
24 14.7210 -74.7779 168.9842 0.9890 0.1455 -0.0283 0.8864 0.7596
24 11.1952 -69.1764 170.2761 0.9119 0.4098 0.0232 0.9228 0.7781
rdgon_xmas.jpg
24 9.3396 -85.7955 173.3795 0.6678 -0.3338 0.6652 0.8224 0.7852
24 11.3599 -79.2313 174.3694 0.7790 -0.0646 0.6237 0.8662 0.7876
24 7.7265 -78.5286 177.2049 0.6772 -0.2157 0.7035 0.8906 0.8239
rdgon_xmas.jpg
24 11.2429 -89.8931 165.9721 0.9155 -0.3969 0.0656 0.7991 0.7399
24 7.9791 -91.8316 171.4680 0.6775 -0.5143 0.5257 0.7744 0.7795
24 7.4190 -90.9170 156.6570 0.8730 -0.3582 -0.3310 0.7792 0.6988
rdgon_xmas.jpg
24 7.9791 -91.8316 171.4680 0.6775 -0.5143 0.5257 0.7744 0.7795
24 11.2429 -89.8931 165.9721 0.9155 -0.3969 0.0656 0.7991 0.7399
24 9.3396 -85.7955 173.3795 0.6678 -0.3338 0.6652 0.8224 0.7852
rdgon_xmas.jpg
24 14.7210 -74.7779 168.9842 0.9890 0.1455 -0.0283 0.8864 0.7596
24 11.3599 -79.2313 174.3694 0.7790 -0.0646 0.6237 0.8662 0.7876
24 11.2429 -89.8931 165.9721 0.9155 -0.3969 0.0656 0.7991 0.7399
rdgon_xmas.jpg
24 11.2429 -89.8931 165.9721 0.9155 -0.3969 0.0656 0.7991 0.7399
24 11.3599 -79.2313 174.3694 0.7790 -0.0646 0.6237 0.8662 0.7876
24 9.3396 -85.7955 173.3795 0.6678 -0.3338 0.6652 0.8224 0.7852
rdgon_xmas.jpg
24 10.6754 -78.0076 159.6176 0.8838 -0.0343 -0.4666 0.8577 0.7238
24 14.7210 -74.7779 168.9842 0.9890 0.1455 -0.0283 0.8864 0.7596
24 11.2429 -89.8931 165.9721 0.9155 -0.3969 0.0656 0.7991 0.7399
rdgon_xmas.jpg
24 7.7670 -66.0461 169.3804 0.1771 0.8618 -0.4754 0.9817 0.7883
24 -0.0457 -67.8253 162.3371 0.0000 0.9967 -0.0813 0.9514 0.7165
24 -0.0457 -66.0918 179.5826 0.0000 0.9979 0.0653 0.9374 0.8290
rdgon_xmas.jpg
24 -0.0457 -66.0918 179.5826 0.0000 0.9979 0.0653 0.9374 0.8290
24 16.2276 -48.2842 186.9485 0.6422 0.6775 0.3586 0.9982 0.9070
24 7.7670 -66.0461 169.3804 0.1771 0.8618 -0.4754 0.9817 0.7883
rdgon_xmas.jpg
24 -0.0458 -74.1743 183.6708 -0.0000 -0.2716 0.9624 0.8870 0.8759
24 7.7265 -78.5286 177.2049 0.6772 -0.2157 0.7035 0.8906 0.8239
24 16.2276 -48.2842 186.9485 0.6422 0.6775 0.3586 0.9982 0.9070
rdgon_xmas.jpg
24 16.2276 -48.2842 186.9485 0.6422 0.6775 0.3586 0.9982 0.9070
24 -0.0457 -66.0918 179.5826 0.0000 0.9979 0.0653 0.9374 0.8290
24 -0.0458 -74.1743 183.6708 -0.0000 -0.2716 0.9624 0.8870 0.8759
rdgon_xmas.jpg
24 -0.0458 -99.3818 146.1092 0.0000 0.2151 -0.9766 0.7275 0.6429
24 5.9458 -99.5905 152.7276 0.8115 -0.0332 -0.5834 0.7250 0.6715
24 -0.0458 -102.6667 148.5914 -0.0000 -0.5126 -0.8586 0.7050 0.6475
rdgon_xmas.jpg
24 -0.0458 -107.4650 150.4093 -0.0000 -0.6062 -0.7953 0.6716 0.6624
24 -0.0458 -102.6667 148.5914 -0.0000 -0.5126 -0.8586 0.7050 0.6475
24 3.1654 -107.4297 154.9113 0.7228 -0.5420 0.4288 0.6719 0.6887
rdgon_xmas.jpg
24 -0.0458 -96.2052 150.7889 0.0000 0.3172 -0.9484 0.7470 0.6603
24 7.4190 -90.9170 156.6570 0.8730 -0.3582 -0.3310 0.7792 0.6988
24 5.9458 -99.5905 152.7276 0.8115 -0.0332 -0.5834 0.7250 0.6715
rdgon_xmas.jpg
24 5.9458 -99.5905 152.7276 0.8115 -0.0332 -0.5834 0.7250 0.6715
24 -0.0458 -99.3818 146.1092 0.0000 0.2151 -0.9766 0.7275 0.6429
24 -0.0458 -96.2052 150.7889 0.0000 0.3172 -0.9484 0.7470 0.6603
rdgon_xmas.jpg
24 5.9458 -99.5905 152.7276 0.8115 -0.0332 -0.5834 0.7250 0.6715
24 3.1654 -107.4297 154.9113 0.7228 -0.5420 0.4288 0.6719 0.6887
24 -0.0458 -102.6667 148.5914 -0.0000 -0.5126 -0.8586 0.7050 0.6475
rdgon_xmas.jpg
24 3.1654 -107.4297 154.9113 0.7228 -0.5420 0.4288 0.6719 0.6887
24 5.9458 -99.5905 152.7276 0.8115 -0.0332 -0.5834 0.7250 0.6715
24 7.4190 -90.9170 156.6570 0.8730 -0.3582 -0.3310 0.7792 0.6988
rdgon_xmas.jpg
24 3.1654 -107.4297 154.9113 0.7228 -0.5420 0.4288 0.6719 0.6887
24 -0.0458 -109.7301 153.1780 -0.0000 -0.8763 0.4818 0.6569 0.6786
24 -0.0458 -107.4650 150.4093 -0.0000 -0.6062 -0.7953 0.6716 0.6624
rdgon_xmas.jpg
24 3.1654 -107.4297 154.9113 0.7228 -0.5420 0.4288 0.6719 0.6887
24 7.4190 -90.9170 156.6570 0.8730 -0.3582 -0.3310 0.7792 0.6988
24 -0.0458 -95.5444 155.2910 -0.0000 -0.4060 0.9139 0.7452 0.7026
rdgon_xmas.jpg
24 -0.0458 -95.5444 155.2910 -0.0000 -0.4060 0.9139 0.7452 0.7026
24 -0.0458 -103.5717 154.7352 -0.0000 -0.1556 0.9878 0.6969 0.6876
24 3.1654 -107.4297 154.9113 0.7228 -0.5420 0.4288 0.6719 0.6887
rdgon_xmas.jpg
24 -0.0458 -109.7301 153.1780 -0.0000 -0.8763 0.4818 0.6569 0.6786
24 3.1654 -107.4297 154.9113 0.7228 -0.5420 0.4288 0.6719 0.6887
24 -0.0458 -103.5717 154.7352 -0.0000 -0.1556 0.9878 0.6969 0.6876
rdgon_xmas.jpg
24 -0.0458 -94.0165 160.7970 -0.0000 -0.3472 -0.9378 0.7613 0.7262
24 4.5748 -105.3439 158.7389 0.7107 -0.3998 -0.5789 0.6876 0.7142
24 -0.0458 -108.1116 155.3247 -0.0000 -0.3749 -0.9271 0.6674 0.6911
rdgon_xmas.jpg
24 4.5748 -105.3439 158.7389 0.7107 -0.3998 -0.5789 0.6876 0.7142
24 -0.0458 -94.0165 160.7970 -0.0000 -0.3472 -0.9378 0.7613 0.7262
24 7.4190 -90.9170 156.6570 0.8730 -0.3582 -0.3310 0.7792 0.6988
rdgon_xmas.jpg
24 7.4190 -90.9170 156.6570 0.8730 -0.3582 -0.3310 0.7792 0.6988
24 -0.0458 -94.0165 160.7970 -0.0000 -0.3472 -0.9378 0.7613 0.7262
24 -0.0458 -95.5444 155.2910 -0.0000 -0.4060 0.9139 0.7452 0.7026
rdgon_xmas.jpg
24 -0.0457 -67.8253 162.3371 0.0000 0.9967 -0.0813 0.9514 0.7165
24 -7.8584 -72.7201 156.1546 -0.7484 0.4217 -0.5118 0.8987 0.6970
24 -7.8585 -66.0460 169.3803 -0.1771 0.8618 -0.4754 0.9817 0.7883
rdgon_xmas.jpg
24 -0.0457 -67.8253 162.3371 0.0000 0.9967 -0.0813 0.9514 0.7165
24 -0.0457 -62.1980 151.3364 0.0000 0.7969 -0.6041 0.9682 0.6634
24 -7.8584 -72.7201 156.1546 -0.7484 0.4217 -0.5118 0.8987 0.6970
rdgon_xmas.jpg
24 -7.8584 -72.7201 156.1546 -0.7484 0.4217 -0.5118 0.8987 0.6970
24 -7.5107 -90.9169 156.6569 -0.8730 -0.3582 -0.3310 0.7792 0.6988
24 -10.7671 -78.0075 159.6175 -0.8838 -0.0343 -0.4666 0.8577 0.7238
rdgon_xmas.jpg
24 -7.8584 -72.7201 156.1546 -0.7484 0.4217 -0.5118 0.8987 0.6970
24 -11.2867 -69.1763 170.2760 -0.9119 0.4098 0.0232 0.9228 0.7781
24 -7.8585 -66.0460 169.3803 -0.1771 0.8618 -0.4754 0.9817 0.7883
rdgon_xmas.jpg
24 -0.0457 -62.1980 151.3364 0.0000 0.7969 -0.6041 0.9682 0.6634
24 -0.0458 -96.2052 150.7889 0.0000 0.3172 -0.9484 0.7470 0.6603
24 -7.8584 -72.7201 156.1546 -0.7484 0.4217 -0.5118 0.8987 0.6970
rdgon_xmas.jpg
24 -0.0458 -96.2052 150.7889 0.0000 0.3172 -0.9484 0.7470 0.6603
24 -7.5107 -90.9169 156.6569 -0.8730 -0.3582 -0.3310 0.7792 0.6988
24 -7.8584 -72.7201 156.1546 -0.7484 0.4217 -0.5118 0.8987 0.6970
rdgon_xmas.jpg
24 -7.5107 -90.9169 156.6569 -0.8730 -0.3582 -0.3310 0.7792 0.6988
24 -4.6664 -105.3438 158.7388 -0.7107 -0.3998 -0.5789 0.6876 0.7142
24 -5.4925 -103.1171 165.7188 -0.7869 -0.4874 0.3784 0.6966 0.7505
rdgon_xmas.jpg
24 -7.5107 -90.9169 156.6569 -0.8730 -0.3582 -0.3310 0.7792 0.6988
24 -5.4925 -103.1171 165.7188 -0.7869 -0.4874 0.3784 0.6966 0.7505
24 -8.0707 -91.8315 171.4679 -0.6775 -0.5143 0.5257 0.7744 0.7795
rdgon_xmas.jpg
24 -8.0707 -91.8315 171.4679 -0.6775 -0.5143 0.5257 0.7744 0.7795
24 -5.4925 -103.1171 165.7188 -0.7869 -0.4874 0.3784 0.6966 0.7505
24 -0.0458 -89.6807 176.5296 -0.0000 -0.5043 0.8635 0.7774 0.8222
rdgon_xmas.jpg
24 -8.0707 -91.8315 171.4679 -0.6775 -0.5143 0.5257 0.7744 0.7795
24 -0.0458 -89.6807 176.5296 -0.0000 -0.5043 0.8635 0.7774 0.8222
24 -0.0458 -74.1743 183.6708 -0.0000 -0.2716 0.9624 0.8870 0.8759
rdgon_xmas.jpg
24 -0.0458 -110.2133 162.5770 -0.0000 -0.9413 0.3375 0.6384 0.7465
24 -5.4925 -103.1171 165.7188 -0.7869 -0.4874 0.3784 0.6966 0.7505
24 -4.6664 -105.3438 158.7388 -0.7107 -0.3998 -0.5789 0.6876 0.7142
rdgon_xmas.jpg
24 -0.0458 -110.2133 162.5770 -0.0000 -0.9413 0.3375 0.6384 0.7465
24 -0.0458 -89.6807 176.5296 -0.0000 -0.5043 0.8635 0.7774 0.8222
24 -5.4925 -103.1171 165.7188 -0.7869 -0.4874 0.3784 0.6966 0.7505
rdgon_xmas.jpg
24 -0.0458 -110.2133 162.5770 -0.0000 -0.9413 0.3375 0.6384 0.7465
24 -4.6664 -105.3438 158.7388 -0.7107 -0.3998 -0.5789 0.6876 0.7142
24 -0.0458 -108.1116 155.3247 -0.0000 -0.3749 -0.9271 0.6674 0.6911
rdgon_xmas.jpg
24 -7.5107 -90.9169 156.6569 -0.8730 -0.3582 -0.3310 0.7792 0.6988
24 -11.3346 -89.8929 165.9720 -0.9155 -0.3969 0.0656 0.7991 0.7399
24 -10.7671 -78.0075 159.6175 -0.8838 -0.0343 -0.4666 0.8577 0.7238
rdgon_xmas.jpg
24 -11.2867 -69.1763 170.2760 -0.9119 0.4098 0.0232 0.9228 0.7781
24 -7.8182 -78.5285 177.2049 -0.6772 -0.2157 0.7035 0.8906 0.8239
24 -16.3191 -48.2840 186.9484 -0.6422 0.6775 0.3586 0.9982 0.9070
rdgon_xmas.jpg
24 -16.3191 -48.2840 186.9484 -0.6422 0.6775 0.3586 0.9982 0.9070
24 -7.8585 -66.0460 169.3803 -0.1771 0.8618 -0.4754 0.9817 0.7883
24 -11.2867 -69.1763 170.2760 -0.9119 0.4098 0.0232 0.9228 0.7781
rdgon_xmas.jpg
24 -7.8182 -78.5285 177.2049 -0.6772 -0.2157 0.7035 0.8906 0.8239
24 -9.4313 -85.7954 173.3794 -0.6679 -0.3338 0.6652 0.8224 0.7852
24 -0.0458 -74.1743 183.6708 -0.0000 -0.2716 0.9624 0.8870 0.8759
rdgon_xmas.jpg
24 -8.0707 -91.8315 171.4679 -0.6775 -0.5143 0.5257 0.7744 0.7795
24 -0.0458 -74.1743 183.6708 -0.0000 -0.2716 0.9624 0.8870 0.8759
24 -9.4313 -85.7954 173.3794 -0.6679 -0.3338 0.6652 0.8224 0.7852
rdgon_xmas.jpg
24 -7.8584 -72.7201 156.1546 -0.7484 0.4217 -0.5118 0.8987 0.6970
24 -14.8126 -74.7778 168.9841 -0.9890 0.1455 -0.0283 0.8864 0.7596
24 -11.2867 -69.1763 170.2760 -0.9119 0.4098 0.0232 0.9228 0.7781
rdgon_xmas.jpg
24 -14.8126 -74.7778 168.9841 -0.9890 0.1455 -0.0283 0.8864 0.7596
24 -7.8584 -72.7201 156.1546 -0.7484 0.4217 -0.5118 0.8987 0.6970
24 -10.7671 -78.0075 159.6175 -0.8838 -0.0343 -0.4666 0.8577 0.7238
rdgon_xmas.jpg
24 -11.2867 -69.1763 170.2760 -0.9119 0.4098 0.0232 0.9228 0.7781
24 -11.4516 -79.2312 174.3694 -0.7790 -0.0646 0.6237 0.8662 0.7876
24 -7.8182 -78.5285 177.2049 -0.6772 -0.2157 0.7035 0.8906 0.8239
rdgon_xmas.jpg
24 -11.4516 -79.2312 174.3694 -0.7790 -0.0646 0.6237 0.8662 0.7876
24 -11.2867 -69.1763 170.2760 -0.9119 0.4098 0.0232 0.9228 0.7781
24 -14.8126 -74.7778 168.9841 -0.9890 0.1455 -0.0283 0.8864 0.7596
rdgon_xmas.jpg
24 -9.4313 -85.7954 173.3794 -0.6679 -0.3338 0.6652 0.8224 0.7852
24 -7.8182 -78.5285 177.2049 -0.6772 -0.2157 0.7035 0.8906 0.8239
24 -11.4516 -79.2312 174.3694 -0.7790 -0.0646 0.6237 0.8662 0.7876
rdgon_xmas.jpg
24 -11.3346 -89.8929 165.9720 -0.9155 -0.3969 0.0656 0.7991 0.7399
24 -7.5107 -90.9169 156.6569 -0.8730 -0.3582 -0.3310 0.7792 0.6988
24 -8.0707 -91.8315 171.4679 -0.6775 -0.5143 0.5257 0.7744 0.7795
rdgon_xmas.jpg
24 -8.0707 -91.8315 171.4679 -0.6775 -0.5143 0.5257 0.7744 0.7795
24 -9.4313 -85.7954 173.3794 -0.6679 -0.3338 0.6652 0.8224 0.7852
24 -11.3346 -89.8929 165.9720 -0.9155 -0.3969 0.0656 0.7991 0.7399
rdgon_xmas.jpg
24 -14.8126 -74.7778 168.9841 -0.9890 0.1455 -0.0283 0.8864 0.7596
24 -11.3346 -89.8929 165.9720 -0.9155 -0.3969 0.0656 0.7991 0.7399
24 -11.4516 -79.2312 174.3694 -0.7790 -0.0646 0.6237 0.8662 0.7876
rdgon_xmas.jpg
24 -11.3346 -89.8929 165.9720 -0.9155 -0.3969 0.0656 0.7991 0.7399
24 -9.4313 -85.7954 173.3794 -0.6679 -0.3338 0.6652 0.8224 0.7852
24 -11.4516 -79.2312 174.3694 -0.7790 -0.0646 0.6237 0.8662 0.7876
rdgon_xmas.jpg
24 -10.7671 -78.0075 159.6175 -0.8838 -0.0343 -0.4666 0.8577 0.7238
24 -11.3346 -89.8929 165.9720 -0.9155 -0.3969 0.0656 0.7991 0.7399
24 -14.8126 -74.7778 168.9841 -0.9890 0.1455 -0.0283 0.8864 0.7596
rdgon_xmas.jpg
24 -7.8585 -66.0460 169.3803 -0.1771 0.8618 -0.4754 0.9817 0.7883
24 -0.0457 -66.0918 179.5826 0.0000 0.9979 0.0653 0.9374 0.8290
24 -0.0457 -67.8253 162.3371 0.0000 0.9967 -0.0813 0.9514 0.7165
rdgon_xmas.jpg
24 -0.0457 -66.0918 179.5826 0.0000 0.9979 0.0653 0.9374 0.8290
24 -7.8585 -66.0460 169.3803 -0.1771 0.8618 -0.4754 0.9817 0.7883
24 -16.3191 -48.2840 186.9484 -0.6422 0.6775 0.3586 0.9982 0.9070
rdgon_xmas.jpg
24 -0.0458 -74.1743 183.6708 -0.0000 -0.2716 0.9624 0.8870 0.8759
24 -16.3191 -48.2840 186.9484 -0.6422 0.6775 0.3586 0.9982 0.9070
24 -7.8182 -78.5285 177.2049 -0.6772 -0.2157 0.7035 0.8906 0.8239
rdgon_xmas.jpg
24 -16.3191 -48.2840 186.9484 -0.6422 0.6775 0.3586 0.9982 0.9070
24 -0.0458 -74.1743 183.6708 -0.0000 -0.2716 0.9624 0.8870 0.8759
24 -0.0457 -66.0918 179.5826 0.0000 0.9979 0.0653 0.9374 0.8290
rdgon_xmas.jpg
24 -0.0458 -99.3818 146.1092 0.0000 0.2151 -0.9766 0.7275 0.6429
24 -0.0458 -102.6667 148.5914 -0.0000 -0.5126 -0.8586 0.7050 0.6475
24 -6.0375 -99.5904 152.7275 -0.8115 -0.0332 -0.5834 0.7250 0.6715
rdgon_xmas.jpg
24 -0.0458 -107.4650 150.4093 -0.0000 -0.6062 -0.7953 0.6716 0.6624
24 -3.2571 -107.4295 154.9113 -0.7228 -0.5420 0.4288 0.6719 0.6887
24 -0.0458 -102.6667 148.5914 -0.0000 -0.5126 -0.8586 0.7050 0.6475
rdgon_xmas.jpg
24 -0.0458 -96.2052 150.7889 0.0000 0.3172 -0.9484 0.7470 0.6603
24 -6.0375 -99.5904 152.7275 -0.8115 -0.0332 -0.5834 0.7250 0.6715
24 -7.5107 -90.9169 156.6569 -0.8730 -0.3582 -0.3310 0.7792 0.6988
rdgon_xmas.jpg
24 -6.0375 -99.5904 152.7275 -0.8115 -0.0332 -0.5834 0.7250 0.6715
24 -0.0458 -96.2052 150.7889 0.0000 0.3172 -0.9484 0.7470 0.6603
24 -0.0458 -99.3818 146.1092 0.0000 0.2151 -0.9766 0.7275 0.6429
rdgon_xmas.jpg
24 -6.0375 -99.5904 152.7275 -0.8115 -0.0332 -0.5834 0.7250 0.6715
24 -0.0458 -102.6667 148.5914 -0.0000 -0.5126 -0.8586 0.7050 0.6475
24 -3.2571 -107.4295 154.9113 -0.7228 -0.5420 0.4288 0.6719 0.6887
rdgon_xmas.jpg
24 -3.2571 -107.4295 154.9113 -0.7228 -0.5420 0.4288 0.6719 0.6887
24 -7.5107 -90.9169 156.6569 -0.8730 -0.3582 -0.3310 0.7792 0.6988
24 -6.0375 -99.5904 152.7275 -0.8115 -0.0332 -0.5834 0.7250 0.6715
rdgon_xmas.jpg
24 -3.2571 -107.4295 154.9113 -0.7228 -0.5420 0.4288 0.6719 0.6887
24 -0.0458 -107.4650 150.4093 -0.0000 -0.6062 -0.7953 0.6716 0.6624
24 -0.0458 -109.7301 153.1780 -0.0000 -0.8763 0.4818 0.6569 0.6786
rdgon_xmas.jpg
24 -3.2571 -107.4295 154.9113 -0.7228 -0.5420 0.4288 0.6719 0.6887
24 -0.0458 -95.5444 155.2910 -0.0000 -0.4060 0.9139 0.7452 0.7026
24 -7.5107 -90.9169 156.6569 -0.8730 -0.3582 -0.3310 0.7792 0.6988
rdgon_xmas.jpg
24 -0.0458 -95.5444 155.2910 -0.0000 -0.4060 0.9139 0.7452 0.7026
24 -3.2571 -107.4295 154.9113 -0.7228 -0.5420 0.4288 0.6719 0.6887
24 -0.0458 -103.5717 154.7352 -0.0000 -0.1556 0.9878 0.6969 0.6876
rdgon_xmas.jpg
24 -0.0458 -109.7301 153.1780 -0.0000 -0.8763 0.4818 0.6569 0.6786
24 -0.0458 -103.5717 154.7352 -0.0000 -0.1556 0.9878 0.6969 0.6876
24 -3.2571 -107.4295 154.9113 -0.7228 -0.5420 0.4288 0.6719 0.6887
rdgon_xmas.jpg
24 -0.0458 -94.0165 160.7970 -0.0000 -0.3472 -0.9378 0.7613 0.7262
24 -0.0458 -108.1116 155.3247 -0.0000 -0.3749 -0.9271 0.6674 0.6911
24 -4.6664 -105.3438 158.7388 -0.7107 -0.3998 -0.5789 0.6876 0.7142
rdgon_xmas.jpg
24 -4.6664 -105.3438 158.7388 -0.7107 -0.3998 -0.5789 0.6876 0.7142
24 -7.5107 -90.9169 156.6569 -0.8730 -0.3582 -0.3310 0.7792 0.6988
24 -0.0458 -94.0165 160.7970 -0.0000 -0.3472 -0.9378 0.7613 0.7262
rdgon_xmas.jpg
24 -7.5107 -90.9169 156.6569 -0.8730 -0.3582 -0.3310 0.7792 0.6988
24 -0.0458 -95.5444 155.2910 -0.0000 -0.4060 0.9139 0.7452 0.7026
24 -0.0458 -94.0165 160.7970 -0.0000 -0.3472 -0.9378 0.7613 0.7262
rdgon_xmas.jpg
24 0.4122 -27.9956 186.2503 0.0000 0.9964 -0.0848 0.7301 0.1345
24 0.4122 -62.6536 188.9147 0.0000 0.7648 0.6443 0.6148 0.1330
24 4.8118 -59.1788 183.4012 0.9905 0.1375 -0.0051 0.5921 0.0823
rdgon_xmas.jpg
24 0.4122 -27.9956 186.2503 0.0000 0.9964 -0.0848 0.7301 0.1345
24 4.8118 -59.1788 183.4012 0.9905 0.1375 -0.0051 0.5921 0.0823
24 0.4122 -57.9130 178.8265 0.0000 0.0072 -1.0000 0.5748 0.0750
rdgon_xmas.jpg
24 4.8118 -59.1788 183.4012 0.9905 0.1375 -0.0051 0.5921 0.0823
24 0.4122 -62.6536 188.9147 0.0000 0.7648 0.6443 0.6148 0.1330
24 6.1677 -69.3211 187.6381 0.9908 0.0017 0.1355 0.5326 0.1061
rdgon_xmas.jpg
24 0.4122 -57.9130 178.8265 0.0000 0.0072 -1.0000 0.5748 0.0750
24 6.1677 -69.3211 187.6381 0.9908 0.0017 0.1355 0.5326 0.1061
24 0.4121 -70.8929 177.3915 0.0000 0.2007 -0.9797 0.5213 0.0631
rdgon_xmas.jpg
24 0.4122 -57.9130 178.8265 0.0000 0.0072 -1.0000 0.5748 0.0750
24 4.8118 -59.1788 183.4012 0.9905 0.1375 -0.0051 0.5921 0.0823
24 6.1677 -69.3211 187.6381 0.9908 0.0017 0.1355 0.5326 0.1061
rdgon_xmas.jpg
24 5.2987 -109.8921 169.2591 0.9691 -0.1360 0.2056 0.4043 0.0537
24 0.4121 -122.8531 166.6474 -0.0000 -0.5005 0.8658 0.3645 0.0589
24 0.4121 -150.3641 152.2856 -0.0000 -0.8713 0.4908 0.2966 0.0127
rdgon_xmas.jpg
24 0.4121 -108.1977 162.9980 0.0000 0.4018 -0.9157 0.4020 0.0283
24 5.2987 -109.8921 169.2591 0.9691 -0.1360 0.2056 0.4043 0.0537
24 0.4121 -150.3641 152.2856 -0.0000 -0.8713 0.4908 0.2966 0.0127
rdgon_xmas.jpg
24 6.1677 -69.3211 187.6381 0.9908 0.0017 0.1355 0.5326 0.1061
24 0.4122 -62.6536 188.9147 0.0000 0.7648 0.6443 0.5948 0.1543
24 0.4122 -54.4725 199.9496 0.0000 0.8345 0.5510 0.5770 0.2165
rdgon_xmas.jpg
24 6.1677 -69.3211 187.6381 0.9908 0.0017 0.1355 0.5326 0.1061
24 0.4122 -54.4725 199.9496 0.0000 0.8345 0.5510 0.5770 0.2165
24 0.4121 -66.4120 194.6034 -0.0000 -0.4720 0.8816 0.5269 0.1570
rdgon_xmas.jpg
24 5.8427 -89.7383 181.7200 0.9979 -0.0561 0.0329 0.4701 0.0915
24 0.4121 -74.9319 189.2912 -0.0000 -0.1640 0.9865 0.5055 0.1508
24 0.4122 -43.8415 228.9298 -0.0000 -0.0527 0.9986 0.4997 0.2083
rdgon_xmas.jpg
24 0.4121 -74.9319 189.2912 -0.0000 -0.1640 0.9865 0.5161 0.1448
24 5.8427 -89.7383 181.7200 0.9979 -0.0561 0.0329 0.4701 0.0915
24 6.1677 -69.3211 187.6381 0.9908 0.0017 0.1355 0.5326 0.1061
rdgon_xmas.jpg
24 0.4121 -87.8140 173.3434 0.0000 0.3462 -0.9382 0.4656 0.0477
24 0.4121 -70.8929 177.3915 0.0000 0.2007 -0.9797 0.5213 0.0631
24 5.8427 -89.7383 181.7200 0.9979 -0.0561 0.0329 0.4701 0.0915
rdgon_xmas.jpg
24 6.1677 -69.3211 187.6381 0.9908 0.0017 0.1355 0.5326 0.1061
24 5.8427 -89.7383 181.7200 0.9979 -0.0561 0.0329 0.4701 0.0915
24 0.4121 -70.8929 177.3915 0.0000 0.2007 -0.9797 0.5213 0.0631
rdgon_xmas.jpg
24 5.8427 -89.7383 181.7200 0.9979 -0.0561 0.0329 0.4701 0.0915
24 0.4122 -43.8415 228.9298 -0.0000 -0.0527 0.9986 0.4997 0.2083
24 0.4121 -90.9013 187.2298 -0.0000 -0.6577 0.7533 0.4603 0.1539
rdgon_xmas.jpg
24 0.4121 -97.9107 181.2012 -0.0000 -0.3095 0.9509 0.4521 0.1207
24 5.2987 -109.8921 169.2591 0.9691 -0.1360 0.2056 0.4043 0.0537
24 5.8427 -89.7383 181.7200 0.9979 -0.0561 0.0329 0.4701 0.0915
rdgon_xmas.jpg
24 0.4121 -108.1977 162.9980 0.0000 0.4018 -0.9157 0.4020 0.0283
24 5.8427 -89.7383 181.7200 0.9979 -0.0561 0.0329 0.4701 0.0915
24 5.2987 -109.8921 169.2591 0.9691 -0.1360 0.2056 0.4043 0.0537
rdgon_xmas.jpg
24 5.8427 -89.7383 181.7200 0.9979 -0.0561 0.0329 0.4701 0.0915
24 0.4121 -108.1977 162.9980 0.0000 0.4018 -0.9157 0.4020 0.0283
24 0.4121 -87.8140 173.3434 0.0000 0.3462 -0.9382 0.4656 0.0477
rdgon_xmas.jpg
24 5.2987 -109.8921 169.2591 0.9691 -0.1360 0.2056 0.4043 0.0537
24 0.4121 -97.9107 181.2012 -0.0000 -0.3095 0.9509 0.4426 0.1186
24 0.4121 -86.0671 202.9904 0.0000 0.3348 0.9423 0.4270 0.1450
rdgon_xmas.jpg
24 5.2987 -109.8921 169.2591 0.9691 -0.1360 0.2056 0.4043 0.0537
24 0.4121 -86.0671 202.9904 0.0000 0.3348 0.9423 0.4270 0.1450
24 0.4121 -111.2837 174.1018 -0.0000 -0.6571 0.7538 0.3967 0.0850
rdgon_xmas.jpg
24 6.1677 -69.3211 187.6381 0.9908 0.0017 0.1355 0.5326 0.1061
24 0.4121 -66.4120 194.6034 -0.0000 -0.4720 0.8816 0.5269 0.1570
24 0.4121 -74.9319 189.2912 -0.0000 -0.1640 0.9865 0.5161 0.1448
rdgon_xmas.jpg
24 5.2987 -109.8921 169.2591 0.9691 -0.1360 0.2056 0.4043 0.0537
24 0.4121 -111.2837 174.1018 -0.0000 -0.6571 0.7538 0.3967 0.0850
24 0.4121 -122.8531 166.6474 -0.0000 -0.5005 0.8658 0.3645 0.0589
rdgon_xmas.jpg
24 5.8427 -89.7383 181.7200 0.9979 -0.0561 0.0329 0.4701 0.0915
24 0.4121 -90.9013 187.2298 -0.0000 -0.6577 0.7533 0.4603 0.1539
24 0.4121 -97.9107 181.2012 -0.0000 -0.3095 0.9509 0.4521 0.1207
rdgon_xmas.jpg
24 0.4122 -27.9956 186.2503 0.0000 0.9964 -0.0848 0.7301 0.1345
24 -3.9875 -59.1787 183.4012 -0.9905 0.1375 -0.0051 0.5921 0.0823
24 0.4122 -62.6536 188.9147 0.0000 0.7648 0.6443 0.6148 0.1330
rdgon_xmas.jpg
24 0.4122 -27.9956 186.2503 0.0000 0.9964 -0.0848 0.7301 0.1345
24 0.4122 -57.9130 178.8265 0.0000 0.0072 -1.0000 0.5748 0.0750
24 -3.9875 -59.1787 183.4012 -0.9905 0.1375 -0.0051 0.5921 0.0823
rdgon_xmas.jpg
24 -3.9875 -59.1787 183.4012 -0.9905 0.1375 -0.0051 0.5921 0.0823
24 -5.3436 -69.3211 187.6381 -0.9908 0.0017 0.1355 0.5326 0.1061
24 0.4122 -62.6536 188.9147 0.0000 0.7648 0.6443 0.6148 0.1330
rdgon_xmas.jpg
24 0.4122 -57.9130 178.8265 0.0000 0.0072 -1.0000 0.5748 0.0750
24 0.4121 -70.8929 177.3915 0.0000 0.2007 -0.9797 0.5213 0.0631
24 -5.3436 -69.3211 187.6381 -0.9908 0.0017 0.1355 0.5326 0.1061
rdgon_xmas.jpg
24 0.4122 -57.9130 178.8265 0.0000 0.0072 -1.0000 0.5748 0.0750
24 -5.3436 -69.3211 187.6381 -0.9908 0.0017 0.1355 0.5326 0.1061
24 -3.9875 -59.1787 183.4012 -0.9905 0.1375 -0.0051 0.5921 0.0823
rdgon_xmas.jpg
24 -4.4745 -109.8920 169.2591 -0.9691 -0.1360 0.2056 0.4043 0.0537
24 0.4121 -150.3641 152.2856 -0.0000 -0.8713 0.4908 0.2966 0.0127
24 0.4121 -122.8531 166.6474 -0.0000 -0.5005 0.8658 0.3645 0.0589
rdgon_xmas.jpg
24 0.4121 -108.1977 162.9980 0.0000 0.4018 -0.9157 0.4020 0.0283
24 0.4121 -150.3641 152.2856 -0.0000 -0.8713 0.4908 0.2966 0.0127
24 -4.4745 -109.8920 169.2591 -0.9691 -0.1360 0.2056 0.4043 0.0537
rdgon_xmas.jpg
24 -5.3436 -69.3211 187.6381 -0.9908 0.0017 0.1355 0.5326 0.1061
24 0.4122 -54.4725 199.9496 0.0000 0.8345 0.5510 0.5770 0.2165
24 0.4122 -62.6536 188.9147 0.0000 0.7648 0.6443 0.5948 0.1543
rdgon_xmas.jpg
24 -5.3436 -69.3211 187.6381 -0.9908 0.0017 0.1355 0.5326 0.1061
24 0.4121 -66.4120 194.6034 -0.0000 -0.4720 0.8816 0.5269 0.1570
24 0.4122 -54.4725 199.9496 0.0000 0.8345 0.5510 0.5770 0.2165
rdgon_xmas.jpg
24 -5.0186 -89.7382 181.7200 -0.9979 -0.0561 0.0329 0.4701 0.0915
24 0.4122 -43.8415 228.9298 -0.0000 -0.0527 0.9986 0.4997 0.2083
24 0.4121 -74.9319 189.2912 -0.0000 -0.1640 0.9865 0.5055 0.1508
rdgon_xmas.jpg
24 0.4121 -74.9319 189.2912 -0.0000 -0.1640 0.9865 0.5161 0.1448
24 -5.3436 -69.3211 187.6381 -0.9908 0.0017 0.1355 0.5326 0.1061
24 -5.0186 -89.7382 181.7200 -0.9979 -0.0561 0.0329 0.4701 0.0915
rdgon_xmas.jpg
24 0.4121 -87.8140 173.3434 0.0000 0.3462 -0.9382 0.4656 0.0477
24 -5.0186 -89.7382 181.7200 -0.9979 -0.0561 0.0329 0.4701 0.0915
24 0.4121 -70.8929 177.3915 0.0000 0.2007 -0.9797 0.5213 0.0631
rdgon_xmas.jpg
24 -5.3436 -69.3211 187.6381 -0.9908 0.0017 0.1355 0.5326 0.1061
24 0.4121 -70.8929 177.3915 0.0000 0.2007 -0.9797 0.5213 0.0631
24 -5.0186 -89.7382 181.7200 -0.9979 -0.0561 0.0329 0.4701 0.0915
rdgon_xmas.jpg
24 -5.0186 -89.7382 181.7200 -0.9979 -0.0561 0.0329 0.4701 0.0915
24 0.4121 -90.9013 187.2298 -0.0000 -0.6577 0.7533 0.4603 0.1539
24 0.4122 -43.8415 228.9298 -0.0000 -0.0527 0.9986 0.4997 0.2083
rdgon_xmas.jpg
24 0.4121 -97.9107 181.2012 -0.0000 -0.3095 0.9509 0.4521 0.1207
24 -5.0186 -89.7382 181.7200 -0.9979 -0.0561 0.0329 0.4701 0.0915
24 -4.4745 -109.8920 169.2591 -0.9691 -0.1360 0.2056 0.4043 0.0537
rdgon_xmas.jpg
24 0.4121 -108.1977 162.9980 0.0000 0.4018 -0.9157 0.4020 0.0283
24 -4.4745 -109.8920 169.2591 -0.9691 -0.1360 0.2056 0.4043 0.0537
24 -5.0186 -89.7382 181.7200 -0.9979 -0.0561 0.0329 0.4701 0.0915
rdgon_xmas.jpg
24 -5.0186 -89.7382 181.7200 -0.9979 -0.0561 0.0329 0.4701 0.0915
24 0.4121 -87.8140 173.3434 0.0000 0.3462 -0.9382 0.4656 0.0477
24 0.4121 -108.1977 162.9980 0.0000 0.4018 -0.9157 0.4020 0.0283
rdgon_xmas.jpg
24 -4.4745 -109.8920 169.2591 -0.9691 -0.1360 0.2056 0.4043 0.0537
24 0.4121 -86.0671 202.9904 0.0000 0.3348 0.9423 0.4270 0.1450
24 0.4121 -97.9107 181.2012 -0.0000 -0.3095 0.9509 0.4426 0.1186
rdgon_xmas.jpg
24 -4.4745 -109.8920 169.2591 -0.9691 -0.1360 0.2056 0.4043 0.0537
24 0.4121 -111.2837 174.1018 -0.0000 -0.6571 0.7538 0.3967 0.0850
24 0.4121 -86.0671 202.9904 0.0000 0.3348 0.9423 0.4270 0.1450
rdgon_xmas.jpg
24 -5.3436 -69.3211 187.6381 -0.9908 0.0017 0.1355 0.5326 0.1061
24 0.4121 -74.9319 189.2912 -0.0000 -0.1640 0.9865 0.5161 0.1448
24 0.4121 -66.4120 194.6034 -0.0000 -0.4720 0.8816 0.5269 0.1570
rdgon_xmas.jpg
24 -4.4745 -109.8920 169.2591 -0.9691 -0.1360 0.2056 0.4043 0.0537
24 0.4121 -122.8531 166.6474 -0.0000 -0.5005 0.8658 0.3645 0.0589
24 0.4121 -111.2837 174.1018 -0.0000 -0.6571 0.7538 0.3967 0.0850
rdgon_xmas.jpg
24 -5.0186 -89.7382 181.7200 -0.9979 -0.0561 0.0329 0.4701 0.0915
24 0.4121 -97.9107 181.2012 -0.0000 -0.3095 0.9509 0.4521 0.1207
24 0.4121 -90.9013 187.2298 -0.0000 -0.6577 0.7533 0.4603 0.1539
rdgon_xmas.jpg
65 10.4395 89.6683 37.6670 0.7083 -0.6097 0.3556 0.5326 0.1061
65 16.0300 98.0296 33.9959 0.5576 0.2844 -0.7799 0.5948 0.1543
65 25.4078 107.7110 44.2313 0.6806 0.6265 0.3799 0.5770 0.2165
rdgon_xmas.jpg
65 10.4395 89.6683 37.6670 0.7083 -0.6097 0.3556 0.5326 0.1061
65 25.4078 107.7110 44.2313 0.6806 0.6265 0.3799 0.5770 0.2165
65 10.8222 96.0907 44.7011 0.0715 0.2594 0.9631 0.5269 0.1570
rdgon_xmas.jpg
64 0.5387 87.7545 44.6522 0.7927 0.5388 0.2853 0.4701 0.0915
64 -8.4444 100.4397 41.6317 -0.1316 0.7616 -0.6345 0.5055 0.1508
64 -12.2043 111.1379 46.0678 -0.2182 0.9143 -0.3414 0.4997 0.2083
rdgon_xmas.jpg
65 8.1126 94.2295 46.2059 0.3649 0.4626 0.8080 0.5161 0.1448
64 0.5387 87.7545 44.6522 0.7927 0.5388 0.2853 0.4701 0.0915
65 10.4395 89.6683 37.6670 0.7083 -0.6097 0.3556 0.5326 0.1061
rdgon_xmas.jpg
64 0.5387 87.7545 44.6522 0.7927 0.5388 0.2853 0.4701 0.0915
64 -12.2043 111.1379 46.0678 -0.2182 0.9143 -0.3414 0.4997 0.2083
64 -8.3113 94.7261 52.3566 -0.2074 0.2457 0.9469 0.4603 0.1539
rdgon_xmas.jpg
64 -6.3406 87.0371 54.2779 -0.2866 0.6252 0.7260 0.4521 0.1207
64 1.7051 73.2915 62.0137 0.7572 0.5762 0.3076 0.4043 0.0537
64 0.5387 87.7545 44.6522 0.7927 0.5388 0.2853 0.4701 0.0915
rdgon_xmas.jpg
64 1.7051 73.2915 62.0137 0.7572 0.5762 0.3076 0.4043 0.0537
64 -6.3902 85.5451 57.6677 -0.1713 0.8394 -0.5158 0.4426 0.1186
64 -8.5238 91.6918 60.0306 -0.2865 0.9568 0.0492 0.4270 0.1450
rdgon_xmas.jpg
64 1.7051 73.2915 62.0137 0.7572 0.5762 0.3076 0.4043 0.0537
64 -8.5238 91.6918 60.0306 -0.2865 0.9568 0.0492 0.4270 0.1450
64 -5.4739 78.0964 66.4635 -0.2747 0.5558 0.7846 0.3967 0.0850
rdgon_xmas.jpg
65 10.4395 89.6683 37.6670 0.7083 -0.6097 0.3556 0.5326 0.1061
65 10.8222 96.0907 44.7011 0.0715 0.2594 0.9631 0.5269 0.1570
65 8.1126 94.2295 46.2059 0.3649 0.4626 0.8080 0.5161 0.1448
rdgon_xmas.jpg
64 1.7051 73.2915 62.0137 0.7572 0.5762 0.3076 0.4043 0.0537
64 -5.4739 78.0964 66.4635 -0.2747 0.5558 0.7846 0.3967 0.0850
64 -4.4794 69.5294 76.9934 -0.3006 0.7258 0.6188 0.3645 0.0589
rdgon_xmas.jpg
64 1.7051 73.2915 62.0137 0.7572 0.5762 0.3076 0.4043 0.0537
64 -6.3406 87.0371 54.2779 -0.2866 0.6252 0.7260 0.4521 0.1207
64 -6.3902 85.5451 57.6677 -0.1713 0.8394 -0.5158 0.4426 0.1186
rdgon_xmas.jpg
64 0.5387 87.7545 44.6522 0.7927 0.5388 0.2853 0.4701 0.0915
65 8.1126 94.2295 46.2059 0.3649 0.4626 0.8080 0.5161 0.1448
64 -8.4444 100.4397 41.6317 -0.1316 0.7616 -0.6345 0.5055 0.1508
rdgon_xmas.jpg
64 0.5387 87.7545 44.6522 0.7927 0.5388 0.2853 0.4701 0.0915
64 -8.3113 94.7261 52.3566 -0.2074 0.2457 0.9469 0.4603 0.1539
64 -6.3406 87.0371 54.2779 -0.2866 0.6252 0.7260 0.4521 0.1207
rdgon_xmas.jpg
65 6.0266 95.1608 36.5150 -0.4838 0.8741 0.0445 0.5326 0.1061
65 25.4078 107.7110 44.2313 0.6806 0.6265 0.3799 0.5770 0.2165
65 16.0300 98.0296 33.9959 0.5576 0.2844 -0.7799 0.5948 0.1543
rdgon_xmas.jpg
65 6.0266 95.1608 36.5150 -0.4838 0.8741 0.0445 0.5326 0.1061
65 10.8222 96.0907 44.7011 0.0715 0.2594 0.9631 0.5269 0.1570
65 25.4078 107.7110 44.2313 0.6806 0.6265 0.3799 0.5770 0.2165
rdgon_xmas.jpg
64 -9.7896 84.7378 43.1733 -0.9995 0.0153 0.0287 0.4701 0.0915
64 -12.2043 111.1379 46.0678 -0.2182 0.9143 -0.3414 0.4997 0.2083
64 -8.4444 100.4397 41.6317 -0.1316 0.7616 -0.6345 0.5055 0.1508
rdgon_xmas.jpg
65 8.1126 94.2295 46.2059 0.3649 0.4626 0.8080 0.5161 0.1448
65 6.0266 95.1608 36.5150 -0.4838 0.8741 0.0445 0.5326 0.1061
64 -9.7896 84.7378 43.1733 -0.9995 0.0153 0.0287 0.4701 0.0915
rdgon_xmas.jpg
64 -9.7896 84.7378 43.1733 -0.9995 0.0153 0.0287 0.4701 0.0915
64 -8.3113 94.7261 52.3566 -0.2074 0.2457 0.9469 0.4603 0.1539
64 -12.2043 111.1379 46.0678 -0.2182 0.9143 -0.3414 0.4997 0.2083
rdgon_xmas.jpg
64 -6.3406 87.0371 54.2779 -0.2866 0.6252 0.7260 0.4521 0.1207
64 -9.7896 84.7378 43.1733 -0.9995 0.0153 0.0287 0.4701 0.0915
64 -7.5884 70.5770 60.6829 -0.9963 0.0640 0.0565 0.4043 0.0537
rdgon_xmas.jpg
64 -7.5884 70.5770 60.6829 -0.9963 0.0640 0.0565 0.4043 0.0537
64 -8.5238 91.6918 60.0306 -0.2865 0.9568 0.0492 0.4270 0.1450
64 -6.3902 85.5451 57.6677 -0.1713 0.8394 -0.5158 0.4426 0.1186
rdgon_xmas.jpg
64 -7.5884 70.5770 60.6829 -0.9963 0.0640 0.0565 0.4043 0.0537
64 -5.4739 78.0964 66.4635 -0.2747 0.5558 0.7846 0.3967 0.0850
64 -8.5238 91.6918 60.0306 -0.2865 0.9568 0.0492 0.4270 0.1450
rdgon_xmas.jpg
65 6.0266 95.1608 36.5150 -0.4838 0.8741 0.0445 0.5326 0.1061
65 8.1126 94.2295 46.2059 0.3649 0.4626 0.8080 0.5161 0.1448
65 10.8222 96.0907 44.7011 0.0715 0.2594 0.9631 0.5269 0.1570
rdgon_xmas.jpg
64 -7.5884 70.5770 60.6829 -0.9963 0.0640 0.0565 0.4043 0.0537
64 -4.4794 69.5294 76.9934 -0.3006 0.7258 0.6188 0.3645 0.0589
64 -5.4739 78.0964 66.4635 -0.2747 0.5558 0.7846 0.3967 0.0850
rdgon_xmas.jpg
64 -7.5884 70.5770 60.6829 -0.9963 0.0640 0.0565 0.4043 0.0537
64 -6.3902 85.5451 57.6677 -0.1713 0.8394 -0.5158 0.4426 0.1186
64 -6.3406 87.0371 54.2779 -0.2866 0.6252 0.7260 0.4521 0.1207
rdgon_xmas.jpg
64 -9.7896 84.7378 43.1733 -0.9995 0.0153 0.0287 0.4701 0.0915
64 -8.4444 100.4397 41.6317 -0.1316 0.7616 -0.6345 0.5055 0.1508
65 8.1126 94.2295 46.2059 0.3649 0.4626 0.8080 0.5161 0.1448
rdgon_xmas.jpg
64 -9.7896 84.7378 43.1733 -0.9995 0.0153 0.0287 0.4701 0.0915
64 -6.3406 87.0371 54.2779 -0.2866 0.6252 0.7260 0.4521 0.1207
64 -8.3113 94.7261 52.3566 -0.2074 0.2457 0.9469 0.4603 0.1539
rdgon_xmas.jpg
66 92.2220 87.5209 -13.7711 0.8665 -0.1627 0.4719 0.6618 0.9998
66 69.5393 92.9693 3.9445 0.7537 -0.1323 0.6438 0.7674 0.7581
66 67.3060 89.9499 1.2970 -0.0258 -0.9866 0.1610 0.7121 0.7250
rdgon_xmas.jpg
66 92.2220 87.5209 -13.7711 0.8665 -0.1627 0.4719 0.6618 0.9998
66 67.3060 89.9499 1.2970 -0.0258 -0.9866 0.1610 0.7121 0.7250
66 63.0869 93.9809 -4.6381 -0.7279 0.1257 -0.6740 0.6594 0.6841
rdgon_xmas.jpg
66 67.3060 89.9499 1.2970 -0.0258 -0.9866 0.1610 0.7121 0.7250
66 69.5393 92.9693 3.9445 0.7537 -0.1323 0.6438 0.7674 0.7581
66 60.3995 93.1338 16.8776 -0.1308 -0.9738 0.1859 0.7783 0.6059
rdgon_xmas.jpg
66 63.0869 93.9809 -4.6381 -0.7279 0.1257 -0.6740 0.6594 0.6841
66 60.3995 93.1338 16.8776 -0.1308 -0.9738 0.1859 0.7783 0.6059
66 56.1050 95.8640 6.0260 -0.8151 0.1485 -0.5599 0.7054 0.5496
rdgon_xmas.jpg
66 63.0869 93.9809 -4.6381 -0.7279 0.1257 -0.6740 0.6594 0.6841
66 67.3060 89.9499 1.2970 -0.0258 -0.9866 0.1610 0.7121 0.7250
66 60.3995 93.1338 16.8776 -0.1308 -0.9738 0.1859 0.7783 0.6059
rdgon_xmas.jpg
66 60.3995 93.1338 16.8776 -0.1308 -0.9738 0.1859 0.5326 0.1061
66 68.9217 93.6458 17.7930 0.5284 -0.1437 -0.8367 0.5948 0.1543
66 81.1796 91.4010 25.9202 0.9787 -0.2053 -0.0093 0.5770 0.2165
rdgon_xmas.jpg
66 60.3995 93.1338 16.8776 -0.1308 -0.9738 0.1859 0.5326 0.1061
66 81.1796 91.4010 25.9202 0.9787 -0.2053 -0.0093 0.5770 0.2165
66 63.2700 94.9923 21.9252 -0.0722 0.0545 0.9959 0.5269 0.1570
rdgon_xmas.jpg
66 44.6593 95.3121 20.0225 -0.0526 -0.9601 0.2746 0.4701 0.0915
66 56.2379 96.6548 26.7464 0.8882 -0.2023 -0.4125 0.5055 0.1508
66 63.8970 95.3925 35.3702 0.9319 -0.2070 -0.2979 0.4997 0.2083
rdgon_xmas.jpg
66 58.7358 95.9545 22.2555 0.3920 -0.0457 0.9188 0.5161 0.1448
66 44.6593 95.3121 20.0225 -0.0526 -0.9601 0.2746 0.4701 0.0915
66 60.3995 93.1338 16.8776 -0.1308 -0.9738 0.1859 0.5326 0.1061
rdgon_xmas.jpg
66 44.6593 95.3121 20.0225 -0.0526 -0.9601 0.2746 0.4701 0.0915
66 63.8970 95.3925 35.3702 0.9319 -0.2070 -0.2979 0.4997 0.2083
66 47.0042 98.7203 30.0952 -0.3371 0.1076 0.9353 0.4603 0.1539
rdgon_xmas.jpg
66 39.6710 100.1245 26.7805 0.1867 -0.0003 0.9824 0.4521 0.1207
65 27.3571 99.4822 27.8143 0.7493 -0.4555 0.4808 0.4043 0.0537
66 44.6593 95.3121 20.0225 -0.0526 -0.9601 0.2746 0.4701 0.0915
rdgon_xmas.jpg
65 27.3571 99.4822 27.8143 0.7493 -0.4555 0.4808 0.4043 0.0537
66 35.5584 101.0907 29.4446 0.9785 -0.2055 -0.0190 0.4426 0.1186
66 40.1894 100.3200 34.4764 0.4788 -0.0657 0.8754 0.4270 0.1450
rdgon_xmas.jpg
65 27.3571 99.4822 27.8143 0.7493 -0.4555 0.4808 0.4043 0.0537
66 40.1894 100.3200 34.4764 0.4788 -0.0657 0.8754 0.4270 0.1450
65 26.5487 105.8018 30.7595 0.1328 0.3045 0.9432 0.3967 0.0850
rdgon_xmas.jpg
66 60.3995 93.1338 16.8776 -0.1308 -0.9738 0.1859 0.5326 0.1061
66 63.2700 94.9923 21.9252 -0.0722 0.0545 0.9959 0.5269 0.1570
66 58.7358 95.9545 22.2555 0.3920 -0.0457 0.9188 0.5161 0.1448
rdgon_xmas.jpg
65 27.3571 99.4822 27.8143 0.7493 -0.4555 0.4808 0.4043 0.0537
65 26.5487 105.8018 30.7595 0.1328 0.3045 0.9432 0.3967 0.0850
65 17.2801 99.1604 34.5989 0.1565 0.3216 0.9339 0.3645 0.0589
rdgon_xmas.jpg
65 27.3571 99.4822 27.8143 0.7493 -0.4555 0.4808 0.4043 0.0537
66 39.6710 100.1245 26.7805 0.1867 -0.0003 0.9824 0.4521 0.1207
66 35.5584 101.0907 29.4446 0.9785 -0.2055 -0.0190 0.4426 0.1186
rdgon_xmas.jpg
66 44.6593 95.3121 20.0225 -0.0526 -0.9601 0.2746 0.4701 0.0915
66 58.7358 95.9545 22.2555 0.3920 -0.0457 0.9188 0.5161 0.1448
66 56.2379 96.6548 26.7464 0.8882 -0.2023 -0.4125 0.5055 0.1508
rdgon_xmas.jpg
66 44.6593 95.3121 20.0225 -0.0526 -0.9601 0.2746 0.4701 0.0915
66 47.0042 98.7203 30.0952 -0.3371 0.1076 0.9353 0.4603 0.1539
66 39.6710 100.1245 26.7805 0.1867 -0.0003 0.9824 0.4521 0.1207
rdgon_xmas.jpg
66 92.2220 87.5209 -13.7711 0.8665 -0.1627 0.4719 0.6618 0.9998
66 68.6607 96.4208 1.0412 0.3740 0.9235 0.0856 0.7121 0.7250
66 69.5393 92.9693 3.9445 0.7537 -0.1323 0.6438 0.7674 0.7581
rdgon_xmas.jpg
66 92.2220 87.5209 -13.7711 0.8665 -0.1627 0.4719 0.6618 0.9998
66 63.0869 93.9809 -4.6381 -0.7279 0.1257 -0.6740 0.6594 0.6841
66 68.6607 96.4208 1.0412 0.3740 0.9235 0.0856 0.7121 0.7250
rdgon_xmas.jpg
66 68.6607 96.4208 1.0412 0.3740 0.9235 0.0856 0.7121 0.7250
66 61.3047 97.4573 16.7067 0.2731 0.9557 0.1097 0.7783 0.6059
66 69.5393 92.9693 3.9445 0.7537 -0.1323 0.6438 0.7674 0.7581
rdgon_xmas.jpg
66 63.0869 93.9809 -4.6381 -0.7279 0.1257 -0.6740 0.6594 0.6841
66 56.1050 95.8640 6.0260 -0.8151 0.1485 -0.5599 0.7054 0.5496
66 61.3047 97.4573 16.7067 0.2731 0.9557 0.1097 0.7783 0.6059
rdgon_xmas.jpg
66 63.0869 93.9809 -4.6381 -0.7279 0.1257 -0.6740 0.6594 0.6841
66 61.3047 97.4573 16.7067 0.2731 0.9557 0.1097 0.7783 0.6059
66 68.6607 96.4208 1.0412 0.3740 0.9235 0.0856 0.7121 0.7250
rdgon_xmas.jpg
66 61.3047 97.4573 16.7067 0.2731 0.9557 0.1097 0.5326 0.1061
66 81.1796 91.4010 25.9202 0.9787 -0.2053 -0.0093 0.5770 0.2165
66 68.9217 93.6458 17.7930 0.5284 -0.1437 -0.8367 0.5948 0.1543
rdgon_xmas.jpg
66 61.3047 97.4573 16.7067 0.2731 0.9557 0.1097 0.5326 0.1061
66 63.2700 94.9923 21.9252 -0.0722 0.0545 0.9959 0.5269 0.1570
66 81.1796 91.4010 25.9202 0.9787 -0.2053 -0.0093 0.5770 0.2165
rdgon_xmas.jpg
66 46.0615 102.0101 19.7579 0.3407 0.9186 0.2003 0.4701 0.0915
66 63.8970 95.3925 35.3702 0.9319 -0.2070 -0.2979 0.4997 0.2083
66 56.2379 96.6548 26.7464 0.8882 -0.2023 -0.4125 0.5055 0.1508
rdgon_xmas.jpg
66 58.7358 95.9545 22.2555 0.3920 -0.0457 0.9188 0.5161 0.1448
66 61.3047 97.4573 16.7067 0.2731 0.9557 0.1097 0.5326 0.1061
66 46.0615 102.0101 19.7579 0.3407 0.9186 0.2003 0.4701 0.0915
rdgon_xmas.jpg
66 46.0615 102.0101 19.7579 0.3407 0.9186 0.2003 0.4701 0.0915
66 47.0042 98.7203 30.0952 -0.3371 0.1076 0.9353 0.4603 0.1539
66 63.8970 95.3925 35.3702 0.9319 -0.2070 -0.2979 0.4997 0.2083
rdgon_xmas.jpg
66 39.6710 100.1245 26.7805 0.1867 -0.0003 0.9824 0.4521 0.1207
66 46.0615 102.0101 19.7579 0.3407 0.9186 0.2003 0.4701 0.0915
65 21.3162 107.0011 26.2372 -0.3526 0.9157 0.1931 0.4043 0.0537
rdgon_xmas.jpg
65 21.3162 107.0011 26.2372 -0.3526 0.9157 0.1931 0.4043 0.0537
66 40.1894 100.3200 34.4764 0.4788 -0.0657 0.8754 0.4270 0.1450
66 35.5584 101.0907 29.4446 0.9785 -0.2055 -0.0190 0.4426 0.1186
rdgon_xmas.jpg
65 21.3162 107.0011 26.2372 -0.3526 0.9157 0.1931 0.4043 0.0537
65 26.5487 105.8018 30.7595 0.1328 0.3045 0.9432 0.3967 0.0850
66 40.1894 100.3200 34.4764 0.4788 -0.0657 0.8754 0.4270 0.1450
rdgon_xmas.jpg
66 61.3047 97.4573 16.7067 0.2731 0.9557 0.1097 0.5326 0.1061
66 58.7358 95.9545 22.2555 0.3920 -0.0457 0.9188 0.5161 0.1448
66 63.2700 94.9923 21.9252 -0.0722 0.0545 0.9959 0.5269 0.1570
rdgon_xmas.jpg
65 21.3162 107.0011 26.2372 -0.3526 0.9157 0.1931 0.4043 0.0537
65 17.2801 99.1604 34.5989 0.1565 0.3216 0.9339 0.3645 0.0589
65 26.5487 105.8018 30.7595 0.1328 0.3045 0.9432 0.3967 0.0850
rdgon_xmas.jpg
65 21.3162 107.0011 26.2372 -0.3526 0.9157 0.1931 0.4043 0.0537
66 35.5584 101.0907 29.4446 0.9785 -0.2055 -0.0190 0.4426 0.1186
66 39.6710 100.1245 26.7805 0.1867 -0.0003 0.9824 0.4521 0.1207
rdgon_xmas.jpg
66 46.0615 102.0101 19.7579 0.3407 0.9186 0.2003 0.4701 0.0915
66 56.2379 96.6548 26.7464 0.8882 -0.2023 -0.4125 0.5055 0.1508
66 58.7358 95.9545 22.2555 0.3920 -0.0457 0.9188 0.5161 0.1448
rdgon_xmas.jpg
66 46.0615 102.0101 19.7579 0.3407 0.9186 0.2003 0.4701 0.0915
66 39.6710 100.1245 26.7805 0.1867 -0.0003 0.9824 0.4521 0.1207
66 47.0042 98.7203 30.0952 -0.3371 0.1076 0.9353 0.4603 0.1539
rdgon_xmas.jpg
5 54.1400 30.0536 61.9186 0.9999 0.0027 -0.0099 0.2830 0.1753
5 50.1633 37.8542 64.2330 0.8618 0.5071 -0.0113 0.2340 0.1831
5 44.6743 36.7103 79.1479 0.7967 0.5467 0.2577 0.2172 0.2531
rdgon_xmas.jpg
5 54.1400 30.0536 61.9186 0.9999 0.0027 -0.0099 0.2830 0.1753
5 44.6743 36.7103 79.1479 0.7967 0.5467 0.2577 0.2172 0.2531
5 53.5170 26.5251 75.0880 0.9911 0.0344 -0.1286 0.2830 0.2359
rdgon_xmas.jpg
5 44.9517 36.6160 37.4258 0.8778 0.1239 -0.4627 0.2830 0.0698
5 37.6706 38.6333 29.8966 0.7308 0.1766 -0.6594 0.2830 0.0267
5 40.0333 45.7009 53.1864 0.6648 0.7098 -0.2328 0.2228 0.1247
rdgon_xmas.jpg
5 50.1633 37.8542 64.2330 0.8618 0.5071 -0.0113 0.2340 0.1831
5 40.0333 45.7009 53.1864 0.6648 0.7098 -0.2328 0.2228 0.1247
5 41.9284 46.9312 62.7810 0.8104 0.5271 -0.2557 0.2066 0.1570
rdgon_xmas.jpg
5 46.5725 44.2718 72.6935 0.9154 0.3481 0.2023 0.2009 0.2224
5 43.2603 51.3426 69.5923 0.9092 0.4156 -0.0235 0.1800 0.1850
5 37.0113 51.7443 85.3990 0.8331 0.3754 0.4062 0.1529 0.2548
rdgon_xmas.jpg
5 48.7778 33.2867 85.3825 0.7656 0.5373 0.3537 0.2263 0.2816
5 41.8333 34.9550 93.7879 0.6767 0.6230 0.3924 0.2192 0.3102
5 36.4018 19.8929 99.8415 0.7188 -0.1799 0.6715 0.2805 0.3568
rdgon_xmas.jpg
5 48.7778 33.2867 85.3825 0.7656 0.5373 0.3537 0.2263 0.2816
5 36.4018 19.8929 99.8415 0.7188 -0.1799 0.6715 0.2805 0.3568
5 54.4068 23.8299 85.1473 0.9237 -0.0991 0.3700 0.2830 0.2822
rdgon_xmas.jpg
5 40.3879 35.2777 42.4204 -0.9743 -0.0583 0.2176 0.2830 0.0708
5 45.8985 29.6386 63.4676 -0.9998 -0.0046 0.0172 0.2830 0.1755
5 40.0333 45.7009 53.1864 -0.9593 -0.2114 0.1874 0.2228 0.1247
rdgon_xmas.jpg
5 40.0333 45.7009 53.1864 -0.9593 -0.2114 0.1874 0.2228 0.1247
5 45.8985 29.6386 63.4676 -0.9998 -0.0046 0.0172 0.2830 0.1755
5 41.9284 46.9312 62.7810 -0.9905 0.0317 -0.1341 0.2066 0.1570
rdgon_xmas.jpg
5 41.9284 46.9312 62.7810 -0.9905 0.0317 -0.1341 0.2066 0.1570
5 45.8985 29.6386 63.4676 -0.9998 -0.0046 0.0172 0.2830 0.1755
5 37.3972 39.0254 90.6327 -0.9760 -0.2101 -0.0571 0.1926 0.2829
rdgon_xmas.jpg
5 37.3972 39.0254 90.6327 -0.9760 -0.2101 -0.0571 0.1926 0.2829
5 45.8985 29.6386 63.4676 -0.9998 -0.0046 0.0172 0.2830 0.1755
5 40.1843 24.6541 82.0712 -0.9991 -0.0107 0.0400 0.2830 0.2680
rdgon_xmas.jpg
5 48.7778 33.2867 85.3825 0.7656 0.5373 0.3537 0.2263 0.2816
5 53.5170 26.5251 75.0880 0.9911 0.0344 -0.1286 0.2830 0.2359
5 44.6743 36.7103 79.1479 0.7967 0.5467 0.2577 0.2172 0.2531
rdgon_xmas.jpg
5 53.5170 26.5251 75.0880 0.9911 0.0344 -0.1286 0.2830 0.2359
5 48.7778 33.2867 85.3825 0.7656 0.5373 0.3537 0.2263 0.2816
5 54.4068 23.8299 85.1473 0.9237 -0.0991 0.3700 0.2830 0.2822
rdgon_xmas.jpg
5 44.6743 36.7103 79.1479 0.7967 0.5467 0.2577 0.2172 0.2531
5 37.3972 39.0254 90.6327 0.7968 0.4330 0.4214 0.1926 0.2829
5 41.8333 34.9550 93.7879 0.6767 0.6230 0.3924 0.2192 0.3102
rdgon_xmas.jpg
5 41.8333 34.9550 93.7879 0.6767 0.6230 0.3924 0.2192 0.3102
5 48.7778 33.2867 85.3825 0.7656 0.5373 0.3537 0.2263 0.2816
5 44.6743 36.7103 79.1479 0.7967 0.5467 0.2577 0.2172 0.2531
rdgon_xmas.jpg
5 37.3972 39.0254 90.6327 -0.9760 -0.2101 -0.0571 0.1926 0.2829
5 40.1843 24.6541 82.0712 -0.9991 -0.0107 0.0400 0.2830 0.2680
5 41.8333 34.9550 93.7879 -0.9739 -0.0839 0.2108 0.2192 0.3102
rdgon_xmas.jpg
5 36.4018 19.8929 99.8415 -0.9795 0.0521 -0.1945 0.2805 0.3568
5 41.8333 34.9550 93.7879 -0.9739 -0.0839 0.2108 0.2192 0.3102
5 40.1843 24.6541 82.0712 -0.9991 -0.0107 0.0400 0.2830 0.2680
rdgon_xmas.jpg
5 50.1633 37.8542 64.2330 0.8618 0.5071 -0.0113 0.2340 0.1831
5 54.1400 30.0536 61.9186 0.9999 0.0027 -0.0099 0.2830 0.1753
5 44.9517 36.6160 37.4258 0.8778 0.1239 -0.4627 0.2830 0.0698
rdgon_xmas.jpg
5 50.1633 37.8542 64.2330 0.8618 0.5071 -0.0113 0.2340 0.1831
5 46.5725 44.2718 72.6935 0.9154 0.3481 0.2023 0.2009 0.2224
5 44.6743 36.7103 79.1479 0.7967 0.5467 0.2577 0.2172 0.2531
rdgon_xmas.jpg
5 40.0333 45.7009 53.1864 -0.9593 -0.2114 0.1874 0.2228 0.1247
5 37.6706 38.6333 29.8966 -0.9787 -0.0532 0.1981 0.2830 0.0267
5 40.3879 35.2777 42.4204 -0.9743 -0.0583 0.2176 0.2830 0.0708
rdgon_xmas.jpg
5 40.0333 45.7009 53.1864 0.6648 0.7098 -0.2328 0.2228 0.1247
5 50.1633 37.8542 64.2330 0.8618 0.5071 -0.0113 0.2340 0.1831
5 44.9517 36.6160 37.4258 0.8778 0.1239 -0.4627 0.2830 0.0698
rdgon_xmas.jpg
5 46.5725 44.2718 72.6935 0.9154 0.3481 0.2023 0.2009 0.2224
5 41.9284 46.9312 62.7810 0.8104 0.5271 -0.2557 0.2066 0.1570
5 43.2603 51.3426 69.5923 0.9092 0.4156 -0.0235 0.1800 0.1850
rdgon_xmas.jpg
5 41.9284 46.9312 62.7810 0.8104 0.5271 -0.2557 0.2066 0.1570
5 46.5725 44.2718 72.6935 0.9154 0.3481 0.2023 0.2009 0.2224
5 50.1633 37.8542 64.2330 0.8618 0.5071 -0.0113 0.2340 0.1831
rdgon_xmas.jpg
5 41.9284 46.9312 62.7810 -0.9905 0.0317 -0.1341 0.2066 0.1570
5 37.3972 39.0254 90.6327 -0.9760 -0.2101 -0.0571 0.1926 0.2829
5 37.0113 51.7443 85.3990 -0.9160 0.3025 -0.2635 0.1529 0.2548
rdgon_xmas.jpg
5 37.0113 51.7443 85.3990 -0.9160 0.3025 -0.2635 0.1529 0.2548
5 43.2603 51.3426 69.5923 -0.6938 0.6588 -0.2910 0.1800 0.1850
5 41.9284 46.9312 62.7810 -0.9905 0.0317 -0.1341 0.2066 0.1570
rdgon_xmas.jpg
5 37.3972 39.0254 90.6327 0.7968 0.4330 0.4214 0.1926 0.2829
5 44.6743 36.7103 79.1479 0.7967 0.5467 0.2577 0.2172 0.2531
5 46.5725 44.2718 72.6935 0.9154 0.3481 0.2023 0.2009 0.2224
rdgon_xmas.jpg
5 46.5725 44.2718 72.6935 0.9154 0.3481 0.2023 0.2009 0.2224
5 37.0113 51.7443 85.3990 0.8331 0.3754 0.4062 0.1529 0.2548
5 37.3972 39.0254 90.6327 0.7968 0.4330 0.4214 0.1926 0.2829
rdgon_xmas.jpg
5 54.1400 30.0536 61.9186 0.9999 0.0027 -0.0099 0.2830 0.1753
5 44.6743 15.6745 73.5118 0.7967 -0.6023 -0.0501 0.2165 0.2524
5 50.1634 22.1408 60.0229 0.8618 -0.4335 -0.2633 0.2341 0.1843
rdgon_xmas.jpg
5 54.1400 30.0536 61.9186 0.9999 0.0027 -0.0099 0.2830 0.1753
5 53.5170 26.5251 75.0880 0.9911 0.0344 -0.1286 0.2830 0.2359
5 44.6743 15.6745 73.5118 0.7967 -0.6023 -0.0501 0.2165 0.2524
rdgon_xmas.jpg
5 44.9517 36.6160 37.4258 0.8778 0.1239 -0.4627 0.2830 0.0698
5 40.0334 20.8681 46.5329 0.6648 -0.4983 -0.5565 0.2229 0.1248
5 37.6706 38.6333 29.8966 0.7308 0.1766 -0.6594 0.2830 0.0267
rdgon_xmas.jpg
5 50.1634 22.1408 60.0229 0.8618 -0.4335 -0.2633 0.2341 0.1843
5 41.9285 15.0057 54.2272 0.8104 -0.3286 -0.4850 0.2064 0.1565
5 40.0334 20.8681 46.5329 0.6648 -0.4983 -0.5565 0.2229 0.1248
rdgon_xmas.jpg
5 46.5726 12.3530 64.1414 0.9154 -0.4026 0.0012 0.2030 0.2232
5 37.0114 -0.4710 71.4089 0.8331 -0.5281 0.1641 0.1534 0.2548
5 43.2604 7.7798 57.9205 0.9093 -0.3481 -0.2282 0.1796 0.1853
rdgon_xmas.jpg
5 48.7778 15.5224 80.6228 0.7656 -0.6422 0.0376 0.2261 0.2814
5 36.4018 19.8929 99.8415 0.7188 -0.1799 0.6715 0.2805 0.3568
5 41.8333 9.8750 87.0682 0.6767 -0.7357 0.0283 0.2194 0.3098
rdgon_xmas.jpg
5 48.7778 15.5224 80.6228 0.7656 -0.6422 0.0376 0.2261 0.2814
5 54.4068 23.8299 85.1473 0.9237 -0.0991 0.3700 0.2830 0.2822
5 36.4018 19.8929 99.8415 0.7188 -0.1799 0.6715 0.2805 0.3568
rdgon_xmas.jpg
5 40.3879 35.2777 42.4204 -0.9743 -0.0583 0.2176 0.2830 0.0708
5 40.0334 20.8681 46.5329 -0.9593 0.0894 0.2680 0.2229 0.1248
5 45.8985 29.6386 63.4676 -0.9998 -0.0046 0.0172 0.2830 0.1755
rdgon_xmas.jpg
5 40.0334 20.8681 46.5329 -0.9593 0.0894 0.2680 0.2229 0.1248
5 41.9285 15.0057 54.2272 -0.9905 0.0396 -0.1320 0.2064 0.1565
5 45.8985 29.6386 63.4676 -0.9998 -0.0046 0.0172 0.2830 0.1755
rdgon_xmas.jpg
5 41.9285 15.0057 54.2272 -0.9905 0.0396 -0.1320 0.2064 0.1565
5 37.3972 7.9273 82.3006 -0.9760 0.2105 0.0557 0.1918 0.2829
5 45.8985 29.6386 63.4676 -0.9998 -0.0046 0.0172 0.2830 0.1755
rdgon_xmas.jpg
5 37.3972 7.9273 82.3006 -0.9760 0.2105 0.0557 0.1918 0.2829
5 40.1843 24.6541 82.0712 -0.9991 -0.0107 0.0400 0.2830 0.2680
5 45.8985 29.6386 63.4676 -0.9998 -0.0046 0.0172 0.2830 0.1755
rdgon_xmas.jpg
5 48.7778 15.5224 80.6228 0.7656 -0.6422 0.0376 0.2261 0.2814
5 44.6743 15.6745 73.5118 0.7967 -0.6023 -0.0501 0.2165 0.2524
5 53.5170 26.5251 75.0880 0.9911 0.0344 -0.1286 0.2830 0.2359
rdgon_xmas.jpg
5 53.5170 26.5251 75.0880 0.9911 0.0344 -0.1286 0.2830 0.2359
5 54.4068 23.8299 85.1473 0.9237 -0.0991 0.3700 0.2830 0.2822
5 48.7778 15.5224 80.6228 0.7656 -0.6422 0.0376 0.2261 0.2814
rdgon_xmas.jpg
5 44.6743 15.6745 73.5118 0.7967 -0.6023 -0.0501 0.2165 0.2524
5 41.8333 9.8750 87.0682 0.6767 -0.7357 0.0283 0.2194 0.3098
5 37.3972 7.9273 82.3006 0.7968 -0.5857 0.1486 0.1918 0.2829
rdgon_xmas.jpg
5 41.8333 9.8750 87.0682 0.6767 -0.7357 0.0283 0.2194 0.3098
5 44.6743 15.6745 73.5118 0.7967 -0.6023 -0.0501 0.2165 0.2524
5 48.7778 15.5224 80.6228 0.7656 -0.6422 0.0376 0.2261 0.2814
rdgon_xmas.jpg
5 37.3972 7.9273 82.3006 -0.9760 0.2105 0.0557 0.1918 0.2829
5 41.8333 9.8750 87.0682 -0.9739 -0.0328 0.2244 0.2194 0.3098
5 40.1843 24.6541 82.0712 -0.9991 -0.0107 0.0400 0.2830 0.2680
rdgon_xmas.jpg
5 36.4018 19.8929 99.8415 -0.9795 0.0521 -0.1945 0.2805 0.3568
5 40.1843 24.6541 82.0712 -0.9991 -0.0107 0.0400 0.2830 0.2680
5 41.8333 9.8750 87.0682 -0.9739 -0.0328 0.2244 0.2194 0.3098
rdgon_xmas.jpg
5 50.1634 22.1408 60.0229 0.8618 -0.4335 -0.2633 0.2341 0.1843
5 44.9517 36.6160 37.4258 0.8778 0.1239 -0.4627 0.2830 0.0698
5 54.1400 30.0536 61.9186 0.9999 0.0027 -0.0099 0.2830 0.1753
rdgon_xmas.jpg
5 50.1634 22.1408 60.0229 0.8618 -0.4335 -0.2633 0.2341 0.1843
5 44.6743 15.6745 73.5118 0.7967 -0.6023 -0.0501 0.2165 0.2524
5 46.5726 12.3530 64.1414 0.9154 -0.4026 0.0012 0.2030 0.2232
rdgon_xmas.jpg
5 40.0334 20.8681 46.5329 -0.9593 0.0894 0.2680 0.2229 0.1248
5 40.3879 35.2777 42.4204 -0.9743 -0.0583 0.2176 0.2830 0.0708
5 37.6706 38.6333 29.8966 -0.9787 -0.0532 0.1981 0.2830 0.0267
rdgon_xmas.jpg
5 40.0334 20.8681 46.5329 0.6648 -0.4983 -0.5565 0.2229 0.1248
5 44.9517 36.6160 37.4258 0.8778 0.1239 -0.4627 0.2830 0.0698
5 50.1634 22.1408 60.0229 0.8618 -0.4335 -0.2633 0.2341 0.1843
rdgon_xmas.jpg
5 46.5726 12.3530 64.1414 0.9154 -0.4026 0.0012 0.2030 0.2232
5 43.2604 7.7798 57.9205 0.9093 -0.3481 -0.2282 0.1796 0.1853
5 41.9285 15.0057 54.2272 0.8104 -0.3286 -0.4850 0.2064 0.1565
rdgon_xmas.jpg
5 41.9285 15.0057 54.2272 0.8104 -0.3286 -0.4850 0.2064 0.1565
5 50.1634 22.1408 60.0229 0.8618 -0.4335 -0.2633 0.2341 0.1843
5 46.5726 12.3530 64.1414 0.9154 -0.4026 0.0012 0.2030 0.2232
rdgon_xmas.jpg
5 41.9285 15.0057 54.2272 -0.9905 0.0396 -0.1320 0.2064 0.1565
5 37.0114 -0.4710 71.4089 -0.9160 -0.1302 -0.3794 0.1534 0.2548
5 37.3972 7.9273 82.3006 -0.9760 0.2105 0.0557 0.1918 0.2829
rdgon_xmas.jpg
5 37.0114 -0.4710 71.4089 -0.9160 -0.1302 -0.3794 0.1534 0.2548
5 41.9285 15.0057 54.2272 -0.9905 0.0396 -0.1320 0.2064 0.1565
5 43.2604 7.7798 57.9205 -0.6938 -0.4251 -0.5814 0.1796 0.1853
rdgon_xmas.jpg
5 37.3972 7.9273 82.3006 0.7968 -0.5857 0.1486 0.1918 0.2829
5 46.5726 12.3530 64.1414 0.9154 -0.4026 0.0012 0.2030 0.2232
5 44.6743 15.6745 73.5118 0.7967 -0.6023 -0.0501 0.2165 0.2524
rdgon_xmas.jpg
5 46.5726 12.3530 64.1414 0.9154 -0.4026 0.0012 0.2030 0.2232
5 37.3972 7.9273 82.3006 0.7968 -0.5857 0.1486 0.1918 0.2829
5 37.0114 -0.4710 71.4089 0.8331 -0.5281 0.1641 0.1534 0.2548
rdgon_xmas.jpg
13 -54.4199 30.0540 61.9185 -0.9999 0.0027 -0.0099 0.2830 0.1753
13 -44.9543 36.7104 79.1479 -0.7967 0.5466 0.2578 0.2172 0.2531
13 -50.4433 37.8545 64.2331 -0.8618 0.5071 -0.0114 0.2340 0.1831
rdgon_xmas.jpg
13 -54.4199 30.0540 61.9185 -0.9999 0.0027 -0.0099 0.2830 0.1753
13 -53.7969 26.5253 75.0879 -0.9911 0.0345 -0.1285 0.2830 0.2359
13 -44.9543 36.7104 79.1479 -0.7967 0.5466 0.2578 0.2172 0.2531
rdgon_xmas.jpg
13 -45.2315 36.6167 37.4259 -0.8778 0.1240 -0.4627 0.2830 0.0698
13 -40.3132 45.7014 53.1866 -0.6648 0.7098 -0.2327 0.2228 0.1247
13 -37.9505 38.6341 29.8967 -0.7308 0.1767 -0.6593 0.2830 0.0267
rdgon_xmas.jpg
13 -50.4433 37.8545 64.2331 -0.8618 0.5071 -0.0114 0.2340 0.1831
13 -42.2084 46.9317 62.7812 -0.8104 0.5271 -0.2557 0.2066 0.1570
13 -40.3132 45.7014 53.1866 -0.6648 0.7098 -0.2327 0.2228 0.1247
rdgon_xmas.jpg
13 -46.8525 44.2720 72.6936 -0.9154 0.3481 0.2022 0.2009 0.2224
13 -37.2912 51.7444 85.3993 -0.8331 0.3753 0.4062 0.1529 0.2548
13 -43.5402 51.3428 69.5926 -0.9092 0.4156 -0.0235 0.1800 0.1850
rdgon_xmas.jpg
13 -49.0577 33.2867 85.3825 -0.7656 0.5373 0.3537 0.2263 0.2816
13 -36.6817 19.8927 99.8412 -0.7188 -0.1799 0.6715 0.2805 0.3568
13 -42.1132 34.9550 93.7879 -0.6767 0.6230 0.3924 0.2192 0.3102
rdgon_xmas.jpg
13 -49.0577 33.2867 85.3825 -0.7656 0.5373 0.3537 0.2263 0.2816
13 -54.6867 23.8299 85.1472 -0.9237 -0.0991 0.3700 0.2830 0.2822
13 -36.6817 19.8927 99.8412 -0.7188 -0.1799 0.6715 0.2805 0.3568
rdgon_xmas.jpg
13 -40.6677 35.2784 42.4205 0.9743 -0.0583 0.2175 0.2830 0.0708
13 -40.3132 45.7014 53.1866 0.9593 -0.2114 0.1874 0.2228 0.1247
13 -46.1784 29.6389 63.4676 0.9998 -0.0046 0.0172 0.2830 0.1755
rdgon_xmas.jpg
13 -40.3132 45.7014 53.1866 0.9593 -0.2114 0.1874 0.2228 0.1247
13 -42.2084 46.9317 62.7812 0.9905 0.0317 -0.1341 0.2066 0.1570
13 -46.1784 29.6389 63.4676 0.9998 -0.0046 0.0172 0.2830 0.1755
rdgon_xmas.jpg
13 -42.2084 46.9317 62.7812 0.9905 0.0317 -0.1341 0.2066 0.1570
13 -37.6771 39.0253 90.6328 0.9760 -0.2101 -0.0570 0.1926 0.2829
13 -46.1784 29.6389 63.4676 0.9998 -0.0046 0.0172 0.2830 0.1755
rdgon_xmas.jpg
13 -37.6771 39.0253 90.6328 0.9760 -0.2101 -0.0570 0.1926 0.2829
13 -40.4642 24.6542 82.0711 0.9991 -0.0107 0.0400 0.2830 0.2680
13 -46.1784 29.6389 63.4676 0.9998 -0.0046 0.0172 0.2830 0.1755
rdgon_xmas.jpg
13 -49.0577 33.2867 85.3825 -0.7656 0.5373 0.3537 0.2263 0.2816
13 -44.9543 36.7104 79.1479 -0.7967 0.5466 0.2578 0.2172 0.2531
13 -53.7969 26.5253 75.0879 -0.9911 0.0345 -0.1285 0.2830 0.2359
rdgon_xmas.jpg
13 -53.7969 26.5253 75.0879 -0.9911 0.0345 -0.1285 0.2830 0.2359
13 -54.6867 23.8299 85.1472 -0.9237 -0.0991 0.3700 0.2830 0.2822
13 -49.0577 33.2867 85.3825 -0.7656 0.5373 0.3537 0.2263 0.2816
rdgon_xmas.jpg
13 -44.9543 36.7104 79.1479 -0.7967 0.5466 0.2578 0.2172 0.2531
13 -42.1132 34.9550 93.7879 -0.6767 0.6230 0.3924 0.2192 0.3102
13 -37.6771 39.0253 90.6328 -0.7968 0.4329 0.4215 0.1926 0.2829
rdgon_xmas.jpg
13 -42.1132 34.9550 93.7879 -0.6767 0.6230 0.3924 0.2192 0.3102
13 -44.9543 36.7104 79.1479 -0.7967 0.5466 0.2578 0.2172 0.2531
13 -49.0577 33.2867 85.3825 -0.7656 0.5373 0.3537 0.2263 0.2816
rdgon_xmas.jpg
13 -37.6771 39.0253 90.6328 0.9760 -0.2101 -0.0570 0.1926 0.2829
13 -42.1132 34.9550 93.7879 0.9739 -0.0839 0.2108 0.2192 0.3102
13 -40.4642 24.6542 82.0711 0.9991 -0.0107 0.0400 0.2830 0.2680
rdgon_xmas.jpg
13 -36.6817 19.8927 99.8412 0.9795 0.0522 -0.1946 0.2805 0.3568
13 -40.4642 24.6542 82.0711 0.9991 -0.0107 0.0400 0.2830 0.2680
13 -42.1132 34.9550 93.7879 0.9739 -0.0839 0.2108 0.2192 0.3102
rdgon_xmas.jpg
13 -50.4433 37.8545 64.2331 -0.8618 0.5071 -0.0114 0.2340 0.1831
13 -45.2315 36.6167 37.4259 -0.8778 0.1240 -0.4627 0.2830 0.0698
13 -54.4199 30.0540 61.9185 -0.9999 0.0027 -0.0099 0.2830 0.1753
rdgon_xmas.jpg
13 -50.4433 37.8545 64.2331 -0.8618 0.5071 -0.0114 0.2340 0.1831
13 -44.9543 36.7104 79.1479 -0.7967 0.5466 0.2578 0.2172 0.2531
13 -46.8525 44.2720 72.6936 -0.9154 0.3481 0.2022 0.2009 0.2224
rdgon_xmas.jpg
13 -40.3132 45.7014 53.1866 0.9593 -0.2114 0.1874 0.2228 0.1247
13 -40.6677 35.2784 42.4205 0.9743 -0.0583 0.2175 0.2830 0.0708
13 -37.9505 38.6341 29.8967 0.9787 -0.0531 0.1982 0.2830 0.0267
rdgon_xmas.jpg
13 -40.3132 45.7014 53.1866 -0.6648 0.7098 -0.2327 0.2228 0.1247
13 -45.2315 36.6167 37.4259 -0.8778 0.1240 -0.4627 0.2830 0.0698
13 -50.4433 37.8545 64.2331 -0.8618 0.5071 -0.0114 0.2340 0.1831
rdgon_xmas.jpg
13 -46.8525 44.2720 72.6936 -0.9154 0.3481 0.2022 0.2009 0.2224
13 -43.5402 51.3428 69.5926 -0.9092 0.4156 -0.0235 0.1800 0.1850
13 -42.2084 46.9317 62.7812 -0.8104 0.5271 -0.2557 0.2066 0.1570
rdgon_xmas.jpg
13 -42.2084 46.9317 62.7812 -0.8104 0.5271 -0.2557 0.2066 0.1570
13 -50.4433 37.8545 64.2331 -0.8618 0.5071 -0.0114 0.2340 0.1831
13 -46.8525 44.2720 72.6936 -0.9154 0.3481 0.2022 0.2009 0.2224
rdgon_xmas.jpg
13 -42.2084 46.9317 62.7812 0.9905 0.0317 -0.1341 0.2066 0.1570
13 -37.2912 51.7444 85.3993 0.9160 0.3024 -0.2635 0.1529 0.2548
13 -37.6771 39.0253 90.6328 0.9760 -0.2101 -0.0570 0.1926 0.2829
rdgon_xmas.jpg
13 -37.2912 51.7444 85.3993 0.9160 0.3024 -0.2635 0.1529 0.2548
13 -42.2084 46.9317 62.7812 0.9905 0.0317 -0.1341 0.2066 0.1570
13 -43.5402 51.3428 69.5926 0.6938 0.6588 -0.2910 0.1800 0.1850
rdgon_xmas.jpg
13 -37.6771 39.0253 90.6328 -0.7968 0.4329 0.4215 0.1926 0.2829
13 -46.8525 44.2720 72.6936 -0.9154 0.3481 0.2022 0.2009 0.2224
13 -44.9543 36.7104 79.1479 -0.7967 0.5466 0.2578 0.2172 0.2531
rdgon_xmas.jpg
13 -46.8525 44.2720 72.6936 -0.9154 0.3481 0.2022 0.2009 0.2224
13 -37.6771 39.0253 90.6328 -0.7968 0.4329 0.4215 0.1926 0.2829
13 -37.2912 51.7444 85.3993 -0.8331 0.3753 0.4062 0.1529 0.2548
rdgon_xmas.jpg
13 -54.4199 30.0540 61.9185 -0.9999 0.0027 -0.0099 0.2830 0.1753
13 -50.4432 22.1412 60.0228 -0.8618 -0.4335 -0.2634 0.2341 0.1843
13 -44.9543 15.6747 73.5115 -0.7967 -0.6023 -0.0501 0.2165 0.2524
rdgon_xmas.jpg
13 -54.4199 30.0540 61.9185 -0.9999 0.0027 -0.0099 0.2830 0.1753
13 -44.9543 15.6747 73.5115 -0.7967 -0.6023 -0.0501 0.2165 0.2524
13 -53.7969 26.5253 75.0879 -0.9911 0.0345 -0.1285 0.2830 0.2359
rdgon_xmas.jpg
13 -45.2315 36.6167 37.4259 -0.8778 0.1240 -0.4627 0.2830 0.0698
13 -37.9505 38.6341 29.8967 -0.7308 0.1767 -0.6593 0.2830 0.0267
13 -40.3132 20.8687 46.5328 -0.6648 -0.4984 -0.5565 0.2229 0.1248
rdgon_xmas.jpg
13 -50.4432 22.1412 60.0228 -0.8618 -0.4335 -0.2634 0.2341 0.1843
13 -40.3132 20.8687 46.5328 -0.6648 -0.4984 -0.5565 0.2229 0.1248
13 -42.2083 15.0061 54.2269 -0.8104 -0.3286 -0.4850 0.2064 0.1565
rdgon_xmas.jpg
13 -46.8524 12.3533 64.1412 -0.9154 -0.4026 0.0011 0.2030 0.2232
13 -43.5402 7.7802 57.9201 -0.9092 -0.3482 -0.2282 0.1796 0.1853
13 -37.2911 -0.4708 71.4084 -0.8331 -0.5282 0.1641 0.1534 0.2548
rdgon_xmas.jpg
13 -49.0578 15.5225 80.6226 -0.7656 -0.6422 0.0377 0.2261 0.2814
13 -42.1132 9.8750 87.0679 -0.6767 -0.7357 0.0283 0.2194 0.3098
13 -36.6817 19.8927 99.8412 -0.7188 -0.1799 0.6715 0.2805 0.3568
rdgon_xmas.jpg
13 -49.0578 15.5225 80.6226 -0.7656 -0.6422 0.0377 0.2261 0.2814
13 -36.6817 19.8927 99.8412 -0.7188 -0.1799 0.6715 0.2805 0.3568
13 -54.6867 23.8299 85.1472 -0.9237 -0.0991 0.3700 0.2830 0.2822
rdgon_xmas.jpg
13 -40.6677 35.2784 42.4205 0.9743 -0.0583 0.2175 0.2830 0.0708
13 -46.1784 29.6389 63.4676 0.9998 -0.0046 0.0172 0.2830 0.1755
13 -40.3132 20.8687 46.5328 0.9593 0.0893 0.2680 0.2229 0.1248
rdgon_xmas.jpg
13 -40.3132 20.8687 46.5328 0.9593 0.0893 0.2680 0.2229 0.1248
13 -46.1784 29.6389 63.4676 0.9998 -0.0046 0.0172 0.2830 0.1755
13 -42.2083 15.0061 54.2269 0.9905 0.0396 -0.1320 0.2064 0.1565
rdgon_xmas.jpg
13 -42.2083 15.0061 54.2269 0.9905 0.0396 -0.1320 0.2064 0.1565
13 -46.1784 29.6389 63.4676 0.9998 -0.0046 0.0172 0.2830 0.1755
13 -37.6771 7.9274 82.3003 0.9760 0.2105 0.0556 0.1918 0.2829
rdgon_xmas.jpg
13 -37.6771 7.9274 82.3003 0.9760 0.2105 0.0556 0.1918 0.2829
13 -46.1784 29.6389 63.4676 0.9998 -0.0046 0.0172 0.2830 0.1755
13 -40.4642 24.6542 82.0711 0.9991 -0.0107 0.0400 0.2830 0.2680
rdgon_xmas.jpg
13 -49.0578 15.5225 80.6226 -0.7656 -0.6422 0.0377 0.2261 0.2814
13 -53.7969 26.5253 75.0879 -0.9911 0.0345 -0.1285 0.2830 0.2359
13 -44.9543 15.6747 73.5115 -0.7967 -0.6023 -0.0501 0.2165 0.2524
rdgon_xmas.jpg
13 -53.7969 26.5253 75.0879 -0.9911 0.0345 -0.1285 0.2830 0.2359
13 -49.0578 15.5225 80.6226 -0.7656 -0.6422 0.0377 0.2261 0.2814
13 -54.6867 23.8299 85.1472 -0.9237 -0.0991 0.3700 0.2830 0.2822
rdgon_xmas.jpg
13 -44.9543 15.6747 73.5115 -0.7967 -0.6023 -0.0501 0.2165 0.2524
13 -37.6771 7.9274 82.3003 -0.7968 -0.5857 0.1486 0.1918 0.2829
13 -42.1132 9.8750 87.0679 -0.6767 -0.7357 0.0283 0.2194 0.3098
rdgon_xmas.jpg
13 -42.1132 9.8750 87.0679 -0.6767 -0.7357 0.0283 0.2194 0.3098
13 -49.0578 15.5225 80.6226 -0.7656 -0.6422 0.0377 0.2261 0.2814
13 -44.9543 15.6747 73.5115 -0.7967 -0.6023 -0.0501 0.2165 0.2524
rdgon_xmas.jpg
13 -37.6771 7.9274 82.3003 0.9760 0.2105 0.0556 0.1918 0.2829
13 -40.4642 24.6542 82.0711 0.9991 -0.0107 0.0400 0.2830 0.2680
13 -42.1132 9.8750 87.0679 0.9739 -0.0328 0.2245 0.2194 0.3098
rdgon_xmas.jpg
13 -36.6817 19.8927 99.8412 0.9795 0.0522 -0.1946 0.2805 0.3568
13 -42.1132 9.8750 87.0679 0.9739 -0.0328 0.2245 0.2194 0.3098
13 -40.4642 24.6542 82.0711 0.9991 -0.0107 0.0400 0.2830 0.2680
rdgon_xmas.jpg
13 -50.4432 22.1412 60.0228 -0.8618 -0.4335 -0.2634 0.2341 0.1843
13 -54.4199 30.0540 61.9185 -0.9999 0.0027 -0.0099 0.2830 0.1753
13 -45.2315 36.6167 37.4259 -0.8778 0.1240 -0.4627 0.2830 0.0698
rdgon_xmas.jpg
13 -50.4432 22.1412 60.0228 -0.8618 -0.4335 -0.2634 0.2341 0.1843
13 -46.8524 12.3533 64.1412 -0.9154 -0.4026 0.0011 0.2030 0.2232
13 -44.9543 15.6747 73.5115 -0.7967 -0.6023 -0.0501 0.2165 0.2524
rdgon_xmas.jpg
13 -40.3132 20.8687 46.5328 0.9593 0.0893 0.2680 0.2229 0.1248
13 -37.9505 38.6341 29.8967 0.9787 -0.0531 0.1982 0.2830 0.0267
13 -40.6677 35.2784 42.4205 0.9743 -0.0583 0.2175 0.2830 0.0708
rdgon_xmas.jpg
13 -40.3132 20.8687 46.5328 -0.6648 -0.4984 -0.5565 0.2229 0.1248
13 -50.4432 22.1412 60.0228 -0.8618 -0.4335 -0.2634 0.2341 0.1843
13 -45.2315 36.6167 37.4259 -0.8778 0.1240 -0.4627 0.2830 0.0698
rdgon_xmas.jpg
13 -46.8524 12.3533 64.1412 -0.9154 -0.4026 0.0011 0.2030 0.2232
13 -42.2083 15.0061 54.2269 -0.8104 -0.3286 -0.4850 0.2064 0.1565
13 -43.5402 7.7802 57.9201 -0.9092 -0.3482 -0.2282 0.1796 0.1853
rdgon_xmas.jpg
13 -42.2083 15.0061 54.2269 -0.8104 -0.3286 -0.4850 0.2064 0.1565
13 -46.8524 12.3533 64.1412 -0.9154 -0.4026 0.0011 0.2030 0.2232
13 -50.4432 22.1412 60.0228 -0.8618 -0.4335 -0.2634 0.2341 0.1843
rdgon_xmas.jpg
13 -42.2083 15.0061 54.2269 0.9905 0.0396 -0.1320 0.2064 0.1565
13 -37.6771 7.9274 82.3003 0.9760 0.2105 0.0556 0.1918 0.2829
13 -37.2911 -0.4708 71.4084 0.9160 -0.1302 -0.3794 0.1534 0.2548
rdgon_xmas.jpg
13 -37.2911 -0.4708 71.4084 0.9160 -0.1302 -0.3794 0.1534 0.2548
13 -43.5402 7.7802 57.9201 0.6938 -0.4251 -0.5814 0.1796 0.1853
13 -42.2083 15.0061 54.2269 0.9905 0.0396 -0.1320 0.2064 0.1565
rdgon_xmas.jpg
13 -37.6771 7.9274 82.3003 -0.7968 -0.5857 0.1486 0.1918 0.2829
13 -44.9543 15.6747 73.5115 -0.7967 -0.6023 -0.0501 0.2165 0.2524
13 -46.8524 12.3533 64.1412 -0.9154 -0.4026 0.0011 0.2030 0.2232
rdgon_xmas.jpg
13 -46.8524 12.3533 64.1412 -0.9154 -0.4026 0.0011 0.2030 0.2232
13 -37.2911 -0.4708 71.4084 -0.8331 -0.5282 0.1641 0.1534 0.2548
13 -37.6771 7.9274 82.3003 -0.7968 -0.5857 0.1486 0.1918 0.2829
rdgon_xmas.jpg
21 -0.1048 5.5659 143.6884 0.0000 -0.3659 0.9307 0.0101 0.2187
21 14.7423 18.7997 145.2552 0.5368 -0.3826 0.7520 0.0566 0.3286
21 -0.1049 19.6137 151.7245 -0.0000 -0.5318 0.8469 0.0101 0.3378
rdgon_xmas.jpg
21 -0.1048 5.5659 143.6884 0.0000 -0.3659 0.9307 0.0101 0.2187
21 10.7737 6.4028 138.4420 0.4299 -0.4050 0.8069 0.0496 0.2131
21 14.7423 18.7997 145.2552 0.5368 -0.3826 0.7520 0.0566 0.3286
rdgon_xmas.jpg
21 -0.1048 5.5659 143.6884 0.0000 -0.3659 0.9307 0.0101 0.2187
21 17.1122 -17.4670 130.6975 0.5007 -0.1221 0.8570 0.0861 0.1400
21 10.7737 6.4028 138.4420 0.4299 -0.4050 0.8069 0.0496 0.2131
rdgon_xmas.jpg
21 -0.1048 5.5659 143.6884 0.0000 -0.3659 0.9307 0.0101 0.2187
21 -0.1051 -18.9361 140.1007 0.0000 -0.2080 0.9781 0.0101 0.1660
21 17.1122 -17.4670 130.6975 0.5007 -0.1221 0.8570 0.0861 0.1400
rdgon_xmas.jpg
21 12.1992 41.2448 160.3789 0.0258 0.9411 -0.3371 0.0515 0.4538
21 17.2841 35.7114 147.7800 0.0709 0.8388 -0.5398 0.0784 0.4302
21 -0.1051 36.4582 146.0746 0.0000 0.8937 -0.4487 0.0581 0.4067
rdgon_xmas.jpg
21 -0.1047 43.3122 168.0280 0.0000 0.9546 -0.2980 0.0101 0.4568
21 12.1992 41.2448 160.3789 0.0258 0.9411 -0.3371 0.0515 0.4538
21 -0.1051 36.4582 146.0746 0.0000 0.8937 -0.4487 0.0581 0.4067
rdgon_xmas.jpg
21 10.7737 6.4028 138.4420 0.4299 -0.4050 0.8069 0.0496 0.2131
21 17.1122 -17.4670 130.6975 0.5007 -0.1221 0.8570 0.0861 0.1400
21 22.0421 2.0453 129.5428 0.4785 -0.3796 0.7918 0.1119 0.2135
rdgon_xmas.jpg
21 -0.1051 -35.6744 133.5664 -0.0000 -0.5727 0.8198 0.0101 0.0839
21 -0.1050 -44.6839 123.2383 -0.0000 -0.7536 0.6574 0.0101 0.0157
21 19.8882 -28.2800 128.0599 0.4393 -0.3861 0.8111 0.1000 0.0981
rdgon_xmas.jpg
21 -0.1050 29.7462 138.2677 0.0000 0.6390 -0.7692 0.0735 0.3759
21 21.7362 31.0561 141.5446 0.0210 0.4747 -0.8799 0.1129 0.3586
21 -0.1050 8.2334 132.6631 -0.0000 0.1874 -0.9823 0.0872 0.2315
rdgon_xmas.jpg
21 21.7362 31.0561 141.5446 0.0210 0.4747 -0.8799 0.1129 0.3586
21 22.0421 2.0453 129.5428 -0.0789 0.2521 -0.9645 0.1119 0.2135
21 -0.1050 8.2334 132.6631 -0.0000 0.1874 -0.9823 0.0872 0.2315
rdgon_xmas.jpg
21 22.0421 2.0453 129.5428 -0.0789 0.2521 -0.9645 0.1119 0.2135
21 17.1122 -17.4670 130.6975 -0.0157 0.1588 -0.9872 0.0861 0.1400
21 -0.1050 8.2334 132.6631 -0.0000 0.1874 -0.9823 0.0872 0.2315
rdgon_xmas.jpg
21 17.1122 -17.4670 130.6975 -0.0157 0.1588 -0.9872 0.0861 0.1400
21 -0.1050 -28.3801 127.9795 -0.0000 0.2038 -0.9790 0.1001 0.0975
21 -0.1050 8.2334 132.6631 -0.0000 0.1874 -0.9823 0.0872 0.2315
rdgon_xmas.jpg
21 12.1992 41.2448 160.3789 0.5591 -0.4325 0.7074 0.0515 0.4538
21 -0.1047 43.3122 168.0280 -0.0000 -0.5668 0.8239 0.0101 0.4568
21 -0.1049 19.6137 151.7245 -0.0000 -0.5318 0.8469 0.0101 0.3378
rdgon_xmas.jpg
21 -0.1049 19.6137 151.7245 -0.0000 -0.5318 0.8469 0.0101 0.3378
21 14.7423 18.7997 145.2552 0.5368 -0.3826 0.7520 0.0566 0.3286
21 12.1992 41.2448 160.3789 0.5591 -0.4325 0.7074 0.0515 0.4538
rdgon_xmas.jpg
21 -0.1050 29.7462 138.2677 0.0000 0.6390 -0.7692 0.0735 0.3759
21 17.2841 35.7114 147.7800 0.0709 0.8388 -0.5398 0.0784 0.4302
21 21.7362 31.0561 141.5446 0.0210 0.4747 -0.8799 0.1129 0.3586
rdgon_xmas.jpg
21 17.2841 35.7114 147.7800 0.0709 0.8388 -0.5398 0.0784 0.4302
21 -0.1050 29.7462 138.2677 0.0000 0.6390 -0.7692 0.0735 0.3759
21 -0.1051 36.4582 146.0746 0.0000 0.8937 -0.4487 0.0581 0.4067
rdgon_xmas.jpg
21 17.2841 35.7114 147.7800 0.8039 -0.2042 0.5586 0.0784 0.4302
21 12.1992 41.2448 160.3789 0.5591 -0.4325 0.7074 0.0515 0.4538
21 14.7423 18.7997 145.2552 0.5368 -0.3826 0.7520 0.0566 0.3286
rdgon_xmas.jpg
21 14.7423 18.7997 145.2552 0.5368 -0.3826 0.7520 0.0566 0.3286
21 21.7362 31.0561 141.5446 0.6671 -0.1604 0.7275 0.1129 0.3586
21 17.2841 35.7114 147.7800 0.8039 -0.2042 0.5586 0.0784 0.4302
rdgon_xmas.jpg
21 10.7737 6.4028 138.4420 0.4299 -0.4050 0.8069 0.0496 0.2131
21 30.1435 8.7862 131.7721 0.4378 -0.4383 0.7850 0.1481 0.2516
21 14.7423 18.7997 145.2552 0.5368 -0.3826 0.7520 0.0566 0.3286
rdgon_xmas.jpg
21 -0.1051 -18.9361 140.1007 0.0000 -0.2080 0.9781 0.0101 0.1660
21 -0.1051 -35.6744 133.5664 -0.0000 -0.5727 0.8198 0.0101 0.0839
21 19.8882 -28.2800 128.0599 0.4393 -0.3861 0.8111 0.1000 0.0981
rdgon_xmas.jpg
21 21.7362 31.0561 141.5446 0.6671 -0.1604 0.7275 0.1129 0.3586
21 14.7423 18.7997 145.2552 0.5368 -0.3826 0.7520 0.0566 0.3286
21 30.1435 8.7862 131.7721 0.4378 -0.4383 0.7850 0.1481 0.2516
rdgon_xmas.jpg
21 21.7362 31.0561 141.5446 0.0210 0.4747 -0.8799 0.1129 0.3586
21 30.1435 8.7862 131.7721 -0.0631 0.3809 -0.9225 0.1481 0.2516
21 22.0421 2.0453 129.5428 -0.0789 0.2521 -0.9645 0.1119 0.2135
rdgon_xmas.jpg
21 10.7737 6.4028 138.4420 0.4299 -0.4050 0.8069 0.0496 0.2131
21 22.0421 2.0453 129.5428 0.4785 -0.3796 0.7918 0.1119 0.2135
21 30.1435 8.7862 131.7721 0.4378 -0.4383 0.7850 0.1481 0.2516
rdgon_xmas.jpg
21 -0.1051 -18.9361 140.1007 0.0000 -0.2080 0.9781 0.0101 0.1660
21 19.8882 -28.2800 128.0599 0.4393 -0.3861 0.8111 0.1000 0.0981
21 17.1122 -17.4670 130.6975 0.5007 -0.1221 0.8570 0.0861 0.1400
rdgon_xmas.jpg
21 17.1122 -17.4670 130.6975 -0.0157 0.1588 -0.9872 0.0861 0.1400
21 -0.1050 -44.6839 123.2383 -0.0000 0.2621 -0.9650 0.0101 0.0157
21 -0.1050 -28.3801 127.9795 -0.0000 0.2038 -0.9790 0.1001 0.0975
rdgon_xmas.jpg
21 -0.1050 -44.6839 123.2383 -0.0000 0.2621 -0.9650 0.0101 0.0157
21 17.1122 -17.4670 130.6975 -0.0157 0.1588 -0.9872 0.0861 0.1400
21 19.8882 -28.2800 128.0599 0.0328 0.2448 -0.9690 0.1000 0.0981
rdgon_xmas.jpg
21 -0.1048 5.5659 143.6884 0.0000 -0.3659 0.9307 0.0101 0.2187
21 -0.1049 19.6137 151.7245 -0.0000 -0.5318 0.8469 0.0101 0.3378
21 -14.9524 18.7997 145.2552 -0.5368 -0.3826 0.7520 0.0566 0.3286
rdgon_xmas.jpg
21 -0.1048 5.5659 143.6884 0.0000 -0.3659 0.9307 0.0101 0.2187
21 -14.9524 18.7997 145.2552 -0.5368 -0.3826 0.7520 0.0566 0.3286
21 -10.9838 6.4028 138.4420 -0.4299 -0.4050 0.8069 0.0496 0.2131
rdgon_xmas.jpg
21 -0.1048 5.5659 143.6884 0.0000 -0.3659 0.9307 0.0101 0.2187
21 -10.9838 6.4028 138.4420 -0.4299 -0.4050 0.8069 0.0496 0.2131
21 -17.3223 -17.4670 130.6976 -0.5007 -0.1221 0.8570 0.0861 0.1400
rdgon_xmas.jpg
21 -0.1048 5.5659 143.6884 0.0000 -0.3659 0.9307 0.0101 0.2187
21 -17.3223 -17.4670 130.6976 -0.5007 -0.1221 0.8570 0.0861 0.1400
21 -0.1051 -18.9361 140.1007 0.0000 -0.2080 0.9781 0.0101 0.1660
rdgon_xmas.jpg
21 -12.4092 41.2448 160.3789 -0.0258 0.9411 -0.3371 0.0515 0.4538
21 -0.1051 36.4582 146.0746 0.0000 0.8937 -0.4487 0.0581 0.4067
21 -17.4941 35.7114 147.7800 -0.0709 0.8388 -0.5398 0.0784 0.4302
rdgon_xmas.jpg
21 -0.1047 43.3122 168.0280 0.0000 0.9546 -0.2980 0.0101 0.4568
21 -0.1051 36.4582 146.0746 0.0000 0.8937 -0.4487 0.0581 0.4067
21 -12.4092 41.2448 160.3789 -0.0258 0.9411 -0.3371 0.0515 0.4538
rdgon_xmas.jpg
21 -10.9838 6.4028 138.4420 -0.4299 -0.4050 0.8069 0.0496 0.2131
21 -22.2522 2.0453 129.5428 -0.4785 -0.3796 0.7918 0.1119 0.2135
21 -17.3223 -17.4670 130.6976 -0.5007 -0.1221 0.8570 0.0861 0.1400
rdgon_xmas.jpg
21 -0.1051 -35.6744 133.5664 -0.0000 -0.5727 0.8198 0.0101 0.0839
21 -20.0983 -28.2800 128.0599 -0.4393 -0.3861 0.8111 0.1000 0.0981
21 -0.1050 -44.6839 123.2383 -0.0000 -0.7536 0.6574 0.0101 0.0157
rdgon_xmas.jpg
21 -0.1050 29.7462 138.2677 0.0000 0.6390 -0.7692 0.0735 0.3759
21 -0.1050 8.2334 132.6631 -0.0000 0.1874 -0.9823 0.0872 0.2315
21 -21.9463 31.0561 141.5446 -0.0210 0.4747 -0.8799 0.1129 0.3586
rdgon_xmas.jpg
21 -21.9463 31.0561 141.5446 -0.0210 0.4747 -0.8799 0.1129 0.3586
21 -0.1050 8.2334 132.6631 -0.0000 0.1874 -0.9823 0.0872 0.2315
21 -22.2522 2.0453 129.5428 0.0789 0.2521 -0.9645 0.1119 0.2135
rdgon_xmas.jpg
21 -22.2522 2.0453 129.5428 0.0789 0.2521 -0.9645 0.1119 0.2135
21 -0.1050 8.2334 132.6631 -0.0000 0.1874 -0.9823 0.0872 0.2315
21 -17.3223 -17.4670 130.6976 0.0157 0.1588 -0.9872 0.0861 0.1400
rdgon_xmas.jpg
21 -17.3223 -17.4670 130.6976 0.0157 0.1588 -0.9872 0.0861 0.1400
21 -0.1050 8.2334 132.6631 -0.0000 0.1874 -0.9823 0.0872 0.2315
21 -0.1050 -28.3801 127.9795 -0.0000 0.2038 -0.9790 0.1001 0.0975
rdgon_xmas.jpg
21 -12.4092 41.2448 160.3789 -0.5590 -0.4325 0.7074 0.0515 0.4538
21 -0.1049 19.6137 151.7245 -0.0000 -0.5318 0.8469 0.0101 0.3378
21 -0.1047 43.3122 168.0280 -0.0000 -0.5668 0.8239 0.0101 0.4568
rdgon_xmas.jpg
21 -0.1049 19.6137 151.7245 -0.0000 -0.5318 0.8469 0.0101 0.3378
21 -12.4092 41.2448 160.3789 -0.5590 -0.4325 0.7074 0.0515 0.4538
21 -14.9524 18.7997 145.2552 -0.5368 -0.3826 0.7520 0.0566 0.3286
rdgon_xmas.jpg
21 -0.1050 29.7462 138.2677 0.0000 0.6390 -0.7692 0.0735 0.3759
21 -21.9463 31.0561 141.5446 -0.0210 0.4747 -0.8799 0.1129 0.3586
21 -17.4941 35.7114 147.7800 -0.0709 0.8388 -0.5398 0.0784 0.4302
rdgon_xmas.jpg
21 -17.4941 35.7114 147.7800 -0.0709 0.8388 -0.5398 0.0784 0.4302
21 -0.1051 36.4582 146.0746 0.0000 0.8937 -0.4487 0.0581 0.4067
21 -0.1050 29.7462 138.2677 0.0000 0.6390 -0.7692 0.0735 0.3759
rdgon_xmas.jpg
21 -17.4941 35.7114 147.7800 -0.8039 -0.2042 0.5586 0.0784 0.4302
21 -14.9524 18.7997 145.2552 -0.5368 -0.3826 0.7520 0.0566 0.3286
21 -12.4092 41.2448 160.3789 -0.5590 -0.4325 0.7074 0.0515 0.4538
rdgon_xmas.jpg
21 -14.9524 18.7997 145.2552 -0.5368 -0.3826 0.7520 0.0566 0.3286
21 -17.4941 35.7114 147.7800 -0.8039 -0.2042 0.5586 0.0784 0.4302
21 -21.9463 31.0561 141.5446 -0.6671 -0.1604 0.7275 0.1129 0.3586
rdgon_xmas.jpg
21 -10.9838 6.4028 138.4420 -0.4299 -0.4050 0.8069 0.0496 0.2131
21 -14.9524 18.7997 145.2552 -0.5368 -0.3826 0.7520 0.0566 0.3286
21 -30.3535 8.7861 131.7721 -0.4378 -0.4383 0.7850 0.1481 0.2516
rdgon_xmas.jpg
21 -0.1051 -18.9361 140.1007 0.0000 -0.2080 0.9781 0.0101 0.1660
21 -20.0983 -28.2800 128.0599 -0.4393 -0.3861 0.8111 0.1000 0.0981
21 -0.1051 -35.6744 133.5664 -0.0000 -0.5727 0.8198 0.0101 0.0839
rdgon_xmas.jpg
21 -21.9463 31.0561 141.5446 -0.6671 -0.1604 0.7275 0.1129 0.3586
21 -30.3535 8.7861 131.7721 -0.4378 -0.4383 0.7850 0.1481 0.2516
21 -14.9524 18.7997 145.2552 -0.5368 -0.3826 0.7520 0.0566 0.3286
rdgon_xmas.jpg
21 -21.9463 31.0561 141.5446 -0.0210 0.4747 -0.8799 0.1129 0.3586
21 -22.2522 2.0453 129.5428 0.0789 0.2521 -0.9645 0.1119 0.2135
21 -30.3535 8.7861 131.7721 0.0631 0.3809 -0.9225 0.1481 0.2516
rdgon_xmas.jpg
21 -10.9838 6.4028 138.4420 -0.4299 -0.4050 0.8069 0.0496 0.2131
21 -30.3535 8.7861 131.7721 -0.4378 -0.4383 0.7850 0.1481 0.2516
21 -22.2522 2.0453 129.5428 -0.4785 -0.3796 0.7918 0.1119 0.2135
rdgon_xmas.jpg
21 -0.1051 -18.9361 140.1007 0.0000 -0.2080 0.9781 0.0101 0.1660
21 -17.3223 -17.4670 130.6976 -0.5007 -0.1221 0.8570 0.0861 0.1400
21 -20.0983 -28.2800 128.0599 -0.4393 -0.3861 0.8111 0.1000 0.0981
rdgon_xmas.jpg
21 -17.3223 -17.4670 130.6976 0.0157 0.1588 -0.9872 0.0861 0.1400
21 -0.1050 -28.3801 127.9795 -0.0000 0.2038 -0.9790 0.1001 0.0975
21 -0.1050 -44.6839 123.2383 -0.0000 0.2621 -0.9650 0.0101 0.0157
rdgon_xmas.jpg
21 -0.1050 -44.6839 123.2383 -0.0000 0.2621 -0.9650 0.0101 0.0157
21 -20.0983 -28.2800 128.0599 -0.0328 0.2448 -0.9690 0.1000 0.0981
21 -17.3223 -17.4670 130.6976 0.0157 0.1588 -0.9872 0.0861 0.1400
rdgon_xmas.jpg
21 18.7353 -2.4764 103.5141 -0.4736 0.6988 0.5361 0.5337 0.8595
21 28.2748 -2.4769 93.9747 0.4829 0.8608 0.1605 0.5337 0.7992
21 18.5586 -2.4775 84.2586 -0.1838 0.7730 -0.6072 0.5337 0.7378
rdgon_xmas.jpg
21 28.3652 -46.3754 84.1842 -0.2075 -0.7543 -0.6229 0.5391 0.6578
21 38.1518 -46.3748 93.9707 0.7797 -0.5695 -0.2601 0.6077 0.7263
21 28.5431 -46.3743 103.5793 0.2075 -0.7543 0.6229 0.5391 0.7949
rdgon_xmas.jpg
21 28.5431 -46.3743 103.5793 0.2075 -0.7543 0.6229 0.5391 0.7949
21 18.7565 -46.3749 93.7928 -0.7797 -0.5696 0.2601 0.4706 0.7263
21 28.3652 -46.3754 84.1842 -0.2075 -0.7543 -0.6229 0.5391 0.6578
rdgon_xmas.jpg
21 28.3314 -14.0724 80.5026 0.1734 0.0861 -0.9811 0.4784 0.7141
21 41.8369 -14.0717 94.0079 0.8907 0.4531 0.0381 0.4784 0.7994
21 41.8369 -31.7743 94.0061 0.9922 -0.1246 -0.0027 0.3939 0.7994
rdgon_xmas.jpg
21 41.8369 -31.7743 94.0061 0.9922 -0.1246 -0.0027 0.3939 0.7994
21 28.3314 -31.7751 80.5007 -0.0025 -0.1238 -0.9923 0.3939 0.7141
21 28.3314 -14.0724 80.5026 0.1734 0.0861 -0.9811 0.4784 0.7141
rdgon_xmas.jpg
21 41.8369 -14.0717 94.0079 0.8907 0.4531 0.0381 0.4784 0.7994
21 28.5769 -14.0710 107.2677 -0.0705 0.2325 0.9700 0.4784 0.8832
21 28.5769 -31.7736 107.2658 0.0025 -0.1240 0.9923 0.3939 0.8832
rdgon_xmas.jpg
21 28.5769 -31.7736 107.2658 0.0025 -0.1240 0.9923 0.3939 0.8832
21 41.8369 -31.7743 94.0061 0.9922 -0.1246 -0.0027 0.3939 0.7994
21 41.8369 -14.0717 94.0079 0.8907 0.4531 0.0381 0.4784 0.7994
rdgon_xmas.jpg
21 28.5769 -14.0710 107.2677 -0.0705 0.2325 0.9700 0.4784 0.8832
21 15.0714 -14.0717 93.7624 -0.9837 -0.0889 -0.1562 0.4784 0.7979
21 15.0714 -31.7744 93.7605 -0.9922 -0.1246 0.0027 0.3939 0.7979
rdgon_xmas.jpg
21 15.0714 -31.7744 93.7605 -0.9922 -0.1246 0.0027 0.3939 0.7979
21 28.5769 -31.7736 107.2658 0.0025 -0.1240 0.9923 0.3939 0.8832
21 28.5769 -14.0710 107.2677 -0.0705 0.2325 0.9700 0.4784 0.8832
rdgon_xmas.jpg
21 15.0714 -14.0717 93.7624 -0.9837 -0.0889 -0.1562 0.4784 0.7979
21 28.3314 -14.0724 80.5026 0.1734 0.0861 -0.9811 0.4784 0.7141
21 28.3314 -31.7751 80.5007 -0.0025 -0.1238 -0.9923 0.3939 0.7141
rdgon_xmas.jpg
21 28.3314 -31.7751 80.5007 -0.0025 -0.1238 -0.9923 0.3939 0.7141
21 15.0714 -31.7744 93.7605 -0.9922 -0.1246 0.0027 0.3939 0.7979
21 15.0714 -14.0717 93.7624 -0.9837 -0.0889 -0.1562 0.4784 0.7979
rdgon_xmas.jpg
21 28.3314 -31.7751 80.5007 -0.0025 -0.1238 -0.9923 0.3939 0.7141
21 41.8369 -31.7743 94.0061 0.9922 -0.1246 -0.0027 0.3939 0.7994
21 38.1518 -46.3748 93.9707 0.7797 -0.5695 -0.2601 0.3243 0.7992
rdgon_xmas.jpg
21 38.1518 -46.3748 93.9707 0.7797 -0.5695 -0.2601 0.3243 0.7992
21 28.3652 -46.3754 84.1842 -0.2075 -0.7543 -0.6229 0.3243 0.7374
21 28.3314 -31.7751 80.5007 -0.0025 -0.1238 -0.9923 0.3939 0.7141
rdgon_xmas.jpg
21 41.8369 -31.7743 94.0061 0.9922 -0.1246 -0.0027 0.3939 0.7994
21 28.5769 -31.7736 107.2658 0.0025 -0.1240 0.9923 0.3939 0.8832
21 28.5431 -46.3743 103.5793 0.2075 -0.7543 0.6229 0.3243 0.8599
rdgon_xmas.jpg
21 28.5431 -46.3743 103.5793 0.2075 -0.7543 0.6229 0.3243 0.8599
21 38.1518 -46.3748 93.9707 0.7797 -0.5695 -0.2601 0.3243 0.7992
21 41.8369 -31.7743 94.0061 0.9922 -0.1246 -0.0027 0.3939 0.7994
rdgon_xmas.jpg
21 28.5769 -31.7736 107.2658 0.0025 -0.1240 0.9923 0.3939 0.8832
21 15.0714 -31.7744 93.7605 -0.9922 -0.1246 0.0027 0.3939 0.7979
21 18.7565 -46.3749 93.7928 -0.7797 -0.5696 0.2601 0.3243 0.7981
rdgon_xmas.jpg
21 18.7565 -46.3749 93.7928 -0.7797 -0.5696 0.2601 0.3243 0.7981
21 28.5431 -46.3743 103.5793 0.2075 -0.7543 0.6229 0.3243 0.8599
21 28.5769 -31.7736 107.2658 0.0025 -0.1240 0.9923 0.3939 0.8832
rdgon_xmas.jpg
21 15.0714 -31.7744 93.7605 -0.9922 -0.1246 0.0027 0.3939 0.7979
21 28.3314 -31.7751 80.5007 -0.0025 -0.1238 -0.9923 0.3939 0.7141
21 28.3652 -46.3754 84.1842 -0.2075 -0.7543 -0.6229 0.3243 0.7374
rdgon_xmas.jpg
21 28.3652 -46.3754 84.1842 -0.2075 -0.7543 -0.6229 0.3243 0.7374
21 18.7565 -46.3749 93.7928 -0.7797 -0.5696 0.2601 0.3243 0.7981
21 15.0714 -31.7744 93.7605 -0.9922 -0.1246 0.0027 0.3939 0.7979
rdgon_xmas.jpg
21 28.3314 -14.0724 80.5026 0.1734 0.0861 -0.9811 0.4784 0.7141
21 15.0714 -14.0717 93.7624 -0.9837 -0.0889 -0.1562 0.4784 0.7979
21 18.5586 -2.4775 84.2586 -0.1838 0.7730 -0.6072 0.5337 0.7378
rdgon_xmas.jpg
21 15.0714 -14.0717 93.7624 -0.9837 -0.0889 -0.1562 0.4784 0.7979
21 28.5769 -14.0710 107.2677 -0.0705 0.2325 0.9700 0.4784 0.8832
21 18.7353 -2.4764 103.5141 -0.4736 0.6988 0.5361 0.5337 0.8595
rdgon_xmas.jpg
21 18.7353 -2.4764 103.5141 -0.4736 0.6988 0.5361 0.5337 0.8595
21 18.5586 -2.4775 84.2586 -0.1838 0.7730 -0.6072 0.5337 0.7378
21 15.0714 -14.0717 93.7624 -0.9837 -0.0889 -0.1562 0.4784 0.7979
rdgon_xmas.jpg
21 28.5769 -14.0710 107.2677 -0.0705 0.2325 0.9700 0.4784 0.8832
21 41.8369 -14.0717 94.0079 0.8907 0.4531 0.0381 0.4784 0.7994
21 28.2748 -2.4769 93.9747 0.4829 0.8608 0.1605 0.5337 0.7992
rdgon_xmas.jpg
21 28.2748 -2.4769 93.9747 0.4829 0.8608 0.1605 0.5337 0.7992
21 18.7353 -2.4764 103.5141 -0.4736 0.6988 0.5361 0.5337 0.8595
21 28.5769 -14.0710 107.2677 -0.0705 0.2325 0.9700 0.4784 0.8832
rdgon_xmas.jpg
21 41.8369 -14.0717 94.0079 0.8907 0.4531 0.0381 0.4784 0.7994
21 28.3314 -14.0724 80.5026 0.1734 0.0861 -0.9811 0.4784 0.7141
21 18.5586 -2.4775 84.2586 -0.1838 0.7730 -0.6072 0.5337 0.7378
rdgon_xmas.jpg
21 18.5586 -2.4775 84.2586 -0.1838 0.7730 -0.6072 0.5337 0.7378
21 28.2748 -2.4769 93.9747 0.4829 0.8608 0.1605 0.5337 0.7992
21 41.8369 -14.0717 94.0079 0.8907 0.4531 0.0381 0.4784 0.7994
rdgon_xmas.jpg
21 -18.7564 -2.4764 103.5141 0.4736 0.6988 0.5361 0.5337 0.8595
21 -18.5798 -2.4775 84.2586 0.1838 0.7730 -0.6072 0.5337 0.7378
21 -28.2960 -2.4769 93.9747 -0.4829 0.8608 0.1605 0.5337 0.7992
rdgon_xmas.jpg
21 -28.3863 -46.3754 84.1842 0.2075 -0.7543 -0.6229 0.5391 0.6578
21 -28.5643 -46.3743 103.5793 -0.2075 -0.7543 0.6229 0.5391 0.7949
21 -38.1729 -46.3749 93.9707 -0.7797 -0.5695 -0.2601 0.6077 0.7263
rdgon_xmas.jpg
21 -28.5643 -46.3743 103.5793 -0.2075 -0.7543 0.6229 0.5391 0.7949
21 -28.3863 -46.3754 84.1842 0.2075 -0.7543 -0.6229 0.5391 0.6578
21 -18.7776 -46.3748 93.7928 0.7797 -0.5696 0.2601 0.4706 0.7263
rdgon_xmas.jpg
21 -28.3525 -14.0724 80.5026 -0.1734 0.0861 -0.9811 0.4784 0.7141
21 -41.8581 -31.7743 94.0061 -0.9922 -0.1246 -0.0027 0.3939 0.7994
21 -41.8581 -14.0717 94.0079 -0.8907 0.4531 0.0381 0.4784 0.7994
rdgon_xmas.jpg
21 -41.8581 -31.7743 94.0061 -0.9922 -0.1246 -0.0027 0.3939 0.7994
21 -28.3525 -14.0724 80.5026 -0.1734 0.0861 -0.9811 0.4784 0.7141
21 -28.3525 -31.7751 80.5007 0.0025 -0.1238 -0.9923 0.3939 0.7141
rdgon_xmas.jpg
21 -41.8581 -14.0717 94.0079 -0.8907 0.4531 0.0381 0.4784 0.7994
21 -28.5981 -31.7736 107.2659 -0.0025 -0.1240 0.9923 0.3939 0.8832
21 -28.5981 -14.0710 107.2677 0.0705 0.2325 0.9700 0.4784 0.8832
rdgon_xmas.jpg
21 -28.5981 -31.7736 107.2659 -0.0025 -0.1240 0.9923 0.3939 0.8832
21 -41.8581 -14.0717 94.0079 -0.8907 0.4531 0.0381 0.4784 0.7994
21 -41.8581 -31.7743 94.0061 -0.9922 -0.1246 -0.0027 0.3939 0.7994
rdgon_xmas.jpg
21 -28.5981 -14.0710 107.2677 0.0705 0.2325 0.9700 0.4784 0.8832
21 -15.0925 -31.7744 93.7605 0.9922 -0.1246 0.0027 0.3939 0.7979
21 -15.0925 -14.0717 93.7624 0.9837 -0.0889 -0.1562 0.4784 0.7979
rdgon_xmas.jpg
21 -15.0925 -31.7744 93.7605 0.9922 -0.1246 0.0027 0.3939 0.7979
21 -28.5981 -14.0710 107.2677 0.0705 0.2325 0.9700 0.4784 0.8832
21 -28.5981 -31.7736 107.2659 -0.0025 -0.1240 0.9923 0.3939 0.8832
rdgon_xmas.jpg
21 -15.0925 -14.0717 93.7624 0.9837 -0.0889 -0.1562 0.4784 0.7979
21 -28.3525 -31.7751 80.5007 0.0025 -0.1238 -0.9923 0.3939 0.7141
21 -28.3525 -14.0724 80.5026 -0.1734 0.0861 -0.9811 0.4784 0.7141
rdgon_xmas.jpg
21 -28.3525 -31.7751 80.5007 0.0025 -0.1238 -0.9923 0.3939 0.7141
21 -15.0925 -14.0717 93.7624 0.9837 -0.0889 -0.1562 0.4784 0.7979
21 -15.0925 -31.7744 93.7605 0.9922 -0.1246 0.0027 0.3939 0.7979
rdgon_xmas.jpg
21 -28.3525 -31.7751 80.5007 0.0025 -0.1238 -0.9923 0.3939 0.7141
21 -38.1729 -46.3749 93.9707 -0.7797 -0.5695 -0.2601 0.3243 0.7992
21 -41.8581 -31.7743 94.0061 -0.9922 -0.1246 -0.0027 0.3939 0.7994
rdgon_xmas.jpg
21 -38.1729 -46.3749 93.9707 -0.7797 -0.5695 -0.2601 0.3243 0.7992
21 -28.3525 -31.7751 80.5007 0.0025 -0.1238 -0.9923 0.3939 0.7141
21 -28.3863 -46.3754 84.1842 0.2075 -0.7543 -0.6229 0.3243 0.7374
rdgon_xmas.jpg
21 -41.8581 -31.7743 94.0061 -0.9922 -0.1246 -0.0027 0.3939 0.7994
21 -28.5643 -46.3743 103.5793 -0.2075 -0.7543 0.6229 0.3243 0.8599
21 -28.5981 -31.7736 107.2659 -0.0025 -0.1240 0.9923 0.3939 0.8832
rdgon_xmas.jpg
21 -28.5643 -46.3743 103.5793 -0.2075 -0.7543 0.6229 0.3243 0.8599
21 -41.8581 -31.7743 94.0061 -0.9922 -0.1246 -0.0027 0.3939 0.7994
21 -38.1729 -46.3749 93.9707 -0.7797 -0.5695 -0.2601 0.3243 0.7992
rdgon_xmas.jpg
21 -28.5981 -31.7736 107.2659 -0.0025 -0.1240 0.9923 0.3939 0.8832
21 -18.7776 -46.3748 93.7928 0.7797 -0.5696 0.2601 0.3243 0.7981
21 -15.0925 -31.7744 93.7605 0.9922 -0.1246 0.0027 0.3939 0.7979
rdgon_xmas.jpg
21 -18.7776 -46.3748 93.7928 0.7797 -0.5696 0.2601 0.3243 0.7981
21 -28.5981 -31.7736 107.2659 -0.0025 -0.1240 0.9923 0.3939 0.8832
21 -28.5643 -46.3743 103.5793 -0.2075 -0.7543 0.6229 0.3243 0.8599
rdgon_xmas.jpg
21 -15.0925 -31.7744 93.7605 0.9922 -0.1246 0.0027 0.3939 0.7979
21 -28.3863 -46.3754 84.1842 0.2075 -0.7543 -0.6229 0.3243 0.7374
21 -28.3525 -31.7751 80.5007 0.0025 -0.1238 -0.9923 0.3939 0.7141
rdgon_xmas.jpg
21 -28.3863 -46.3754 84.1842 0.2075 -0.7543 -0.6229 0.3243 0.7374
21 -15.0925 -31.7744 93.7605 0.9922 -0.1246 0.0027 0.3939 0.7979
21 -18.7776 -46.3748 93.7928 0.7797 -0.5696 0.2601 0.3243 0.7981
rdgon_xmas.jpg
21 -28.3525 -14.0724 80.5026 -0.1734 0.0861 -0.9811 0.4784 0.7141
21 -18.5798 -2.4775 84.2586 0.1838 0.7730 -0.6072 0.5337 0.7378
21 -15.0925 -14.0717 93.7624 0.9837 -0.0889 -0.1562 0.4784 0.7979
rdgon_xmas.jpg
21 -15.0925 -14.0717 93.7624 0.9837 -0.0889 -0.1562 0.4784 0.7979
21 -18.7564 -2.4764 103.5141 0.4736 0.6988 0.5361 0.5337 0.8595
21 -28.5981 -14.0710 107.2677 0.0705 0.2325 0.9700 0.4784 0.8832
rdgon_xmas.jpg
21 -18.7564 -2.4764 103.5141 0.4736 0.6988 0.5361 0.5337 0.8595
21 -15.0925 -14.0717 93.7624 0.9837 -0.0889 -0.1562 0.4784 0.7979
21 -18.5798 -2.4775 84.2586 0.1838 0.7730 -0.6072 0.5337 0.7378
rdgon_xmas.jpg
21 -28.5981 -14.0710 107.2677 0.0705 0.2325 0.9700 0.4784 0.8832
21 -28.2960 -2.4769 93.9747 -0.4829 0.8608 0.1605 0.5337 0.7992
21 -41.8581 -14.0717 94.0079 -0.8907 0.4531 0.0381 0.4784 0.7994
rdgon_xmas.jpg
21 -28.2960 -2.4769 93.9747 -0.4829 0.8608 0.1605 0.5337 0.7992
21 -28.5981 -14.0710 107.2677 0.0705 0.2325 0.9700 0.4784 0.8832
21 -18.7564 -2.4764 103.5141 0.4736 0.6988 0.5361 0.5337 0.8595
rdgon_xmas.jpg
21 -41.8581 -14.0717 94.0079 -0.8907 0.4531 0.0381 0.4784 0.7994
21 -18.5798 -2.4775 84.2586 0.1838 0.7730 -0.6072 0.5337 0.7378
21 -28.3525 -14.0724 80.5026 -0.1734 0.0861 -0.9811 0.4784 0.7141
rdgon_xmas.jpg
21 -18.5798 -2.4775 84.2586 0.1838 0.7730 -0.6072 0.5337 0.7378
21 -41.8581 -14.0717 94.0079 -0.8907 0.4531 0.0381 0.4784 0.7994
21 -28.2960 -2.4769 93.9747 -0.4829 0.8608 0.1605 0.5337 0.7992
rdgonw_xmas.tga
21 23.8585 -19.9117 118.4750 0.3133 -0.6227 -0.7170 0.9758 0.2522
31 26.0791 6.5758 120.9336 -0.7927 0.5776 -0.1951 0.8817 0.2138
31 31.4103 2.6513 123.3656 0.6718 -0.1945 -0.7148 0.9070 0.2681
rdgonw_xmas.tga
21 23.8585 -19.9117 118.4750 0.3133 -0.6227 -0.7170 0.9758 0.2522
21 20.5626 1.6070 113.9868 0.6284 0.7403 0.2391 0.9393 0.0140
31 26.0791 6.5758 120.9336 -0.7927 0.5776 -0.1951 0.8817 0.2138
rdgonw_xmas.tga
21 20.5626 1.6070 113.9868 0.6284 0.7403 0.2391 0.9393 0.0140
31 27.2031 4.2198 130.7620 -0.5929 0.3484 0.7260 0.9010 0.2577
31 26.0791 6.5758 120.9336 -0.7927 0.5776 -0.1951 0.8817 0.2138
rdgonw_xmas.tga
21 20.5626 1.6070 113.9868 0.6284 0.7403 0.2391 0.9393 0.0140
21 18.0457 -10.5182 130.3563 -0.0601 0.0764 0.9953 0.9733 0.1673
31 27.2031 4.2198 130.7620 -0.5929 0.3484 0.7260 0.9010 0.2577
rdgonw_xmas.tga
21 18.0457 -10.5182 130.3563 -0.0601 0.0764 0.9953 0.9733 0.1673
31 33.0336 0.9403 129.2525 0.7533 -0.3355 0.5657 0.9205 0.3015
31 27.2031 4.2198 130.7620 -0.5929 0.3484 0.7260 0.9010 0.2577
rdgonw_xmas.tga
21 18.0457 -10.5182 130.3563 -0.0601 0.0764 0.9953 0.9733 0.1673
21 20.0978 -23.2909 125.2174 0.0404 -0.9933 0.1085 0.9904 0.2640
31 33.0336 0.9403 129.2525 0.7533 -0.3355 0.5657 0.9205 0.3015
rdgonw_xmas.tga
21 20.0978 -23.2909 125.2174 0.0404 -0.9933 0.1085 0.9904 0.2640
31 31.4103 2.6513 123.3656 0.6718 -0.1945 -0.7148 0.9070 0.2681
31 33.0336 0.9403 129.2525 0.7533 -0.3355 0.5657 0.9205 0.3015
rdgonw_xmas.tga
21 20.0978 -23.2909 125.2174 0.0404 -0.9933 0.1085 0.9904 0.2640
21 23.8585 -19.9117 118.4750 0.3133 -0.6227 -0.7170 0.9758 0.2522
31 31.4103 2.6513 123.3656 0.6718 -0.1945 -0.7148 0.9070 0.2681
rdgonw_xmas.tga
31 31.4103 2.6513 123.3656 0.6718 -0.1945 -0.7148 0.9070 0.2681
31 43.1196 46.0849 119.9366 -0.9176 0.3973 0.0095 0.6769 0.3681
31 51.2041 46.7923 118.2846 0.5201 -0.2902 -0.8033 0.6780 0.4163
rdgonw_xmas.tga
31 31.4103 2.6513 123.3656 0.6718 -0.1945 -0.7148 0.9070 0.2681
31 26.0791 6.5758 120.9336 -0.7927 0.5776 -0.1951 0.8817 0.2138
31 43.1196 46.0849 119.9366 -0.9176 0.3973 0.0095 0.6769 0.3681
rdgonw_xmas.tga
31 27.2031 4.2198 130.7620 -0.5929 0.3484 0.7260 0.9010 0.2577
31 33.0336 0.9403 129.2525 0.7533 -0.3355 0.5657 0.9205 0.3015
31 49.4335 42.8686 129.1517 0.3178 -0.1003 0.9429 0.7044 0.4180
rdgonw_xmas.tga
31 33.0336 0.9403 129.2525 0.7533 -0.3355 0.5657 0.9205 0.3015
31 51.2041 46.7923 118.2846 0.5201 -0.2902 -0.8033 0.6780 0.4163
31 49.4335 42.8686 129.1517 0.3178 -0.1003 0.9429 0.7044 0.4180
rdgonw_xmas.tga
31 33.0336 0.9403 129.2525 0.7533 -0.3355 0.5657 0.9205 0.3015
31 31.4103 2.6513 123.3656 0.6718 -0.1945 -0.7148 0.9070 0.2681
31 51.2041 46.7923 118.2846 0.5201 -0.2902 -0.8033 0.6780 0.4163
rdgonw_xmas.tga
31 49.4335 42.8686 129.1517 0.3178 -0.1003 0.9429 0.7044 0.4180
31 51.2041 46.7923 118.2846 0.5201 -0.2902 -0.8033 0.6780 0.4163
31 52.7496 48.6492 129.4327 0.5486 -0.4301 0.7170 0.6798 0.4432
rdgonw_xmas.tga
31 51.2041 46.7923 118.2846 0.5201 -0.2902 -0.8033 0.6780 0.4163
32 54.2107 -17.3177 127.0877 0.9404 0.3246 -0.1011 0.4421 0.7593
32 50.6246 -18.1319 126.1591 -0.7253 -0.1706 -0.6670 0.4588 0.7696
rdgonw_xmas.tga
31 51.2041 46.7923 118.2846 0.5201 -0.2902 -0.8033 0.6780 0.4163
31 48.2633 53.6893 120.6451 -0.7373 0.6745 0.0384 0.6536 0.4002
32 54.2107 -17.3177 127.0877 0.9404 0.3246 -0.1011 0.4421 0.7593
rdgonw_xmas.tga
31 48.2633 53.6893 120.6451 -0.7373 0.6745 0.0384 0.6536 0.4002
32 56.6436 -16.5758 131.1413 0.7572 0.2198 0.6151 0.4435 0.7581
32 54.2107 -17.3177 127.0877 0.9404 0.3246 -0.1011 0.4421 0.7593
rdgonw_xmas.tga
31 52.7496 48.6492 129.4327 0.5486 -0.4301 0.7170 0.6798 0.4432
32 50.6246 -18.1319 126.1591 -0.7253 -0.1706 -0.6670 0.4588 0.7696
34 47.9492 -18.5256 134.5327 -0.3108 -0.0700 0.9479 0.5127 0.7640
rdgonw_xmas.tga
31 52.7496 48.6492 129.4327 0.5486 -0.4301 0.7170 0.6798 0.4432
31 51.2041 46.7923 118.2846 0.5201 -0.2902 -0.8033 0.6780 0.4163
32 50.6246 -18.1319 126.1591 -0.7253 -0.1706 -0.6670 0.4588 0.7696
rdgonw_xmas.tga
32 50.6246 -18.1319 126.1591 -0.7253 -0.1706 -0.6670 0.4588 0.7696
35 72.6289 -0.7685 99.0770 0.1436 0.8396 0.5239 0.2487 0.8850
35 72.8280 -1.6890 98.3309 -0.5745 -0.4597 -0.6773 0.2491 0.8921
rdgonw_xmas.tga
32 50.6246 -18.1319 126.1591 -0.7253 -0.1706 -0.6670 0.4588 0.7696
32 54.2107 -17.3177 127.0877 0.9404 0.3246 -0.1011 0.4421 0.7593
35 72.6289 -0.7685 99.0770 0.1436 0.8396 0.5239 0.2487 0.8850
rdgonw_xmas.tga
32 54.2107 -17.3177 127.0877 0.9404 0.3246 -0.1011 0.4421 0.7593
35 73.7285 -1.1847 99.3240 0.5165 0.6028 0.6081 0.2491 0.8912
35 72.6289 -0.7685 99.0770 0.1436 0.8396 0.5239 0.2487 0.8850
rdgonw_xmas.tga
32 54.2107 -17.3177 127.0877 0.9404 0.3246 -0.1011 0.4421 0.7593
32 56.6436 -16.5758 131.1413 0.7572 0.2198 0.6151 0.4435 0.7581
35 73.7285 -1.1847 99.3240 0.5165 0.6028 0.6081 0.2491 0.8912
rdgonw_xmas.tga
32 56.6436 -16.5758 131.1413 0.7572 0.2198 0.6151 0.4435 0.7581
35 73.9276 -2.1051 98.5781 0.8120 -0.5797 -0.0679 0.2495 0.8982
35 73.7285 -1.1847 99.3240 0.5165 0.6028 0.6081 0.2491 0.8912
rdgonw_xmas.tga
32 56.6436 -16.5758 131.1413 0.7572 0.2198 0.6151 0.4435 0.7581
34 55.7594 -24.5696 130.0643 0.4537 -0.8649 -0.2147 0.4588 0.7988
35 73.9276 -2.1051 98.5781 0.8120 -0.5797 -0.0679 0.2495 0.8982
rdgonw_xmas.tga
34 55.7594 -24.5696 130.0643 0.4537 -0.8649 -0.2147 0.4588 0.7988
35 72.8280 -1.6890 98.3309 -0.5745 -0.4597 -0.6773 0.2491 0.8921
35 73.9276 -2.1051 98.5781 0.8120 -0.5797 -0.0679 0.2495 0.8982
rdgonw_xmas.tga
34 55.7594 -24.5696 130.0643 0.4537 -0.8649 -0.2147 0.4588 0.7988
32 50.6246 -18.1319 126.1591 -0.7253 -0.1706 -0.6670 0.4588 0.7696
35 72.8280 -1.6890 98.3309 -0.5745 -0.4597 -0.6773 0.2491 0.8921
rdgonw_xmas.tga
35 72.8280 -1.6890 98.3309 -0.5745 -0.4597 -0.6773 0.2491 0.8921
35 72.6289 -0.7685 99.0770 0.1436 0.8396 0.5239 0.2487 0.8850
36 89.9174 39.9578 49.8839 0.9000 0.1624 0.4045 0.0202 0.9814
rdgonw_xmas.tga
35 72.6289 -0.7685 99.0770 0.1436 0.8396 0.5239 0.2487 0.8850
35 73.7285 -1.1847 99.3240 0.5165 0.6028 0.6081 0.2491 0.8912
36 89.9174 39.9578 49.8839 0.9000 0.1624 0.4045 0.0202 0.9814
rdgonw_xmas.tga
35 73.7285 -1.1847 99.3240 0.5165 0.6028 0.6081 0.2491 0.8912
35 73.9276 -2.1051 98.5781 0.8120 -0.5797 -0.0679 0.2495 0.8982
36 89.9174 39.9578 49.8839 0.9000 0.1624 0.4045 0.0202 0.9814
rdgonw_xmas.tga
35 73.9276 -2.1051 98.5781 0.8120 -0.5797 -0.0679 0.2495 0.8982
35 72.8280 -1.6890 98.3309 -0.5745 -0.4597 -0.6773 0.2491 0.8921
36 89.9174 39.9578 49.8839 0.9000 0.1624 0.4045 0.0202 0.9814
rdgonw_xmas.tga
36 81.7247 42.4045 66.0417 0.9181 0.1001 0.3836 0.0386 0.7887
35 72.6289 -0.7685 99.0770 0.1436 0.8396 0.5239 0.2487 0.8850
36 89.9174 39.9578 49.8839 0.9000 0.1624 0.4045 0.0202 0.9814
rdgonw_xmas.tga
38 84.5948 76.1134 76.5104 0.8743 0.0084 0.4853 0.0604 0.4347
32 54.2107 -17.3177 127.0877 0.9404 0.3246 -0.1011 0.4421 0.7593
35 72.6289 -0.7685 99.0770 0.1436 0.8396 0.5239 0.2487 0.8850
rdgonw_xmas.tga
41 77.6708 51.0395 93.1138 0.8142 0.0046 0.5805 0.2350 0.2554
32 54.2107 -17.3177 127.0877 0.9404 0.3246 -0.1011 0.4421 0.7593
38 84.5948 76.1134 76.5104 0.8743 0.0084 0.4853 0.0604 0.4347
rdgonw_xmas.tga
41 65.7541 90.6076 98.3605 0.7658 0.0534 0.6408 0.4374 0.0375
31 48.2633 53.6893 120.6451 -0.7373 0.6745 0.0384 0.6536 0.4002
32 54.2107 -17.3177 127.0877 0.9404 0.3246 -0.1011 0.4421 0.7593
rdgonw_xmas.tga
44 53.5791 86.9333 112.7790 0.6997 0.0816 0.7097 0.6576 0.0940
31 48.2633 53.6893 120.6451 -0.7373 0.6745 0.0384 0.6536 0.4002
41 65.7541 90.6076 98.3605 0.7658 0.0534 0.6408 0.4374 0.0375
rdgonw_xmas.tga
31 26.0791 6.5758 120.9336 -0.7927 0.5776 -0.1951 0.8817 0.2138
31 43.1196 46.0849 119.9366 -0.9176 0.3973 0.0095 0.6769 0.3681
44 30.5683 77.1872 125.1266 0.5779 0.2690 0.7705 0.7638 0.0971
rdgonw_xmas.tga
44 30.5683 77.1872 125.1266 0.5779 0.2690 0.7705 0.7638 0.0971
21 20.5626 1.6070 113.9868 0.6284 0.7403 0.2391 0.9393 0.0140
31 26.0791 6.5758 120.9336 -0.7927 0.5776 -0.1951 0.8817 0.2138
rdgonw_xmas.tga
32 54.2107 -17.3177 127.0877 0.9404 0.3246 -0.1011 0.4421 0.7593
41 77.6708 51.0395 93.1138 0.8142 0.0046 0.5805 0.2350 0.2554
41 65.7541 90.6076 98.3605 0.7658 0.0534 0.6408 0.4374 0.0375
rdgonw_xmas.tga
36 81.7247 42.4045 66.0417 0.9181 0.1001 0.3836 0.0386 0.7887
38 84.5948 76.1134 76.5104 0.8743 0.0084 0.4853 0.0604 0.4347
35 72.6289 -0.7685 99.0770 0.1436 0.8396 0.5239 0.2487 0.8850
rdgonw_xmas.tga
34 47.9492 -18.5256 134.5327 -0.3108 -0.0700 0.9479 0.5127 0.7640
32 50.6246 -18.1319 126.1591 -0.7253 -0.1706 -0.6670 0.4588 0.7696
34 47.2591 -28.0861 138.8918 -0.9787 0.1860 0.0871 0.4885 0.7761
rdgonw_xmas.tga
34 50.1658 -31.4964 135.8600 -0.0518 -0.7612 -0.6464 0.4751 0.7948
34 47.2591 -28.0861 138.8918 -0.9787 0.1860 0.0871 0.4885 0.7761
32 50.6246 -18.1319 126.1591 -0.7253 -0.1706 -0.6670 0.4588 0.7696
rdgonw_xmas.tga
34 55.7594 -24.5696 130.0643 0.4537 -0.8649 -0.2147 0.4588 0.7988
32 56.6436 -16.5758 131.1413 0.7572 0.2198 0.6151 0.4435 0.7581
34 51.6146 -29.0698 140.9667 0.5880 0.0493 0.8074 0.4888 0.7890
rdgonw_xmas.tga
34 51.6146 -29.0698 140.9667 0.5880 0.0493 0.8074 0.4888 0.7890
34 50.1658 -31.4964 135.8600 -0.0518 -0.7612 -0.6464 0.4751 0.7948
34 55.7594 -24.5696 130.0643 0.4537 -0.8649 -0.2147 0.4588 0.7988
rdgonw_xmas.tga
32 50.6246 -18.1319 126.1591 -0.7253 -0.1706 -0.6670 0.4588 0.7696
34 55.7594 -24.5696 130.0643 0.4537 -0.8649 -0.2147 0.4588 0.7988
34 50.1658 -31.4964 135.8600 -0.0518 -0.7612 -0.6464 0.4751 0.7948
rdgonw_xmas.tga
34 50.1658 -31.4964 135.8600 -0.0518 -0.7612 -0.6464 0.4751 0.7948
34 51.6146 -29.0698 140.9667 0.5880 0.0493 0.8074 0.4888 0.7890
34 39.8638 -42.9381 147.0984 -0.7135 -0.2767 0.6437 0.5063 0.8228
rdgonw_xmas.tga
34 51.6146 -29.0698 140.9667 0.5880 0.0493 0.8074 0.4888 0.7890
34 47.2591 -28.0861 138.8918 -0.9787 0.1860 0.0871 0.4885 0.7761
34 39.8638 -42.9381 147.0984 -0.7135 -0.2767 0.6437 0.5063 0.8228
rdgonw_xmas.tga
34 47.2591 -28.0861 138.8918 -0.9787 0.1860 0.0871 0.4885 0.7761
34 50.1658 -31.4964 135.8600 -0.0518 -0.7612 -0.6464 0.4751 0.7948
34 39.8638 -42.9381 147.0984 -0.7135 -0.2767 0.6437 0.5063 0.8228
rdgonw_xmas.tga
34 51.6146 -29.0698 140.9667 0.5880 0.0493 0.8074 0.4888 0.7890
34 47.9492 -18.5256 134.5327 -0.3108 -0.0700 0.9479 0.5127 0.7640
34 47.2591 -28.0861 138.8918 -0.9787 0.1860 0.0871 0.4885 0.7761
rdgonw_xmas.tga
34 47.9492 -18.5256 134.5327 -0.3108 -0.0700 0.9479 0.5127 0.7640
34 51.6146 -29.0698 140.9667 0.5880 0.0493 0.8074 0.4888 0.7890
32 56.6436 -16.5758 131.1413 0.7572 0.2198 0.6151 0.4435 0.7581
rdgonw_xmas.tga
31 52.7496 48.6492 129.4327 0.5486 -0.4301 0.7170 0.6798 0.4432
31 47.2966 48.8063 124.5893 -0.6568 0.4279 0.6208 0.6836 0.4007
31 49.4335 42.8686 129.1517 0.3178 -0.1003 0.9429 0.7044 0.4180
rdgonw_xmas.tga
31 43.1196 46.0849 119.9366 -0.9176 0.3973 0.0095 0.6769 0.3681
31 48.2633 53.6893 120.6451 -0.7373 0.6745 0.0384 0.6536 0.4002
31 51.2041 46.7923 118.2846 0.5201 -0.2902 -0.8033 0.6780 0.4163
rdgonw_xmas.tga
31 48.2633 53.6893 120.6451 -0.7373 0.6745 0.0384 0.6536 0.4002
44 53.5791 86.9333 112.7790 0.6997 0.0816 0.7097 0.6576 0.0940
31 43.1196 46.0849 119.9366 -0.9176 0.3973 0.0095 0.6769 0.3681
rdgonw_xmas.tga
31 43.1196 46.0849 119.9366 -0.9176 0.3973 0.0095 0.6769 0.3681
44 53.5791 86.9333 112.7790 0.6997 0.0816 0.7097 0.6576 0.0940
44 30.5683 77.1872 125.1266 0.5779 0.2690 0.7705 0.7638 0.0971
rdgonw_xmas.tga
31 47.2966 48.8063 124.5893 -0.6568 0.4279 0.6208 0.6836 0.4007
31 43.1196 46.0849 119.9366 -0.9176 0.3973 0.0095 0.6769 0.3681
31 26.0791 6.5758 120.9336 -0.7927 0.5776 -0.1951 0.8817 0.2138
rdgonw_xmas.tga
31 47.2966 48.8063 124.5893 -0.6568 0.4279 0.6208 0.6836 0.4007
31 48.2633 53.6893 120.6451 -0.7373 0.6745 0.0384 0.6536 0.4002
31 43.1196 46.0849 119.9366 -0.9176 0.3973 0.0095 0.6769 0.3681
rdgonw_xmas.tga
34 47.9492 -18.5256 134.5327 -0.3108 -0.0700 0.9479 0.5127 0.7640
31 47.2966 48.8063 124.5893 -0.6568 0.4279 0.6208 0.6836 0.4007
31 52.7496 48.6492 129.4327 0.5486 -0.4301 0.7170 0.6798 0.4432
rdgonw_xmas.tga
31 47.2966 48.8063 124.5893 -0.6568 0.4279 0.6208 0.6836 0.4007
34 47.9492 -18.5256 134.5327 -0.3108 -0.0700 0.9479 0.5127 0.7640
32 56.6436 -16.5758 131.1413 0.7572 0.2198 0.6151 0.4435 0.7581
rdgonw_xmas.tga
32 56.6436 -16.5758 131.1413 0.7572 0.2198 0.6151 0.4435 0.7581
31 48.2633 53.6893 120.6451 -0.7373 0.6745 0.0384 0.6536 0.4002
31 47.2966 48.8063 124.5893 -0.6568 0.4279 0.6208 0.6836 0.4007
rdgonw_xmas.tga
31 47.2966 48.8063 124.5893 -0.6568 0.4279 0.6208 0.6836 0.4007
31 26.0791 6.5758 120.9336 -0.7927 0.5776 -0.1951 0.8817 0.2138
31 27.2031 4.2198 130.7620 -0.5929 0.3484 0.7260 0.9010 0.2577
rdgonw_xmas.tga
31 47.2966 48.8063 124.5893 -0.6568 0.4279 0.6208 0.6836 0.4007
31 27.2031 4.2198 130.7620 -0.5929 0.3484 0.7260 0.9010 0.2577
31 49.4335 42.8686 129.1517 0.3178 -0.1003 0.9429 0.7044 0.4180
rdgonw_xmas.tga
21 -23.8754 -19.9117 118.4750 -0.3133 -0.6227 -0.7170 0.9767 0.2542
46 -31.3647 2.7574 123.3739 -0.6717 -0.1948 -0.7148 0.9073 0.2688
46 -26.0329 6.6821 120.9417 0.7916 0.5781 -0.1980 0.8822 0.2160
rdgonw_xmas.tga
21 -23.8754 -19.9117 118.4750 -0.3133 -0.6227 -0.7170 0.9767 0.2542
46 -26.0329 6.6821 120.9417 0.7916 0.5781 -0.1980 0.8822 0.2160
21 -20.5795 1.6070 113.9868 -0.6291 0.7399 0.2383 0.9388 0.0154
rdgonw_xmas.tga
21 -20.5795 1.6070 113.9868 -0.6291 0.7399 0.2383 0.9388 0.0154
46 -26.0329 6.6821 120.9417 0.7916 0.5781 -0.1980 0.8822 0.2160
46 -27.1571 4.3260 130.7709 0.5929 0.3485 0.7260 0.9001 0.2602
rdgonw_xmas.tga
21 -20.5795 1.6070 113.9868 -0.6291 0.7399 0.2383 0.9388 0.0154
46 -27.1571 4.3260 130.7709 0.5929 0.3485 0.7260 0.9001 0.2602
21 -18.0626 -10.5182 130.3563 0.0606 0.0765 0.9952 0.9729 0.1692
rdgonw_xmas.tga
21 -18.0626 -10.5182 130.3563 0.0606 0.0765 0.9952 0.9729 0.1692
46 -27.1571 4.3260 130.7709 0.5929 0.3485 0.7260 0.9001 0.2602
46 -32.9882 1.0463 129.2612 -0.7529 -0.3366 0.5655 0.9194 0.3012
rdgonw_xmas.tga
21 -18.0626 -10.5182 130.3563 0.0606 0.0765 0.9952 0.9729 0.1692
46 -32.9882 1.0463 129.2612 -0.7529 -0.3366 0.5655 0.9194 0.3012
21 -20.1147 -23.2909 125.2174 -0.0391 -0.9934 0.1080 0.9897 0.2635
rdgonw_xmas.tga
21 -20.1147 -23.2909 125.2174 -0.0391 -0.9934 0.1080 0.9897 0.2635
46 -32.9882 1.0463 129.2612 -0.7529 -0.3366 0.5655 0.9194 0.3012
46 -31.3647 2.7574 123.3739 -0.6717 -0.1948 -0.7148 0.9073 0.2688
rdgonw_xmas.tga
21 -20.1147 -23.2909 125.2174 -0.0391 -0.9934 0.1080 0.9897 0.2635
46 -31.3647 2.7574 123.3739 -0.6717 -0.1948 -0.7148 0.9073 0.2688
21 -23.8754 -19.9117 118.4750 -0.3133 -0.6227 -0.7170 0.9767 0.2542
rdgonw_xmas.tga
46 -31.3647 2.7574 123.3739 -0.6717 -0.1948 -0.7148 0.9073 0.2688
46 -51.1585 46.8984 118.2922 -0.5199 -0.2905 -0.8033 0.6777 0.4175
46 -43.0735 46.1913 119.9444 0.9182 0.3960 0.0046 0.6775 0.3695
rdgonw_xmas.tga
46 -31.3647 2.7574 123.3739 -0.6717 -0.1948 -0.7148 0.9073 0.2688
46 -43.0735 46.1913 119.9444 0.9182 0.3960 0.0046 0.6775 0.3695
46 -26.0329 6.6821 120.9417 0.7916 0.5781 -0.1980 0.8822 0.2160
rdgonw_xmas.tga
46 -27.1571 4.3260 130.7709 0.5929 0.3485 0.7260 0.9001 0.2602
46 -49.3879 42.9746 129.1602 -0.3178 -0.1003 0.9429 0.7042 0.4173
46 -32.9882 1.0463 129.2612 -0.7529 -0.3366 0.5655 0.9194 0.3012
rdgonw_xmas.tga
46 -32.9882 1.0463 129.2612 -0.7529 -0.3366 0.5655 0.9194 0.3012
46 -49.3879 42.9746 129.1602 -0.3178 -0.1003 0.9429 0.7042 0.4173
46 -51.1585 46.8984 118.2922 -0.5199 -0.2905 -0.8033 0.6777 0.4175
rdgonw_xmas.tga
46 -32.9882 1.0463 129.2612 -0.7529 -0.3366 0.5655 0.9194 0.3012
46 -51.1585 46.8984 118.2922 -0.5199 -0.2905 -0.8033 0.6777 0.4175
46 -31.3647 2.7574 123.3739 -0.6717 -0.1948 -0.7148 0.9073 0.2688
rdgonw_xmas.tga
46 -49.3879 42.9746 129.1602 -0.3178 -0.1003 0.9429 0.7042 0.4173
46 -52.7041 48.7552 129.4413 -0.5490 -0.4305 0.7164 0.6792 0.4442
46 -51.1585 46.8984 118.2922 -0.5199 -0.2905 -0.8033 0.6777 0.4175
rdgonw_xmas.tga
46 -51.1585 46.8984 118.2922 -0.5199 -0.2905 -0.8033 0.6777 0.4175
47 -50.5566 -18.2485 126.1401 0.7252 -0.1703 -0.6672 0.4584 0.7710
47 -54.1427 -17.4343 127.0687 -0.9242 0.3637 -0.1167 0.4430 0.7603
rdgonw_xmas.tga
46 -51.1585 46.8984 118.2922 -0.5199 -0.2905 -0.8033 0.6777 0.4175
47 -54.1427 -17.4343 127.0687 -0.9242 0.3637 -0.1167 0.4430 0.7603
46 -48.2174 53.7956 120.6529 0.7206 0.6933 0.0061 0.6537 0.4007
rdgonw_xmas.tga
46 -48.2174 53.7956 120.6529 0.7206 0.6933 0.0061 0.6537 0.4007
47 -54.1427 -17.4343 127.0687 -0.9242 0.3637 -0.1167 0.4430 0.7603
47 -56.5754 -16.6922 131.1223 -0.7577 0.2203 0.6143 0.4435 0.7584
rdgonw_xmas.tga
46 -52.7041 48.7552 129.4413 -0.5490 -0.4305 0.7164 0.6792 0.4442
49 -47.9199 -18.5941 134.4681 0.3097 -0.0687 0.9483 0.5134 0.7629
47 -50.5566 -18.2485 126.1401 0.7252 -0.1703 -0.6672 0.4584 0.7710
rdgonw_xmas.tga
46 -52.7041 48.7552 129.4413 -0.5490 -0.4305 0.7164 0.6792 0.4442
47 -50.5566 -18.2485 126.1401 0.7252 -0.1703 -0.6672 0.4584 0.7710
46 -51.1585 46.8984 118.2922 -0.5199 -0.2905 -0.8033 0.6777 0.4175
rdgonw_xmas.tga
47 -50.5566 -18.2485 126.1401 0.7252 -0.1703 -0.6672 0.4584 0.7710
50 -72.7869 -1.6449 98.2375 0.5745 -0.4593 -0.6775 0.2526 0.8922
50 -72.5878 -0.7245 98.9835 -0.1425 0.8402 0.5232 0.2483 0.8866
rdgonw_xmas.tga
47 -50.5566 -18.2485 126.1401 0.7252 -0.1703 -0.6672 0.4584 0.7710
50 -72.5878 -0.7245 98.9835 -0.1425 0.8402 0.5232 0.2483 0.8866
47 -54.1427 -17.4343 127.0687 -0.9242 0.3637 -0.1167 0.4430 0.7603
rdgonw_xmas.tga
47 -54.1427 -17.4343 127.0687 -0.9242 0.3637 -0.1167 0.4430 0.7603
50 -72.5878 -0.7245 98.9835 -0.1425 0.8402 0.5232 0.2483 0.8866
50 -73.6874 -1.1406 99.2306 -0.5163 0.6027 0.6084 0.2521 0.8915
rdgonw_xmas.tga
47 -54.1427 -17.4343 127.0687 -0.9242 0.3637 -0.1167 0.4430 0.7603
50 -73.6874 -1.1406 99.2306 -0.5163 0.6027 0.6084 0.2521 0.8915
47 -56.5754 -16.6922 131.1223 -0.7577 0.2203 0.6143 0.4435 0.7584
rdgonw_xmas.tga
47 -56.5754 -16.6922 131.1223 -0.7577 0.2203 0.6143 0.4435 0.7584
50 -73.6874 -1.1406 99.2306 -0.5163 0.6027 0.6084 0.2521 0.8915
50 -73.8865 -2.0611 98.4846 -0.8125 -0.5790 -0.0678 0.2564 0.8971
rdgonw_xmas.tga
47 -56.5754 -16.6922 131.1223 -0.7577 0.2203 0.6143 0.4435 0.7584
50 -73.8865 -2.0611 98.4846 -0.8125 -0.5790 -0.0678 0.2564 0.8971
49 -55.7301 -24.6380 129.9997 -0.4547 -0.8643 -0.2151 0.4579 0.7986
rdgonw_xmas.tga
49 -55.7301 -24.6380 129.9997 -0.4547 -0.8643 -0.2151 0.4579 0.7986
50 -73.8865 -2.0611 98.4846 -0.8125 -0.5790 -0.0678 0.2564 0.8971
50 -72.7869 -1.6449 98.2375 0.5745 -0.4593 -0.6775 0.2526 0.8922
rdgonw_xmas.tga
49 -55.7301 -24.6380 129.9997 -0.4547 -0.8643 -0.2151 0.4579 0.7986
50 -72.7869 -1.6449 98.2375 0.5745 -0.4593 -0.6775 0.2526 0.8922
47 -50.5566 -18.2485 126.1401 0.7252 -0.1703 -0.6672 0.4584 0.7710
rdgonw_xmas.tga
50 -72.7869 -1.6449 98.2375 0.5745 -0.4593 -0.6775 0.2526 0.8922
51 -89.8767 40.0024 49.7910 -0.8953 0.1721 0.4108 0.0205 0.9842
50 -72.5878 -0.7245 98.9835 -0.1425 0.8402 0.5232 0.2483 0.8866
rdgonw_xmas.tga
50 -72.5878 -0.7245 98.9835 -0.1425 0.8402 0.5232 0.2483 0.8866
51 -89.8767 40.0024 49.7910 -0.8953 0.1721 0.4108 0.0205 0.9842
50 -73.6874 -1.1406 99.2306 -0.5163 0.6027 0.6084 0.2521 0.8915
rdgonw_xmas.tga
50 -73.6874 -1.1406 99.2306 -0.5163 0.6027 0.6084 0.2521 0.8915
51 -89.8767 40.0024 49.7910 -0.8953 0.1721 0.4108 0.0205 0.9842
50 -73.8865 -2.0611 98.4846 -0.8125 -0.5790 -0.0678 0.2564 0.8971
rdgonw_xmas.tga
50 -73.8865 -2.0611 98.4846 -0.8125 -0.5790 -0.0678 0.2564 0.8971
51 -89.8767 40.0024 49.7910 -0.8953 0.1721 0.4108 0.0205 0.9842
50 -72.7869 -1.6449 98.2375 0.5745 -0.4593 -0.6775 0.2526 0.8922
rdgonw_xmas.tga
51 -81.2110 41.3372 66.9164 -0.9175 0.1045 0.3838 0.0373 0.7866
51 -89.8767 40.0024 49.7910 -0.8953 0.1721 0.4108 0.0205 0.9842
50 -72.5878 -0.7245 98.9835 -0.1425 0.8402 0.5232 0.2483 0.8866
rdgonw_xmas.tga
53 -84.5747 76.1167 76.4259 -0.8292 0.0636 0.5554 0.0590 0.4409
50 -72.5878 -0.7245 98.9835 -0.1425 0.8402 0.5232 0.2483 0.8866
47 -54.1427 -17.4343 127.0687 -0.9242 0.3637 -0.1167 0.4430 0.7603
rdgonw_xmas.tga
56 -72.4167 50.2872 88.3574 -0.7511 0.1608 0.6404 0.2345 0.2585
53 -84.5747 76.1167 76.4259 -0.8292 0.0636 0.5554 0.0590 0.4409
47 -54.1427 -17.4343 127.0687 -0.9242 0.3637 -0.1167 0.4430 0.7603
rdgonw_xmas.tga
56 -58.3111 88.8309 91.7165 -0.8142 0.0938 0.5729 0.4365 0.0409
47 -54.1427 -17.4343 127.0687 -0.9242 0.3637 -0.1167 0.4430 0.7603
46 -48.2174 53.7956 120.6529 0.7206 0.6933 0.0061 0.6537 0.4007
rdgonw_xmas.tga
59 -53.3247 86.5723 112.8947 -0.7347 0.0833 0.6733 0.6596 0.0932
56 -58.3111 88.8309 91.7165 -0.8142 0.0938 0.5729 0.4365 0.0409
46 -48.2174 53.7956 120.6529 0.7206 0.6933 0.0061 0.6537 0.4007
rdgonw_xmas.tga
46 -26.0329 6.6821 120.9417 0.7916 0.5781 -0.1980 0.8822 0.2160
59 -30.3143 76.8262 125.2421 -0.5776 0.2770 0.7679 0.7624 0.0969
46 -43.0735 46.1913 119.9444 0.9182 0.3960 0.0046 0.6775 0.3695
rdgonw_xmas.tga
59 -30.3143 76.8262 125.2421 -0.5776 0.2770 0.7679 0.7624 0.0969
46 -26.0329 6.6821 120.9417 0.7916 0.5781 -0.1980 0.8822 0.2160
21 -20.5795 1.6070 113.9868 -0.6291 0.7399 0.2383 0.9388 0.0154
rdgonw_xmas.tga
47 -54.1427 -17.4343 127.0687 -0.9242 0.3637 -0.1167 0.4430 0.7603
56 -58.3111 88.8309 91.7165 -0.8142 0.0938 0.5729 0.4365 0.0409
56 -72.4167 50.2872 88.3574 -0.7511 0.1608 0.6404 0.2345 0.2585
rdgonw_xmas.tga
51 -81.2110 41.3372 66.9164 -0.9175 0.1045 0.3838 0.0373 0.7866
50 -72.5878 -0.7245 98.9835 -0.1425 0.8402 0.5232 0.2483 0.8866
53 -84.5747 76.1167 76.4259 -0.8292 0.0636 0.5554 0.0590 0.4409
rdgonw_xmas.tga
49 -47.9199 -18.5941 134.4681 0.3097 -0.0687 0.9483 0.5134 0.7629
49 -47.2299 -28.1546 138.8271 0.9786 0.1861 0.0875 0.4879 0.7761
47 -50.5566 -18.2485 126.1401 0.7252 -0.1703 -0.6672 0.4584 0.7710
rdgonw_xmas.tga
49 -50.1365 -31.5650 135.7953 0.0516 -0.7614 -0.6462 0.4750 0.7949
47 -50.5566 -18.2485 126.1401 0.7252 -0.1703 -0.6672 0.4584 0.7710
49 -47.2299 -28.1546 138.8271 0.9786 0.1861 0.0875 0.4879 0.7761
rdgonw_xmas.tga
49 -55.7301 -24.6380 129.9997 -0.4547 -0.8643 -0.2151 0.4579 0.7986
49 -51.5853 -29.1382 140.9020 -0.5880 0.0498 0.8073 0.4885 0.7898
47 -56.5754 -16.6922 131.1223 -0.7577 0.2203 0.6143 0.4435 0.7584
rdgonw_xmas.tga
49 -51.5853 -29.1382 140.9020 -0.5880 0.0498 0.8073 0.4885 0.7898
49 -55.7301 -24.6380 129.9997 -0.4547 -0.8643 -0.2151 0.4579 0.7986
49 -50.1365 -31.5650 135.7953 0.0516 -0.7614 -0.6462 0.4750 0.7949
rdgonw_xmas.tga
47 -50.5566 -18.2485 126.1401 0.7252 -0.1703 -0.6672 0.4584 0.7710
49 -50.1365 -31.5650 135.7953 0.0516 -0.7614 -0.6462 0.4750 0.7949
49 -55.7301 -24.6380 129.9997 -0.4547 -0.8643 -0.2151 0.4579 0.7986
rdgonw_xmas.tga
49 -50.1365 -31.5650 135.7953 0.0516 -0.7614 -0.6462 0.4750 0.7949
49 -39.8346 -43.0068 147.0336 0.7135 -0.2767 0.6437 0.5066 0.8233
49 -51.5853 -29.1382 140.9020 -0.5880 0.0498 0.8073 0.4885 0.7898
rdgonw_xmas.tga
49 -51.5853 -29.1382 140.9020 -0.5880 0.0498 0.8073 0.4885 0.7898
49 -39.8346 -43.0068 147.0336 0.7135 -0.2767 0.6437 0.5066 0.8233
49 -47.2299 -28.1546 138.8271 0.9786 0.1861 0.0875 0.4879 0.7761
rdgonw_xmas.tga
49 -47.2299 -28.1546 138.8271 0.9786 0.1861 0.0875 0.4879 0.7761
49 -39.8346 -43.0068 147.0336 0.7135 -0.2767 0.6437 0.5066 0.8233
49 -50.1365 -31.5650 135.7953 0.0516 -0.7614 -0.6462 0.4750 0.7949
rdgonw_xmas.tga
49 -51.5853 -29.1382 140.9020 -0.5880 0.0498 0.8073 0.4885 0.7898
49 -47.2299 -28.1546 138.8271 0.9786 0.1861 0.0875 0.4879 0.7761
49 -47.9199 -18.5941 134.4681 0.3097 -0.0687 0.9483 0.5134 0.7629
rdgonw_xmas.tga
49 -47.9199 -18.5941 134.4681 0.3097 -0.0687 0.9483 0.5134 0.7629
47 -56.5754 -16.6922 131.1223 -0.7577 0.2203 0.6143 0.4435 0.7584
49 -51.5853 -29.1382 140.9020 -0.5880 0.0498 0.8073 0.4885 0.7898
rdgonw_xmas.tga
46 -52.7041 48.7552 129.4413 -0.5490 -0.4305 0.7164 0.6792 0.4442
46 -49.3879 42.9746 129.1602 -0.3178 -0.1003 0.9429 0.7042 0.4173
46 -47.2508 48.9125 124.5974 0.6569 0.4283 0.6205 0.6831 0.4011
rdgonw_xmas.tga
46 -43.0735 46.1913 119.9444 0.9182 0.3960 0.0046 0.6775 0.3695
46 -51.1585 46.8984 118.2922 -0.5199 -0.2905 -0.8033 0.6777 0.4175
46 -48.2174 53.7956 120.6529 0.7206 0.6933 0.0061 0.6537 0.4007
rdgonw_xmas.tga
46 -48.2174 53.7956 120.6529 0.7206 0.6933 0.0061 0.6537 0.4007
46 -43.0735 46.1913 119.9444 0.9182 0.3960 0.0046 0.6775 0.3695
59 -53.3247 86.5723 112.8947 -0.7347 0.0833 0.6733 0.6596 0.0932
rdgonw_xmas.tga
46 -43.0735 46.1913 119.9444 0.9182 0.3960 0.0046 0.6775 0.3695
59 -30.3143 76.8262 125.2421 -0.5776 0.2770 0.7679 0.7624 0.0969
59 -53.3247 86.5723 112.8947 -0.7347 0.0833 0.6733 0.6596 0.0932
rdgonw_xmas.tga
46 -47.2508 48.9125 124.5974 0.6569 0.4283 0.6205 0.6831 0.4011
46 -26.0329 6.6821 120.9417 0.7916 0.5781 -0.1980 0.8822 0.2160
46 -43.0735 46.1913 119.9444 0.9182 0.3960 0.0046 0.6775 0.3695
rdgonw_xmas.tga
46 -47.2508 48.9125 124.5974 0.6569 0.4283 0.6205 0.6831 0.4011
46 -43.0735 46.1913 119.9444 0.9182 0.3960 0.0046 0.6775 0.3695
46 -48.2174 53.7956 120.6529 0.7206 0.6933 0.0061 0.6537 0.4007
rdgonw_xmas.tga
49 -47.9199 -18.5941 134.4681 0.3097 -0.0687 0.9483 0.5134 0.7629
46 -52.7041 48.7552 129.4413 -0.5490 -0.4305 0.7164 0.6792 0.4442
46 -47.2508 48.9125 124.5974 0.6569 0.4283 0.6205 0.6831 0.4011
rdgonw_xmas.tga
46 -47.2508 48.9125 124.5974 0.6569 0.4283 0.6205 0.6831 0.4011
47 -56.5754 -16.6922 131.1223 -0.7577 0.2203 0.6143 0.4435 0.7584
49 -47.9199 -18.5941 134.4681 0.3097 -0.0687 0.9483 0.5134 0.7629
rdgonw_xmas.tga
47 -56.5754 -16.6922 131.1223 -0.7577 0.2203 0.6143 0.4435 0.7584
46 -47.2508 48.9125 124.5974 0.6569 0.4283 0.6205 0.6831 0.4011
46 -48.2174 53.7956 120.6529 0.7206 0.6933 0.0061 0.6537 0.4007
rdgonw_xmas.tga
46 -47.2508 48.9125 124.5974 0.6569 0.4283 0.6205 0.6831 0.4011
46 -27.1571 4.3260 130.7709 0.5929 0.3485 0.7260 0.9001 0.2602
46 -26.0329 6.6821 120.9417 0.7916 0.5781 -0.1980 0.8822 0.2160
rdgonw_xmas.tga
46 -47.2508 48.9125 124.5974 0.6569 0.4283 0.6205 0.6831 0.4011
46 -49.3879 42.9746 129.1602 -0.3178 -0.1003 0.9429 0.7042 0.4173
46 -27.1571 4.3260 130.7709 0.5929 0.3485 0.7260 0.9001 0.2602
end
