version 1
nodes
0 "Bip01" -1
1 "Bip01 Pelvis" 0
2 "Bip01 L Thigh" 1
3 "Bip01 L Calf" 2
4 "Bip01 L Foot" 3
5 "Bip01 L Toe0" 4
6 "Bip01 L Toe01" 5
7 "Bip01 L Toe02" 6
8 "Null 8" -1
9 "Bip01 R Thigh" 1
10 "Bip01 R Calf" 9
11 "Bip01 R Foot" 10
12 "Bip01 R Toe0" 11
13 "Bip01 R Toe01" 12
14 "Bip01 R Toe02" 13
15 "Null 15" -1
16 "Bip01 Spine" 1
17 "Bip01 Spine1" 16
18 "Bip01 Neck" 17
19 "Bip01 Head" 18
20 "Null 20" -1
21 "Bip01 Ponytail1" 19
22 "Bip01 Ponytail11" 21
23 "Null 23" -1
24 "Bip01 L Clavicle" 18
25 "Bip01 L UpperArm" 24
26 "Bip01 L Forearm" 25
27 "Bip01 L Hand" 26
28 "Bip01 L Finger0" 27
29 "Bip01 L Finger01" 28
30 "Null 30" -1
31 "Bip01 L Finger1" 27
32 "Bip01 L Finger11" 31
33 "Bip01 L Finger1Nub" 32
34 "hand_bofdgne01" 27
35 "Bip01 R Clavicle" 18
36 "Bip01 R UpperArm" 35
37 "Bip01 R Forearm" 36
38 "Bip01 R Hand" 37
39 "Bip01 R Finger0" 38
40 "Bip01 R Finger01" 39
41 "Null 41" -1
42 "Bip01 R Finger1" 38
43 "Bip01 R Finger11" 42
44 "Bip01 R Finger1Nub" 43
45 "knife_gdf" 38
46 "Bone03" 17
47 "Box04" 17
48 "Box01" 47
49 "eyebone01" 48
end
skeleton
time 0
0 0.000000 7.767428 92.907173 0.000000 0.000000 -1.570795
1 0.000000 0.000000 0.000000 -1.570795 -1.570796 0.000000
2 -0.000026 0.000030 18.595530 -0.087243 -2.774537 -0.847577
3 51.256508 -0.000001 0.000006 -0.000000 0.000000 -1.386886
4 42.401627 0.000001 0.000002 0.005287 -0.172125 0.493764
5 23.783974 40.997166 -0.000001 0.000000 -0.000000 1.570796
6 4.401494 -0.000000 -0.000003 0.000000 0.000000 0.000000
7 4.401495 -0.000000 0.000002 0.000000 0.000000 0.000000
8 0.0 0.0 0.0 0.0 0.0 0.0
9 0.000026 -0.000022 -18.595530 0.360893 2.734021 -0.381225
10 51.256516 -0.000001 -0.000005 0.000000 -0.000000 -1.420702
11 42.401627 0.000001 0.000005 0.052930 0.214486 0.909510
12 23.783974 40.997162 0.000001 0.000000 0.000000 1.570796
13 4.401493 0.000000 0.000005 0.000000 0.000000 0.000000
14 4.401494 0.000000 -0.000000 0.000000 0.000000 0.000000
15 0.0 0.0 0.0 0.0 0.0 0.0
16 11.444740 -0.019552 -0.003825 0.169042 -0.043626 0.511972
17 28.680408 -0.040426 -0.000000 -0.000000 0.000001 -0.296706
18 53.093925 -0.004325 -0.000001 0.000000 -0.000000 0.030000
19 5.437290 -0.000001 -0.000000 0.174533 0.000000 0.012836
20 0.0 0.0 0.0 0.0 0.0 0.0
21 7.285627 -7.278543 -0.000020 -0.000005 0.000001 -2.749229
22 16.349970 -0.013654 -0.000001 -0.000000 0.000001 -0.219299
23 0.0 0.0 0.0 0.0 0.0 0.0
24 -16.427874 0.510342 35.303993 -0.000014 -1.370796 3.110810
25 39.921352 -0.000001 0.000002 0.520939 1.156512 0.496906
26 48.422321 -0.000000 0.000004 0.000000 -0.000000 -0.451598
27 8.438254 0.000002 -0.000005 -1.596150 -0.031467 0.194006
28 88.895821 22.973198 -7.706260 2.797142 -0.033053 0.686792
29 5.595501 0.000007 -0.000005 0.000000 -0.000000 0.366519
30 0.0 0.0 0.0 0.0 0.0 0.0
31 92.364769 7.629375 2.440336 -0.001629 0.000243 0.148353
32 4.012198 -0.000004 -0.000002 -0.000000 -0.000000 0.427606
33 7.425243 0.000001 0.000001 0.000000 -0.000000 -0.000000
34 48.724430 -4.691676 -7.699066 -0.671516 -1.576963 0.751474
35 -17.143810 0.532522 -35.127754 -0.000014 1.370796 3.110783
36 39.921356 0.000000 0.000005 -0.016730 -1.105058 0.257997
37 48.422310 -0.000000 -0.000002 0.000000 -0.000000 -0.568187
38 8.438261 -0.000001 -0.000001 1.596150 0.031467 0.194006
39 88.895828 22.973221 7.706260 -2.797142 0.033053 0.686792
40 5.595502 -0.000000 0.000009 0.000000 -0.000000 0.366519
41 0.0 0.0 0.0 0.0 0.0 0.0
42 92.364777 7.629395 -2.440334 0.001629 -0.000243 0.148353
43 4.012198 -0.000002 0.000002 -0.000000 -0.000000 0.427606
44 7.425244 0.000004 0.000000 -0.000000 -0.000000 -3.141593
45 48.003227 -5.008455 6.468823 -2.046970 1.564393 1.171540
46 35.773132 -32.097885 -1.330358 -1.564896 -3.140380 -1.559171
47 26.836367 23.845194 -0.971343 1.564896 0.001213 -1.559171
48 -3.825685 0.003307 -0.381501 0.000000 0.000000 0.000000
49 31.302332 -0.003326 0.381514 -0.000000 0.000000 -0.000000
end
triangles
fireeffect.jpg
16 8.9638 30.4436 119.6837 0.1963 0.9277 0.3175 0.3954 1.0991
1 13.5415 30.7796 83.5427 0.3719 0.7778 -0.5067 0.3082 0.7077
1 -0.0564 33.8884 81.6115 -0.0631 0.9562 -0.2857 0.1447 0.7162
fireeffect.jpg
1 -0.0564 33.8884 81.6115 -0.0631 0.9562 -0.2857 0.1447 0.7162
16 -4.7400 30.1566 123.3905 -0.1690 0.8950 0.4128 0.1266 1.0910
16 8.9638 30.4436 119.6837 0.1963 0.9277 0.3175 0.3954 1.0991
fireeffect.jpg
16 0.7999 5.0669 95.6381 0.1062 -0.8839 -0.4555 0.1809 0.9904
1 -0.0563 0.4304 85.6658 0.0025 -0.8780 -0.4787 0.1628 0.7883
1 13.7133 5.3733 87.7701 -0.2532 -0.8984 0.3588 0.4396 0.8096
fireeffect.jpg
1 13.7133 5.3733 87.7701 -0.2532 -0.8984 0.3588 0.4396 0.8096
16 12.5050 7.6769 100.7138 0.6447 -0.7009 -0.3050 0.3772 1.0115
16 0.7999 5.0669 95.6381 0.1062 -0.8839 -0.4555 0.1809 0.9904
fireeffect.jpg
1 -0.0563 17.2920 72.7787 0.0000 -0.0511 -0.9987 0.1899 0.5282
1 -0.0564 33.8884 81.6115 -0.0631 0.9562 -0.2857 0.1447 0.7162
1 13.5415 30.7796 83.5427 0.3719 0.7778 -0.5067 0.3082 0.7077
fireeffect.jpg
1 13.5415 30.7796 83.5427 0.3719 0.7778 -0.5067 0.3082 0.7077
1 3.4546 17.5833 75.9477 -0.0392 -0.2309 -0.9722 0.2181 0.5859
1 -0.0563 17.2920 72.7787 0.0000 -0.0511 -0.9987 0.1899 0.5282
fireeffect.jpg
1 30.3259 17.2920 92.5422 0.8319 -0.0480 0.5528 0.7335 0.8577
1 28.0361 25.1465 86.8305 0.7057 0.7045 -0.0755 0.5309 0.7625
16 22.1810 24.6995 116.9242 0.6592 0.7120 0.2421 0.5786 1.1154
fireeffect.jpg
16 22.1810 24.6995 116.9242 0.6592 0.7120 0.2421 0.5786 1.1154
16 25.7684 19.4162 112.5793 0.9866 0.1295 0.0997 0.7462 1.0861
1 30.3259 17.2920 92.5422 0.8319 -0.0480 0.5528 0.7335 0.8577
fireeffect.jpg
17 23.4911 -11.0827 189.8317 0.1626 0.1275 0.9784 0.5599 2.6286
17 55.7939 -7.4417 175.7897 0.1268 -0.0306 0.9915 1.0682 2.5762
17 50.8797 3.5317 171.3858 -0.1498 0.6459 0.7486 0.9957 2.1754
fireeffect.jpg
17 50.8797 3.5317 171.3858 -0.1498 0.6459 0.7486 0.9957 2.1754
17 21.0829 10.8257 163.8356 0.0028 0.8587 0.5125 0.5586 2.0299
17 23.4911 -11.0827 189.8317 0.1626 0.1275 0.9784 0.5599 2.6286
fireeffect.jpg
16 9.8893 22.6907 133.4060 0.2529 0.9081 0.3339 0.3989 1.3624
16 -3.6689 21.6218 131.7733 -0.1712 0.8948 0.4123 0.1537 1.3330
17 -4.3259 21.8718 145.2365 -0.1736 0.9441 0.2803 0.3167 1.7040
fireeffect.jpg
17 -4.3259 21.8718 145.2365 -0.1736 0.9441 0.2803 0.3167 1.7040
17 14.0305 17.9563 142.7744 0.2400 0.9294 0.2803 0.5508 1.7392
16 9.8893 22.6907 133.4060 0.2529 0.9081 0.3339 0.3989 1.3624
fireeffect.jpg
17 44.9371 1.9339 148.5350 0.4545 0.5402 -0.7083 1.1336 1.7865
16 31.6936 11.5515 128.6867 0.8795 0.3083 -0.3625 0.9090 1.3180
16 21.7956 16.0591 132.0716 0.5680 0.8125 0.1316 0.5610 1.4057
fireeffect.jpg
16 21.7956 16.0591 132.0716 0.5680 0.8125 0.1316 0.5610 1.4057
17 44.9670 9.2846 158.6855 -0.0375 0.9992 0.0118 0.9124 1.9486
17 44.9371 1.9339 148.5350 0.4545 0.5402 -0.7083 1.1336 1.7865
fireeffect.jpg
17 30.1148 -37.5591 134.7753 0.5955 -0.6908 -0.4101 0.6456 1.8079
16 19.7160 -10.1190 109.8025 0.5594 -0.3650 -0.7442 0.4467 1.2939
16 30.0482 -2.4602 125.0524 0.8174 -0.0508 -0.5738 0.7333 1.3959
fireeffect.jpg
16 30.0482 -2.4602 125.0524 0.8174 -0.0508 -0.5738 0.7333 1.3959
17 50.2718 -19.1136 152.8974 0.5986 -0.4493 -0.6632 0.9535 2.0187
17 30.1148 -37.5591 134.7753 0.5955 -0.6908 -0.4101 0.6456 1.8079
fireeffect.jpg
17 14.0305 17.9563 142.7744 0.2400 0.9294 0.2803 0.5508 1.7392
17 -4.3259 21.8718 145.2365 -0.1736 0.9441 0.2803 0.3167 1.7040
17 -3.5459 13.4492 159.5788 -0.1656 0.8288 0.5345 0.1899 1.9542
fireeffect.jpg
17 -3.5459 13.4492 159.5788 -0.1656 0.8288 0.5345 0.1899 1.9542
17 21.0829 10.8257 163.8356 0.0028 0.8587 0.5125 0.5586 2.0299
17 14.0305 17.9563 142.7744 0.2400 0.9294 0.2803 0.5508 1.7392
fireeffect.jpg
17 27.5925 -31.7300 177.0192 0.3158 -0.7534 0.5768 0.5566 2.3977
17 30.1148 -37.5591 134.7753 0.5955 -0.6908 -0.4101 0.6456 1.8079
17 50.2718 -19.1136 152.8974 0.5986 -0.4493 -0.6632 0.9535 2.0187
fireeffect.jpg
17 50.2718 -19.1136 152.8974 0.5986 -0.4493 -0.6632 0.9535 2.0187
17 51.3595 -25.4479 169.3781 0.4955 -0.7816 0.3789 1.0419 2.3850
17 27.5925 -31.7300 177.0192 0.3158 -0.7534 0.5768 0.5566 2.3977
fireeffect.jpg
24 64.2408 18.4162 175.1083 -0.1207 0.5425 0.8313 1.2387 2.1804
24 55.4390 12.0450 154.5831 -0.3164 0.7881 -0.5281 1.0750 1.8706
17 44.9670 9.2846 158.6855 -0.0375 0.9992 0.0118 0.9124 1.9486
fireeffect.jpg
17 44.9670 9.2846 158.6855 -0.0375 0.9992 0.0118 0.9124 1.9486
17 50.8797 3.5317 171.3858 -0.1498 0.6459 0.7486 0.9957 2.1754
24 64.2408 18.4162 175.1083 -0.1207 0.5425 0.8313 1.2387 2.1804
fireeffect.jpg
24 64.2408 18.4162 175.1083 -0.1207 0.5425 0.8313 1.2387 2.1804
17 50.8797 3.5317 171.3858 -0.1498 0.6459 0.7486 0.9957 2.1754
17 55.7939 -7.4417 175.7897 0.1268 -0.0306 0.9915 1.0682 2.5762
fireeffect.jpg
17 55.7939 -7.4417 175.7897 0.1268 -0.0306 0.9915 1.0682 2.5762
24 70.5501 -3.6889 174.3006 0.4993 -0.4898 0.7147 1.5295 2.6484
24 64.2408 18.4162 175.1083 -0.1207 0.5425 0.8313 1.2387 2.1804
fireeffect.jpg
24 61.6108 -16.4523 154.7113 0.1694 -0.6997 -0.6941 1.0951 1.9750
24 68.1891 -8.4739 167.3749 0.5469 -0.8231 0.1528 1.3689 2.3604
17 51.3595 -25.4479 169.3781 0.4955 -0.7816 0.3789 1.0419 2.3850
fireeffect.jpg
17 51.3595 -25.4479 169.3781 0.4955 -0.7816 0.3789 1.0419 2.3850
17 50.2718 -19.1136 152.8974 0.5986 -0.4493 -0.6632 0.9535 2.0187
24 61.6108 -16.4523 154.7113 0.1694 -0.6997 -0.6941 1.0951 1.9750
fireeffect.jpg
24 58.6788 0.8367 152.1842 -0.2199 -0.0130 -0.9754 1.3312 1.9421
24 61.6108 -16.4523 154.7113 0.1694 -0.6997 -0.6941 1.2186 2.1045
17 50.2718 -19.1136 152.8974 0.5986 -0.4493 -0.6632 0.9535 2.0187
fireeffect.jpg
17 50.2718 -19.1136 152.8974 0.5986 -0.4493 -0.6632 0.9535 2.0187
17 44.9371 1.9339 148.5350 0.4545 0.5402 -0.7083 1.1336 1.7865
24 58.6788 0.8367 152.1842 -0.2199 -0.0130 -0.9754 1.3312 1.9421
fireeffect.jpg
16 19.4105 13.6627 108.5092 0.8091 -0.5672 -0.1538 0.5731 1.0693
16 25.7684 19.4162 112.5793 0.9866 0.1295 0.0997 0.7462 1.0861
16 31.6936 11.5515 128.6867 0.8795 0.3083 -0.3625 0.9090 1.3180
fireeffect.jpg
16 31.6936 11.5515 128.6867 0.8795 0.3083 -0.3625 0.9090 1.3180
16 30.0482 -2.4602 125.0524 0.8174 -0.0508 -0.5738 0.7333 1.3959
16 19.4105 13.6627 108.5092 0.8091 -0.5672 -0.1538 0.5731 1.0693
fireeffect.jpg
24 70.5501 -3.6889 174.3006 0.4993 -0.4898 0.7147 1.5295 2.6484
17 55.7939 -7.4417 175.7897 0.1268 -0.0306 0.9915 1.0682 2.5762
17 51.3595 -25.4479 169.3781 0.4955 -0.7816 0.3789 1.0419 2.3850
fireeffect.jpg
17 51.3595 -25.4479 169.3781 0.4955 -0.7816 0.3789 1.0419 2.3850
24 68.1891 -8.4739 167.3749 0.5469 -0.8231 0.1528 1.3689 2.3604
24 70.5501 -3.6889 174.3006 0.4993 -0.4898 0.7147 1.5295 2.6484
fireeffect.jpg
16 31.6936 11.5515 128.6867 0.8795 0.3083 -0.3625 0.9090 1.3180
17 44.9371 1.9339 148.5350 0.4545 0.5402 -0.7083 1.1336 1.7865
17 50.2718 -19.1136 152.8974 0.5986 -0.4493 -0.6632 0.9535 2.0187
fireeffect.jpg
17 50.2718 -19.1136 152.8974 0.5986 -0.4493 -0.6632 0.9535 2.0187
16 30.0482 -2.4602 125.0524 0.8174 -0.0508 -0.5738 0.7333 1.3959
16 31.6936 11.5515 128.6867 0.8795 0.3083 -0.3625 0.9090 1.3180
fireeffect.jpg
24 55.4390 12.0450 154.5831 -0.3164 0.7881 -0.5281 1.0750 1.8706
24 58.6788 0.8367 152.1842 -0.2199 -0.0130 -0.9754 1.3312 1.9421
17 44.9371 1.9339 148.5350 0.4545 0.5402 -0.7083 1.1336 1.7865
fireeffect.jpg
17 44.9371 1.9339 148.5350 0.4545 0.5402 -0.7083 1.1336 1.7865
17 44.9670 9.2846 158.6855 -0.0375 0.9992 0.0118 0.9124 1.9486
24 55.4390 12.0450 154.5831 -0.3164 0.7881 -0.5281 1.0750 1.8706
fireeffect.jpg
17 0.1285 -14.8753 184.7760 -0.0779 0.1956 0.9776 0.1833 2.5764
17 23.4911 -11.0827 189.8317 0.1626 0.1275 0.9784 0.5599 2.6286
17 21.0829 10.8257 163.8356 0.0028 0.8587 0.5125 0.5586 2.0299
fireeffect.jpg
17 21.0829 10.8257 163.8356 0.0028 0.8587 0.5125 0.5586 2.0299
17 -3.5459 13.4492 159.5788 -0.1656 0.8288 0.5345 0.1899 1.9542
17 0.1285 -14.8753 184.7760 -0.0779 0.1956 0.9776 0.1833 2.5764
fireeffect.jpg
17 44.9670 9.2846 158.6855 -0.0375 0.9992 0.0118 0.9124 1.9486
17 14.0305 17.9563 142.7744 0.2400 0.9294 0.2803 0.5508 1.7392
17 21.0829 10.8257 163.8356 0.0028 0.8587 0.5125 0.5586 2.0299
fireeffect.jpg
17 21.0829 10.8257 163.8356 0.0028 0.8587 0.5125 0.5586 2.0299
17 50.8797 3.5317 171.3858 -0.1498 0.6459 0.7486 0.9957 2.1754
17 44.9670 9.2846 158.6855 -0.0375 0.9992 0.0118 0.9124 1.9486
fireeffect.jpg
16 22.1810 24.6995 116.9242 0.6592 0.7120 0.2421 0.5786 1.1154
16 8.9638 30.4436 119.6837 0.1963 0.9277 0.3175 0.3954 1.0991
16 9.8893 22.6907 133.4060 0.2529 0.9081 0.3339 0.3989 1.3624
fireeffect.jpg
16 9.8893 22.6907 133.4060 0.2529 0.9081 0.3339 0.3989 1.3624
16 21.7956 16.0591 132.0716 0.5680 0.8125 0.1316 0.5610 1.4057
16 22.1810 24.6995 116.9242 0.6592 0.7120 0.2421 0.5786 1.1154
fireeffect.jpg
16 12.5050 7.6769 100.7138 0.6447 -0.7009 -0.3050 0.3772 1.0115
1 13.7133 5.3733 87.7701 -0.2532 -0.8984 0.3588 0.4396 0.8096
1 23.7227 9.0419 90.3524 0.2576 -0.5696 0.7805 0.4646 0.8212
fireeffect.jpg
1 23.7227 9.0419 90.3524 0.2576 -0.5696 0.7805 0.4646 0.8212
16 19.4105 13.6627 108.5092 0.8091 -0.5672 -0.1538 0.5731 1.0693
16 12.5050 7.6769 100.7138 0.6447 -0.7009 -0.3050 0.3772 1.0115
fireeffect.jpg
1 3.4546 17.5833 75.9477 -0.0392 -0.2309 -0.9722 0.2181 0.5859
1 13.7133 5.3733 87.7701 -0.2532 -0.8984 0.3588 0.4396 0.8096
1 -0.0563 0.4304 85.6658 0.0025 -0.8780 -0.4787 0.1628 0.7883
fireeffect.jpg
1 -0.0563 0.4304 85.6658 0.0025 -0.8780 -0.4787 0.1628 0.7883
1 -0.0563 17.2920 72.7787 0.0000 -0.0511 -0.9987 0.1899 0.5282
1 3.4546 17.5833 75.9477 -0.0392 -0.2309 -0.9722 0.2181 0.5859
fireeffect.jpg
17 27.5925 -31.7300 177.0192 0.3158 -0.7534 0.5768 0.5566 2.3977
17 7.1128 -50.0848 163.1397 0.1559 -0.9681 0.1960 0.2039 2.1410
17 30.1148 -37.5591 134.7753 0.5955 -0.6908 -0.4101 0.6456 1.8079
fireeffect.jpg
17 27.5925 -31.7300 177.0192 0.3158 -0.7534 0.5768 0.5566 2.3977
17 2.6936 -29.0046 181.3013 0.0367 -0.4539 0.8903 0.1966 2.3339
17 7.1128 -50.0848 163.1397 0.1559 -0.9681 0.1960 0.2039 2.1410
fireeffect.jpg
17 7.1128 -50.0848 163.1397 0.1559 -0.9681 0.1960 0.2039 2.1410
17 5.9369 -33.1159 125.5763 0.1603 -0.7785 -0.6069 0.0754 1.6583
17 30.1148 -37.5591 134.7753 0.5955 -0.6908 -0.4101 0.6456 1.8079
fireeffect.jpg
17 0.1285 -14.8753 184.7760 -0.0779 0.1956 0.9776 0.1833 2.5764
17 27.5925 -31.7300 177.0192 0.3158 -0.7534 0.5768 0.5566 2.3977
17 23.4911 -11.0827 189.8317 0.1626 0.1275 0.9784 0.5599 2.6286
fireeffect.jpg
17 0.1285 -14.8753 184.7760 -0.0779 0.1956 0.9776 0.1833 2.5764
17 2.6936 -29.0046 181.3013 0.0367 -0.4539 0.8903 0.1966 2.3339
17 27.5925 -31.7300 177.0192 0.3158 -0.7534 0.5768 0.5566 2.3977
fireeffect.jpg
17 23.4911 -11.0827 189.8317 0.1626 0.1275 0.9784 0.5599 2.6286
17 27.5925 -31.7300 177.0192 0.3158 -0.7534 0.5768 0.5566 2.3977
17 51.3595 -25.4479 169.3781 0.4955 -0.7816 0.3789 1.0419 2.3850
fireeffect.jpg
17 51.3595 -25.4479 169.3781 0.4955 -0.7816 0.3789 1.0419 2.3850
17 55.7939 -7.4417 175.7897 0.1268 -0.0306 0.9915 1.0682 2.5762
17 23.4911 -11.0827 189.8317 0.1626 0.1275 0.9784 0.5599 2.6286
fireeffect.jpg
16 21.7956 16.0591 132.0716 0.5680 0.8125 0.1316 0.5610 1.4057
16 9.8893 22.6907 133.4060 0.2529 0.9081 0.3339 0.3989 1.3624
17 14.0305 17.9563 142.7744 0.2400 0.9294 0.2803 0.5508 1.7392
fireeffect.jpg
17 14.0305 17.9563 142.7744 0.2400 0.9294 0.2803 0.5508 1.7392
17 44.9670 9.2846 158.6855 -0.0375 0.9992 0.0118 0.9124 1.9486
16 21.7956 16.0591 132.0716 0.5680 0.8125 0.1316 0.5610 1.4057
fireeffect.jpg
16 19.7160 -10.1190 109.8025 0.5594 -0.3650 -0.7442 0.4467 1.2939
17 30.1148 -37.5591 134.7753 0.5955 -0.6908 -0.4101 0.6456 1.8079
17 5.9369 -33.1159 125.5763 0.1603 -0.7785 -0.6069 0.0754 1.6583
fireeffect.jpg
17 5.9369 -33.1159 125.5763 0.1603 -0.7785 -0.6069 0.0754 1.6583
16 4.3187 -18.6497 107.0462 0.1393 -0.6082 -0.7815 0.1537 1.3077
16 19.7160 -10.1190 109.8025 0.5594 -0.3650 -0.7442 0.4467 1.2939
fireeffect.jpg
2 40.6182 0.3691 66.8306 0.6446 0.5435 -0.5378 0.7066 0.4401
2 25.5980 0.3643 56.1892 0.0278 0.4596 -0.8877 0.4625 0.4324
1 13.5415 30.7796 83.5427 0.3719 0.7778 -0.5067 0.3082 0.7077
fireeffect.jpg
1 13.5415 30.7796 83.5427 0.3719 0.7778 -0.5067 0.3082 0.7077
1 28.0361 25.1465 86.8305 0.7057 0.7045 -0.0755 0.5309 0.7625
2 40.6182 0.3691 66.8306 0.6446 0.5435 -0.5378 0.7066 0.4401
fireeffect.jpg
2 49.0287 -2.8511 77.7601 0.9081 0.2965 0.2957 0.9184 0.4401
2 40.6182 0.3691 66.8306 0.6446 0.5435 -0.5378 0.7066 0.4401
1 28.0361 25.1465 86.8305 0.7057 0.7045 -0.0755 0.5309 0.7625
fireeffect.jpg
1 28.0361 25.1465 86.8305 0.7057 0.7045 -0.0755 0.5309 0.7625
1 30.3259 17.2920 92.5422 0.8319 -0.0480 0.5528 0.7335 0.8577
2 49.0287 -2.8511 77.7601 0.9081 0.2965 0.2957 0.9184 0.4401
fireeffect.jpg
2 39.7455 -12.0802 86.2559 0.2619 -0.1609 0.9516 0.6874 0.4298
2 49.0287 -2.8511 77.7601 0.9081 0.2965 0.2957 0.9184 0.4401
1 30.3259 17.2920 92.5422 0.8319 -0.0480 0.5528 0.7335 0.8577
fireeffect.jpg
1 30.3259 17.2920 92.5422 0.8319 -0.0480 0.5528 0.7335 0.8577
1 23.7227 9.0419 90.3524 0.2576 -0.5696 0.7805 0.4646 0.8212
2 39.7455 -12.0802 86.2559 0.2619 -0.1609 0.9516 0.6874 0.4298
fireeffect.jpg
2 18.6129 -21.6637 88.8129 -0.3943 -0.5415 0.7425 0.4831 0.4345
2 39.7455 -12.0802 86.2559 0.2619 -0.1609 0.9516 0.6874 0.4298
1 23.7227 9.0419 90.3524 0.2576 -0.5696 0.7805 0.4646 0.8212
fireeffect.jpg
1 23.7227 9.0419 90.3524 0.2576 -0.5696 0.7805 0.4646 0.8212
1 13.7133 5.3733 87.7701 -0.2532 -0.8984 0.3588 0.4396 0.8096
2 18.6129 -21.6637 88.8129 -0.3943 -0.5415 0.7425 0.4831 0.4345
fireeffect.jpg
2 14.5650 -24.9220 64.6275 -0.9248 -0.1900 -0.3297 0.2182 0.2110
2 18.6129 -21.6637 88.8129 -0.3943 -0.5415 0.7425 0.4831 0.4345
1 13.7133 5.3733 87.7701 -0.2532 -0.8984 0.3588 0.4396 0.8096
fireeffect.jpg
1 13.7133 5.3733 87.7701 -0.2532 -0.8984 0.3588 0.4396 0.8096
1 3.4546 17.5833 75.9477 -0.0392 -0.2309 -0.9722 0.2181 0.5859
2 14.5650 -24.9220 64.6275 -0.9248 -0.1900 -0.3297 0.2182 0.2110
fireeffect.jpg
2 25.5980 0.3643 56.1892 0.0278 0.4596 -0.8877 0.4625 0.4324
2 14.5650 -24.9220 64.6275 -0.9248 -0.1900 -0.3297 0.2182 0.2110
1 3.4546 17.5833 75.9477 -0.0392 -0.2309 -0.9722 0.2181 0.5859
fireeffect.jpg
1 3.4546 17.5833 75.9477 -0.0392 -0.2309 -0.9722 0.2181 0.5859
1 13.5415 30.7796 83.5427 0.3719 0.7778 -0.5067 0.3082 0.7077
2 25.5980 0.3643 56.1892 0.0278 0.4596 -0.8877 0.4625 0.4324
fireeffect.jpg
2 47.0658 -19.6187 59.8411 0.6233 0.7123 -0.3227 0.7537 0.0773
2 36.3028 -18.2435 50.5970 -0.0850 0.7823 -0.6170 0.5285 0.0777
2 25.5980 0.3643 56.1892 0.0278 0.4596 -0.8877 0.4625 0.4324
fireeffect.jpg
2 25.5980 0.3643 56.1892 0.0278 0.4596 -0.8877 0.4625 0.4324
2 40.6182 0.3691 66.8306 0.6446 0.5435 -0.5378 0.7066 0.4401
2 47.0658 -19.6187 59.8411 0.6233 0.7123 -0.3227 0.7537 0.0773
fireeffect.jpg
2 51.2607 -20.5325 71.0962 0.9451 0.2983 0.1335 0.9909 0.1333
2 47.0658 -19.6187 59.8411 0.6233 0.7123 -0.3227 0.7537 0.0773
2 40.6182 0.3691 66.8306 0.6446 0.5435 -0.5378 0.7066 0.4401
fireeffect.jpg
2 40.6182 0.3691 66.8306 0.6446 0.5435 -0.5378 0.7066 0.4401
2 49.0287 -2.8511 77.7601 0.9081 0.2965 0.2957 0.9184 0.4401
2 51.2607 -20.5325 71.0962 0.9451 0.2983 0.1335 0.9909 0.1333
fireeffect.jpg
2 44.0472 -29.7443 83.9263 0.4430 -0.2777 0.8524 0.7237 0.1472
2 51.2607 -20.5325 71.0962 0.9451 0.2983 0.1335 0.9909 0.1333
2 49.0287 -2.8511 77.7601 0.9081 0.2965 0.2957 0.9184 0.4401
fireeffect.jpg
2 49.0287 -2.8511 77.7601 0.9081 0.2965 0.2957 0.9184 0.4401
2 39.7455 -12.0802 86.2559 0.2619 -0.1609 0.9516 0.6874 0.4298
2 44.0472 -29.7443 83.9263 0.4430 -0.2777 0.8524 0.7237 0.1472
fireeffect.jpg
2 26.6277 -34.6591 77.6410 -0.6293 -0.4610 0.6257 0.4762 0.1416
2 44.0472 -29.7443 83.9263 0.4430 -0.2777 0.8524 0.7237 0.1472
2 39.7455 -12.0802 86.2559 0.2619 -0.1609 0.9516 0.6874 0.4298
fireeffect.jpg
2 39.7455 -12.0802 86.2559 0.2619 -0.1609 0.9516 0.6874 0.4298
2 18.6129 -21.6637 88.8129 -0.3943 -0.5415 0.7425 0.4831 0.4345
2 26.6277 -34.6591 77.6410 -0.6293 -0.4610 0.6257 0.4762 0.1416
fireeffect.jpg
2 21.0768 -27.2557 52.1171 -0.8823 -0.1409 -0.4492 0.2185 0.0452
2 26.6277 -34.6591 77.6410 -0.6293 -0.4610 0.6257 0.4762 0.1416
2 18.6129 -21.6637 88.8129 -0.3943 -0.5415 0.7425 0.4831 0.4345
fireeffect.jpg
2 18.6129 -21.6637 88.8129 -0.3943 -0.5415 0.7425 0.4831 0.4345
2 14.5650 -24.9220 64.6275 -0.9248 -0.1900 -0.3297 0.2182 0.2110
2 21.0768 -27.2557 52.1171 -0.8823 -0.1409 -0.4492 0.2185 0.0452
fireeffect.jpg
2 36.3028 -18.2435 50.5970 -0.0850 0.7823 -0.6170 0.5285 0.0777
2 21.0768 -27.2557 52.1171 -0.8823 -0.1409 -0.4492 0.2185 0.0452
2 14.5650 -24.9220 64.6275 -0.9248 -0.1900 -0.3297 0.2182 0.2110
fireeffect.jpg
2 14.5650 -24.9220 64.6275 -0.9248 -0.1900 -0.3297 0.2182 0.2110
2 25.5980 0.3643 56.1892 0.0278 0.4596 -0.8877 0.4625 0.4324
2 36.3028 -18.2435 50.5970 -0.0850 0.7823 -0.6170 0.5285 0.0777
fireeffect.jpg
2 55.4397 -22.2772 53.8362 0.6343 0.7678 0.0903 0.9276 -0.0504
2 39.7288 -22.2302 43.6697 -0.6048 0.5677 0.5585 0.5459 -0.0500
2 36.3028 -18.2435 50.5970 -0.0850 0.7823 -0.6170 0.5285 0.0777
fireeffect.jpg
2 36.3028 -18.2435 50.5970 -0.0850 0.7823 -0.6170 0.5285 0.0777
2 47.0658 -19.6187 59.8411 0.6233 0.7123 -0.3227 0.7537 0.0773
2 55.4397 -22.2772 53.8362 0.6343 0.7678 0.0903 0.9276 -0.0504
fireeffect.jpg
2 56.1200 -26.4909 68.4631 0.9684 0.1834 0.1690 1.0310 0.0056
2 55.4397 -22.2772 53.8362 0.6343 0.7678 0.0903 0.9276 -0.0504
2 47.0658 -19.6187 59.8411 0.6233 0.7123 -0.3227 0.7537 0.0773
fireeffect.jpg
2 47.0658 -19.6187 59.8411 0.6233 0.7123 -0.3227 0.7537 0.0773
2 51.2607 -20.5325 71.0962 0.9451 0.2983 0.1335 0.9909 0.1333
2 56.1200 -26.4909 68.4631 0.9684 0.1834 0.1690 1.0310 0.0056
fireeffect.jpg
2 48.0732 -33.5832 77.1335 0.6382 -0.6390 0.4294 0.7507 0.0195
2 56.1200 -26.4909 68.4631 0.9684 0.1834 0.1690 1.0310 0.0056
2 51.2607 -20.5325 71.0962 0.9451 0.2983 0.1335 0.9909 0.1333
fireeffect.jpg
2 51.2607 -20.5325 71.0962 0.9451 0.2983 0.1335 0.9909 0.1333
2 44.0472 -29.7443 83.9263 0.4430 -0.2777 0.8524 0.7237 0.1472
2 48.0732 -33.5832 77.1335 0.6382 -0.6390 0.4294 0.7507 0.0195
fireeffect.jpg
2 27.9695 -41.8069 74.7711 -0.0917 -0.8879 0.4508 0.4783 -0.0144
2 48.0732 -33.5832 77.1335 0.6382 -0.6390 0.4294 0.7507 0.0195
2 44.0472 -29.7443 83.9263 0.4430 -0.2777 0.8524 0.7237 0.1472
fireeffect.jpg
2 44.0472 -29.7443 83.9263 0.4430 -0.2777 0.8524 0.7237 0.1472
2 26.6277 -34.6591 77.6410 -0.6293 -0.4610 0.6257 0.4762 0.1416
2 27.9695 -41.8069 74.7711 -0.0917 -0.8879 0.4508 0.4783 -0.0144
fireeffect.jpg
2 23.6329 -35.6703 52.1956 -0.8705 -0.1717 0.4612 0.2183 -0.0776
2 27.9695 -41.8069 74.7711 -0.0917 -0.8879 0.4508 0.4783 -0.0144
2 26.6277 -34.6591 77.6410 -0.6293 -0.4610 0.6257 0.4762 0.1416
fireeffect.jpg
2 26.6277 -34.6591 77.6410 -0.6293 -0.4610 0.6257 0.4762 0.1416
2 21.0768 -27.2557 52.1171 -0.8823 -0.1409 -0.4492 0.2185 0.0452
2 23.6329 -35.6703 52.1956 -0.8705 -0.1717 0.4612 0.2183 -0.0776
fireeffect.jpg
2 39.7288 -22.2302 43.6697 -0.6048 0.5677 0.5585 0.5459 -0.0500
2 23.6329 -35.6703 52.1956 -0.8705 -0.1717 0.4612 0.2183 -0.0776
2 21.0768 -27.2557 52.1171 -0.8823 -0.1409 -0.4492 0.2185 0.0452
fireeffect.jpg
2 21.0768 -27.2557 52.1171 -0.8823 -0.1409 -0.4492 0.2185 0.0452
2 36.3028 -18.2435 50.5970 -0.0850 0.7823 -0.6170 0.5285 0.0777
2 39.7288 -22.2302 43.6697 -0.6048 0.5677 0.5585 0.5459 -0.0500
fireeffect.jpg
3 51.8386 -9.7285 53.1633 0.7039 0.3137 0.6373 1.0228 -0.2008
3 29.7576 -6.0532 54.5736 -0.1524 0.4280 0.8908 0.5212 -0.2003
2 39.7288 -22.2302 43.6697 -0.6048 0.5677 0.5585 0.5459 -0.0500
fireeffect.jpg
2 39.7288 -22.2302 43.6697 -0.6048 0.5677 0.5585 0.5459 -0.0500
2 55.4397 -22.2772 53.8362 0.6343 0.7678 0.0903 0.9276 -0.0504
3 51.8386 -9.7285 53.1633 0.7039 0.3137 0.6373 1.0228 -0.2008
fireeffect.jpg
3 54.8349 -24.4819 46.8535 0.9921 -0.1164 -0.0471 0.9020 -0.2204
3 51.8386 -9.7285 53.1633 0.7039 0.3137 0.6373 1.0228 -0.2008
2 55.4397 -22.2772 53.8362 0.6343 0.7678 0.0903 0.9276 -0.0504
fireeffect.jpg
2 55.4397 -22.2772 53.8362 0.6343 0.7678 0.0903 0.9276 -0.0504
2 56.1200 -26.4909 68.4631 0.9684 0.1834 0.1690 1.0310 0.0056
3 54.8349 -24.4819 46.8535 0.9921 -0.1164 -0.0471 0.9020 -0.2204
fireeffect.jpg
3 53.2555 -34.7739 48.1659 0.6987 -0.7057 -0.1177 0.7517 -0.1443
3 54.8349 -24.4819 46.8535 0.9921 -0.1164 -0.0471 0.9020 -0.2204
2 56.1200 -26.4909 68.4631 0.9684 0.1834 0.1690 1.0310 0.0056
fireeffect.jpg
2 56.1200 -26.4909 68.4631 0.9684 0.1834 0.1690 1.0310 0.0056
2 48.0732 -33.5832 77.1335 0.6382 -0.6390 0.4294 0.7507 0.0195
3 53.2555 -34.7739 48.1659 0.6987 -0.7057 -0.1177 0.7517 -0.1443
fireeffect.jpg
3 35.4181 -39.2523 45.6381 -0.1888 -0.9426 -0.2754 0.5414 -0.1678
3 53.2555 -34.7739 48.1659 0.6987 -0.7057 -0.1177 0.7517 -0.1443
2 48.0732 -33.5832 77.1335 0.6382 -0.6390 0.4294 0.7507 0.0195
fireeffect.jpg
2 48.0732 -33.5832 77.1335 0.6382 -0.6390 0.4294 0.7507 0.0195
2 27.9695 -41.8069 74.7711 -0.0917 -0.8879 0.4508 0.4783 -0.0144
3 35.4181 -39.2523 45.6381 -0.1888 -0.9426 -0.2754 0.5414 -0.1678
fireeffect.jpg
3 17.9348 -24.9490 45.5782 -0.9981 -0.0185 0.0586 0.2183 -0.2412
3 35.4181 -39.2523 45.6381 -0.1888 -0.9426 -0.2754 0.5414 -0.1678
2 27.9695 -41.8069 74.7711 -0.0917 -0.8879 0.4508 0.4783 -0.0144
fireeffect.jpg
2 27.9695 -41.8069 74.7711 -0.0917 -0.8879 0.4508 0.4783 -0.0144
2 23.6329 -35.6703 52.1956 -0.8705 -0.1717 0.4612 0.2183 -0.0776
3 17.9348 -24.9490 45.5782 -0.9981 -0.0185 0.0586 0.2183 -0.2412
fireeffect.jpg
3 29.7576 -6.0532 54.5736 -0.1524 0.4280 0.8908 0.5212 -0.2003
3 17.9348 -24.9490 45.5782 -0.9981 -0.0185 0.0586 0.2183 -0.2412
2 23.6329 -35.6703 52.1956 -0.8705 -0.1717 0.4612 0.2183 -0.0776
fireeffect.jpg
2 23.6329 -35.6703 52.1956 -0.8705 -0.1717 0.4612 0.2183 -0.0776
2 39.7288 -22.2302 43.6697 -0.6048 0.5677 0.5585 0.5459 -0.0500
3 29.7576 -6.0532 54.5736 -0.1524 0.4280 0.8908 0.5212 -0.2003
fireeffect.jpg
3 50.9810 0.9395 24.0028 0.4863 0.8145 0.3163 0.8106 -0.7184
3 30.0204 6.9080 26.1808 -0.6373 0.7203 0.2740 0.5440 -0.7181
3 29.7576 -6.0532 54.5736 -0.1524 0.4280 0.8908 0.5212 -0.2003
fireeffect.jpg
3 29.7576 -6.0532 54.5736 -0.1524 0.4280 0.8908 0.5212 -0.2003
3 51.8386 -9.7285 53.1633 0.7039 0.3137 0.6373 1.0228 -0.2008
3 50.9810 0.9395 24.0028 0.4863 0.8145 0.3163 0.8106 -0.7184
fireeffect.jpg
3 59.5185 -14.2064 19.6343 0.9955 -0.0326 0.0892 0.9245 -0.7049
3 50.9810 0.9395 24.0028 0.4863 0.8145 0.3163 0.8106 -0.7184
3 51.8386 -9.7285 53.1633 0.7039 0.3137 0.6373 1.0228 -0.2008
fireeffect.jpg
3 51.8386 -9.7285 53.1633 0.7039 0.3137 0.6373 1.0228 -0.2008
3 54.8349 -24.4819 46.8535 0.9921 -0.1164 -0.0471 0.9020 -0.2204
3 59.5185 -14.2064 19.6343 0.9955 -0.0326 0.0892 0.9245 -0.7049
fireeffect.jpg
3 53.8185 -20.4358 17.5014 0.7791 -0.5940 -0.2003 0.7298 -0.7054
3 59.5185 -14.2064 19.6343 0.9955 -0.0326 0.0892 0.9245 -0.7049
3 54.8349 -24.4819 46.8535 0.9921 -0.1164 -0.0471 0.9020 -0.2204
fireeffect.jpg
3 54.8349 -24.4819 46.8535 0.9921 -0.1164 -0.0471 0.9020 -0.2204
3 53.2555 -34.7739 48.1659 0.6987 -0.7057 -0.1177 0.7517 -0.1443
3 53.8185 -20.4358 17.5014 0.7791 -0.5940 -0.2003 0.7298 -0.7054
fireeffect.jpg
3 40.7644 -27.0393 17.8698 -0.0046 -0.9011 -0.4337 0.6219 -0.6808
3 53.8185 -20.4358 17.5014 0.7791 -0.5940 -0.2003 0.7298 -0.7054
3 53.2555 -34.7739 48.1659 0.6987 -0.7057 -0.1177 0.7517 -0.1443
fireeffect.jpg
3 53.2555 -34.7739 48.1659 0.6987 -0.7057 -0.1177 0.7517 -0.1443
3 35.4181 -39.2523 45.6381 -0.1888 -0.9426 -0.2754 0.5414 -0.1678
3 40.7644 -27.0393 17.8698 -0.0046 -0.9011 -0.4337 0.6219 -0.6808
fireeffect.jpg
3 23.5021 -8.0253 19.3772 -0.8660 -0.3514 -0.3557 0.2182 -0.7454
3 40.7644 -27.0393 17.8698 -0.0046 -0.9011 -0.4337 0.6219 -0.6808
3 35.4181 -39.2523 45.6381 -0.1888 -0.9426 -0.2754 0.5414 -0.1678
fireeffect.jpg
3 35.4181 -39.2523 45.6381 -0.1888 -0.9426 -0.2754 0.5414 -0.1678
3 17.9348 -24.9490 45.5782 -0.9981 -0.0185 0.0586 0.2183 -0.2412
3 23.5021 -8.0253 19.3772 -0.8660 -0.3514 -0.3557 0.2182 -0.7454
fireeffect.jpg
3 30.0204 6.9080 26.1808 -0.6373 0.7203 0.2740 0.5440 -0.7181
3 23.5021 -8.0253 19.3772 -0.8660 -0.3514 -0.3557 0.2182 -0.7454
3 17.9348 -24.9490 45.5782 -0.9981 -0.0185 0.0586 0.2183 -0.2412
fireeffect.jpg
3 17.9348 -24.9490 45.5782 -0.9981 -0.0185 0.0586 0.2183 -0.2412
3 29.7576 -6.0532 54.5736 -0.1524 0.4280 0.8908 0.5212 -0.2003
3 30.0204 6.9080 26.1808 -0.6373 0.7203 0.2740 0.5440 -0.7181
fireeffect.jpg
25 81.7558 20.2673 168.2090 0.3474 0.8533 0.3889 1.4892 2.0133
25 65.7221 16.0279 147.0670 -0.7268 0.6695 -0.1532 1.2145 1.7130
24 55.4390 12.0450 154.5831 -0.3164 0.7881 -0.5281 1.0750 1.8706
fireeffect.jpg
24 55.4390 12.0450 154.5831 -0.3164 0.7881 -0.5281 1.0750 1.8706
24 64.2408 18.4162 175.1083 -0.1207 0.5425 0.8313 1.2387 2.1804
25 81.7558 20.2673 168.2090 0.3474 0.8533 0.3889 1.4892 2.0133
fireeffect.jpg
25 88.9008 0.3397 159.8649 0.8304 -0.3900 0.3980 2.0432 2.2373
25 81.7558 20.2673 168.2090 0.3474 0.8533 0.3889 1.4892 2.0133
24 64.2408 18.4162 175.1083 -0.1207 0.5425 0.8313 1.2387 2.1804
fireeffect.jpg
24 64.2408 18.4162 175.1083 -0.1207 0.5425 0.8313 1.2387 2.1804
24 70.5501 -3.6889 174.3006 0.4993 -0.4898 0.7147 1.5295 2.6484
25 88.9008 0.3397 159.8649 0.8304 -0.3900 0.3980 2.0432 2.2373
fireeffect.jpg
25 79.4006 -9.3995 150.1122 0.3976 -0.9168 -0.0368 1.3837 1.8941
25 88.9008 0.3397 159.8649 0.8304 -0.3900 0.3980 2.0432 2.2373
24 70.5501 -3.6889 174.3006 0.4993 -0.4898 0.7147 1.5295 2.6484
fireeffect.jpg
24 70.5501 -3.6889 174.3006 0.4993 -0.4898 0.7147 1.5295 2.6484
24 68.1891 -8.4739 167.3749 0.5469 -0.8231 0.1528 1.3689 2.3604
25 79.4006 -9.3995 150.1122 0.3976 -0.9168 -0.0368 1.3837 1.8941
fireeffect.jpg
25 70.0010 -8.4554 144.8380 -0.4347 -0.8369 -0.3326 1.2363 1.8110
25 79.4006 -9.3995 150.1122 0.3976 -0.9168 -0.0368 1.3837 1.8941
24 68.1891 -8.4739 167.3749 0.5469 -0.8231 0.1528 1.3689 2.3604
fireeffect.jpg
24 68.1891 -8.4739 167.3749 0.5469 -0.8231 0.1528 1.3689 2.3604
24 61.6108 -16.4523 154.7113 0.1694 -0.6997 -0.6941 1.0951 1.9750
25 70.0010 -8.4554 144.8380 -0.4347 -0.8369 -0.3326 1.2363 1.8110
fireeffect.jpg
25 63.7206 6.0470 147.5643 -0.9012 -0.0328 -0.4321 0.9729 1.6413
25 70.0010 -8.4554 144.8380 -0.4347 -0.8369 -0.3326 1.2363 1.8110
24 61.6108 -16.4523 154.7113 0.1694 -0.6997 -0.6941 1.2186 2.1045
fireeffect.jpg
24 61.6108 -16.4523 154.7113 0.1694 -0.6997 -0.6941 1.2186 2.1045
24 58.6788 0.8367 152.1842 -0.2199 -0.0130 -0.9754 1.3312 1.9421
25 63.7206 6.0470 147.5643 -0.9012 -0.0328 -0.4321 0.9729 1.6413
fireeffect.jpg
25 65.7221 16.0279 147.0670 -0.7268 0.6695 -0.1532 1.2145 1.7130
25 63.7206 6.0470 147.5643 -0.9012 -0.0328 -0.4321 0.9729 1.6413
24 58.6788 0.8367 152.1842 -0.2199 -0.0130 -0.9754 1.3312 1.9421
fireeffect.jpg
24 58.6788 0.8367 152.1842 -0.2199 -0.0130 -0.9754 1.3312 1.9421
24 55.4390 12.0450 154.5831 -0.3164 0.7881 -0.5281 1.0750 1.8706
25 65.7221 16.0279 147.0670 -0.7268 0.6695 -0.1532 1.2145 1.7130
fireeffect.jpg
16 8.9638 30.4436 119.6837 0.1963 0.9277 0.3175 0.3954 1.0991
16 -4.7400 30.1566 123.3905 -0.1690 0.8950 0.4128 0.1266 1.0910
16 -3.6689 21.6218 131.7733 -0.1712 0.8948 0.4123 0.1537 1.3330
fireeffect.jpg
16 -3.6689 21.6218 131.7733 -0.1712 0.8948 0.4123 0.1537 1.3330
16 9.8893 22.6907 133.4060 0.2529 0.9081 0.3339 0.3989 1.3624
16 8.9638 30.4436 119.6837 0.1963 0.9277 0.3175 0.3954 1.0991
fireeffect.jpg
1 30.3259 17.2920 92.5422 0.8319 -0.0480 0.5528 0.7335 0.8577
16 25.7684 19.4162 112.5793 0.9866 0.1295 0.0997 0.7462 1.0861
16 19.4105 13.6627 108.5092 0.8091 -0.5672 -0.1538 0.5731 1.0693
fireeffect.jpg
16 19.4105 13.6627 108.5092 0.8091 -0.5672 -0.1538 0.5731 1.0693
1 23.7227 9.0419 90.3524 0.2576 -0.5696 0.7805 0.4646 0.8212
1 30.3259 17.2920 92.5422 0.8319 -0.0480 0.5528 0.7335 0.8577
fireeffect.jpg
16 12.5050 7.6769 100.7138 0.6447 -0.7009 -0.3050 0.3772 1.0115
16 19.4105 13.6627 108.5092 0.8091 -0.5672 -0.1538 0.5731 1.0693
16 30.0482 -2.4602 125.0524 0.8174 -0.0508 -0.5738 0.7333 1.3959
fireeffect.jpg
16 30.0482 -2.4602 125.0524 0.8174 -0.0508 -0.5738 0.7333 1.3959
16 19.7160 -10.1190 109.8025 0.5594 -0.3650 -0.7442 0.4467 1.2939
16 12.5050 7.6769 100.7138 0.6447 -0.7009 -0.3050 0.3772 1.0115
fireeffect.jpg
16 25.7684 19.4162 112.5793 0.9866 0.1295 0.0997 0.7462 1.0861
16 22.1810 24.6995 116.9242 0.6592 0.7120 0.2421 0.5786 1.1154
16 21.7956 16.0591 132.0716 0.5680 0.8125 0.1316 0.5610 1.4057
fireeffect.jpg
16 21.7956 16.0591 132.0716 0.5680 0.8125 0.1316 0.5610 1.4057
16 31.6936 11.5515 128.6867 0.8795 0.3083 -0.3625 0.9090 1.3180
16 25.7684 19.4162 112.5793 0.9866 0.1295 0.0997 0.7462 1.0861
fireeffect.jpg
1 13.5415 30.7796 83.5427 0.3719 0.7778 -0.5067 0.3082 0.7077
16 8.9638 30.4436 119.6837 0.1963 0.9277 0.3175 0.3954 1.0991
16 22.1810 24.6995 116.9242 0.6592 0.7120 0.2421 0.5786 1.1154
fireeffect.jpg
16 22.1810 24.6995 116.9242 0.6592 0.7120 0.2421 0.5786 1.1154
1 28.0361 25.1465 86.8305 0.7057 0.7045 -0.0755 0.5309 0.7625
1 13.5415 30.7796 83.5427 0.3719 0.7778 -0.5067 0.3082 0.7077
fireeffect.jpg
16 0.7999 5.0669 95.6381 0.1062 -0.8839 -0.4555 0.1809 0.9904
16 12.5050 7.6769 100.7138 0.6447 -0.7009 -0.3050 0.3772 1.0115
16 19.7160 -10.1190 109.8025 0.5594 -0.3650 -0.7442 0.4467 1.2939
fireeffect.jpg
16 19.7160 -10.1190 109.8025 0.5594 -0.3650 -0.7442 0.4467 1.2939
16 4.3187 -18.6497 107.0462 0.1393 -0.6082 -0.7815 0.1537 1.3077
16 0.7999 5.0669 95.6381 0.1062 -0.8839 -0.4555 0.1809 0.9904
fireeffect.jpg
25 88.4646 32.4595 126.6731 0.3108 0.9161 0.2532 1.6598 1.2893
25 68.2743 31.7164 123.4256 -0.8057 0.5696 0.1625 1.3357 1.2533
25 65.7221 16.0279 147.0670 -0.7268 0.6695 -0.1532 1.2145 1.7130
fireeffect.jpg
25 65.7221 16.0279 147.0670 -0.7268 0.6695 -0.1532 1.2145 1.7130
25 81.7558 20.2673 168.2090 0.3474 0.8533 0.3889 1.4892 2.0133
25 88.4646 32.4595 126.6731 0.3108 0.9161 0.2532 1.6598 1.2893
fireeffect.jpg
25 94.0702 19.7979 122.3738 0.9964 0.0462 0.0714 2.1852 1.4211
25 88.4646 32.4595 126.6731 0.3108 0.9161 0.2532 1.6598 1.2893
25 81.7558 20.2673 168.2090 0.3474 0.8533 0.3889 1.4892 2.0133
fireeffect.jpg
25 81.7558 20.2673 168.2090 0.3474 0.8533 0.3889 1.4892 2.0133
25 88.9008 0.3397 159.8649 0.8304 -0.3900 0.3980 2.0432 2.2373
25 94.0702 19.7979 122.3738 0.9964 0.0462 0.0714 2.1852 1.4211
fireeffect.jpg
25 82.4572 7.5378 114.6441 0.6516 -0.7443 -0.1466 1.5133 1.2412
25 94.0702 19.7979 122.3738 0.9964 0.0462 0.0714 2.1852 1.4211
25 88.9008 0.3397 159.8649 0.8304 -0.3900 0.3980 2.0432 2.2373
fireeffect.jpg
25 88.9008 0.3397 159.8649 0.8304 -0.3900 0.3980 2.0432 2.2373
25 79.4006 -9.3995 150.1122 0.3976 -0.9168 -0.0368 1.3837 1.8941
25 82.4572 7.5378 114.6441 0.6516 -0.7443 -0.1466 1.5133 1.2412
fireeffect.jpg
25 71.5682 3.4438 112.8503 -0.1534 -0.9294 -0.3357 1.3269 1.2416
25 82.4572 7.5378 114.6441 0.6516 -0.7443 -0.1466 1.5133 1.2412
25 79.4006 -9.3995 150.1122 0.3976 -0.9168 -0.0368 1.3837 1.8941
fireeffect.jpg
25 79.4006 -9.3995 150.1122 0.3976 -0.9168 -0.0368 1.3837 1.8941
25 70.0010 -8.4554 144.8380 -0.4347 -0.8369 -0.3326 1.2363 1.8110
25 71.5682 3.4438 112.8503 -0.1534 -0.9294 -0.3357 1.3269 1.2416
fireeffect.jpg
25 64.8360 19.2629 119.4101 -0.9799 -0.1538 -0.1272 1.0469 1.2434
25 71.5682 3.4438 112.8503 -0.1534 -0.9294 -0.3357 1.3269 1.2416
25 70.0010 -8.4554 144.8380 -0.4347 -0.8369 -0.3326 1.2363 1.8110
fireeffect.jpg
25 70.0010 -8.4554 144.8380 -0.4347 -0.8369 -0.3326 1.2363 1.8110
25 63.7206 6.0470 147.5643 -0.9012 -0.0328 -0.4321 0.9729 1.6413
25 64.8360 19.2629 119.4101 -0.9799 -0.1538 -0.1272 1.0469 1.2434
fireeffect.jpg
25 68.2743 31.7164 123.4256 -0.8057 0.5696 0.1625 1.3357 1.2533
25 64.8360 19.2629 119.4101 -0.9799 -0.1538 -0.1272 1.0469 1.2434
25 63.7206 6.0470 147.5643 -0.9012 -0.0328 -0.4321 0.9729 1.6413
fireeffect.jpg
25 63.7206 6.0470 147.5643 -0.9012 -0.0328 -0.4321 0.9729 1.6413
25 65.7221 16.0279 147.0670 -0.7268 0.6695 -0.1532 1.2145 1.7130
25 68.2743 31.7164 123.4256 -0.8057 0.5696 0.1625 1.3357 1.2533
fireeffect.jpg
27 97.0119 43.6481 75.6257 0.3831 0.8893 0.2499 1.9353 0.3799
27 80.3382 42.9318 64.9908 -0.5038 0.8523 0.1405 1.4122 0.2945
27 72.0826 36.4969 113.2900 -0.3028 0.9474 0.1036 1.4715 1.0605
fireeffect.jpg
27 72.0826 36.4969 113.2900 -0.3028 0.9474 0.1036 1.4715 1.0605
27 88.2230 31.0647 113.6003 0.6630 0.7178 0.2128 1.7196 1.0481
27 97.0119 43.6481 75.6257 0.3831 0.8893 0.2499 1.9353 0.3799
fireeffect.jpg
27 111.6286 27.7204 80.8757 0.9617 0.0080 0.2739 2.5556 0.4411
27 97.0119 43.6481 75.6257 0.3831 0.8893 0.2499 1.9353 0.3799
27 88.2230 31.0647 113.6003 0.6630 0.7178 0.2128 1.7196 1.0481
fireeffect.jpg
27 88.2230 31.0647 113.6003 0.6630 0.7178 0.2128 1.7196 1.0481
27 94.8740 20.7811 114.3714 0.9058 -0.3528 0.2347 2.2447 1.2024
27 111.6286 27.7204 80.8757 0.9617 0.0080 0.2739 2.5556 0.4411
fireeffect.jpg
27 98.6602 10.1671 71.2844 0.3255 -0.9451 0.0303 1.8980 0.3971
27 111.6286 27.7204 80.8757 0.9617 0.0080 0.2739 2.5556 0.4411
27 94.8740 20.7811 114.3714 0.9058 -0.3528 0.2347 2.2447 1.2024
fireeffect.jpg
27 94.8740 20.7811 114.3714 0.9058 -0.3528 0.2347 2.2447 1.2024
27 85.2624 9.7425 106.3266 0.3862 -0.9208 -0.0547 1.6256 0.9935
27 98.6602 10.1671 71.2844 0.3255 -0.9451 0.0303 1.8980 0.3971
fireeffect.jpg
27 78.2504 14.7311 63.6475 -0.4444 -0.8790 -0.1725 1.5718 0.3636
27 98.6602 10.1671 71.2844 0.3255 -0.9451 0.0303 1.8980 0.3971
27 85.2624 9.7425 106.3266 0.3862 -0.9208 -0.0547 1.6256 0.9935
fireeffect.jpg
27 85.2624 9.7425 106.3266 0.3862 -0.9208 -0.0547 1.6256 0.9935
27 72.9287 5.6479 106.2298 -0.6170 -0.7487 -0.2424 1.4206 1.0277
27 78.2504 14.7311 63.6475 -0.4444 -0.8790 -0.1725 1.5718 0.3636
fireeffect.jpg
27 69.5974 27.3883 65.4711 -0.9962 -0.0464 -0.0743 1.1202 0.2995
27 78.2504 14.7311 63.6475 -0.4444 -0.8790 -0.1725 1.3331 0.3536
27 72.9287 5.6479 106.2298 -0.6170 -0.7487 -0.2424 1.4206 1.0277
fireeffect.jpg
27 72.9287 5.6479 106.2298 -0.6170 -0.7487 -0.2424 1.4206 1.0277
27 65.4564 19.6659 111.2662 -0.9857 0.1353 -0.1005 1.0457 1.0375
27 69.5974 27.3883 65.4711 -0.9962 -0.0464 -0.0743 1.1202 0.2995
fireeffect.jpg
27 80.3382 42.9318 64.9908 -0.5038 0.8523 0.1405 1.4122 0.2945
27 69.5974 27.3883 65.4711 -0.9962 -0.0464 -0.0743 1.1202 0.2995
27 65.4564 19.6659 111.2662 -0.9857 0.1353 -0.1005 1.0457 1.0375
fireeffect.jpg
27 65.4564 19.6659 111.2662 -0.9857 0.1353 -0.1005 1.0457 1.0375
27 72.0826 36.4969 113.2900 -0.3028 0.9474 0.1036 1.3127 1.0546
27 80.3382 42.9318 64.9908 -0.5038 0.8523 0.1405 1.4122 0.2945
fireeffect.jpg
27 104.8066 50.1715 30.2340 0.3393 0.9137 -0.2236 2.0813 -0.4926
27 77.5284 52.3162 37.7848 -0.6213 0.7784 -0.0900 1.4194 -0.1616
27 80.3382 42.9318 64.9908 -0.5038 0.8523 0.1405 1.4122 0.2945
fireeffect.jpg
27 80.3382 42.9318 64.9908 -0.5038 0.8523 0.1405 1.4122 0.2945
27 97.0119 43.6481 75.6257 0.3831 0.8893 0.2499 1.9353 0.3799
27 104.8066 50.1715 30.2340 0.3393 0.9137 -0.2236 2.0813 -0.4926
fireeffect.jpg
27 117.5466 35.6717 29.8018 0.8874 0.3197 -0.3322 2.6691 -0.4855
27 104.8066 50.1715 30.2340 0.3393 0.9137 -0.2236 2.0813 -0.4926
27 97.0119 43.6481 75.6257 0.3831 0.8893 0.2499 1.9353 0.3799
fireeffect.jpg
27 97.0119 43.6481 75.6257 0.3831 0.8893 0.2499 1.9353 0.3799
27 111.6286 27.7204 80.8757 0.9617 0.0080 0.2739 2.5556 0.4411
27 117.5466 35.6717 29.8018 0.8874 0.3197 -0.3322 2.6691 -0.4855
fireeffect.jpg
27 102.0362 15.5787 20.5998 0.5450 -0.6676 -0.5072 1.6957 -0.3909
27 117.5466 35.6717 29.8018 0.8874 0.3197 -0.3322 2.6691 -0.4855
27 111.6286 27.7204 80.8757 0.9617 0.0080 0.2739 2.5556 0.4411
fireeffect.jpg
27 111.6286 27.7204 80.8757 0.9617 0.0080 0.2739 2.5556 0.4411
27 98.6602 10.1671 71.2844 0.3255 -0.9451 0.0303 1.8980 0.3971
27 102.0362 15.5787 20.5998 0.5450 -0.6676 -0.5072 1.6957 -0.3909
fireeffect.jpg
27 89.9274 16.9755 19.4886 -0.3153 -0.7899 -0.5260 1.5123 -0.3886
27 102.0362 15.5787 20.5998 0.5450 -0.6676 -0.5072 1.6957 -0.3909
27 98.6602 10.1671 71.2844 0.3255 -0.9451 0.0303 1.8980 0.3971
fireeffect.jpg
27 98.6602 10.1671 71.2844 0.3255 -0.9451 0.0303 1.8980 0.3971
27 78.2504 14.7311 63.6475 -0.4444 -0.8790 -0.1725 1.5718 0.3636
27 89.9274 16.9755 19.4886 -0.3153 -0.7899 -0.5260 1.5123 -0.3886
fireeffect.jpg
27 76.8224 28.4056 21.8636 -0.8548 -0.1484 -0.4973 1.0795 -0.4663
27 89.9274 16.9755 19.4886 -0.3153 -0.7899 -0.5260 1.5123 -0.3886
27 78.2504 14.7311 63.6475 -0.4444 -0.8790 -0.1725 1.3331 0.3536
fireeffect.jpg
27 78.2504 14.7311 63.6475 -0.4444 -0.8790 -0.1725 1.3331 0.3536
27 69.5974 27.3883 65.4711 -0.9962 -0.0464 -0.0743 1.1202 0.2995
27 76.8224 28.4056 21.8636 -0.8548 -0.1484 -0.4973 1.0795 -0.4663
fireeffect.jpg
27 77.5284 52.3162 37.7848 -0.6213 0.7784 -0.0900 1.4194 -0.1616
27 76.8224 28.4056 21.8636 -0.8548 -0.1484 -0.4973 1.0795 -0.4663
27 69.5974 27.3883 65.4711 -0.9962 -0.0464 -0.0743 1.1202 0.2995
fireeffect.jpg
27 69.5974 27.3883 65.4711 -0.9962 -0.0464 -0.0743 1.1202 0.2995
27 80.3382 42.9318 64.9908 -0.5038 0.8523 0.1405 1.4122 0.2945
27 77.5284 52.3162 37.7848 -0.6213 0.7784 -0.0900 1.4194 -0.1616
fireeffect.jpg
27 87.8220 47.5917 19.2369 -0.3244 0.6710 -0.6667 1.5284 -0.4721
27 76.8224 28.4056 21.8636 -0.8548 -0.1484 -0.4973 1.0795 -0.4663
27 77.5284 52.3162 37.7848 -0.6213 0.7784 -0.0900 1.4194 -0.1616
fireeffect.jpg
27 87.8220 47.5917 19.2369 -0.3244 0.6710 -0.6667 1.5284 -0.4721
27 104.8066 50.1715 30.2340 0.3393 0.9137 -0.2236 2.0813 -0.4926
27 89.2476 36.8407 12.5231 0.0686 0.1289 -0.9893 1.5188 -0.5552
fireeffect.jpg
27 104.8066 50.1715 30.2340 0.3393 0.9137 -0.2236 2.0813 -0.4926
27 117.5466 35.6717 29.8018 0.8874 0.3197 -0.3322 2.6691 -0.4855
27 89.2476 36.8407 12.5231 0.0686 0.1289 -0.9893 1.5188 -0.5552
fireeffect.jpg
27 117.5466 35.6717 29.8018 0.8874 0.3197 -0.3322 2.6691 -0.4855
27 102.0362 15.5787 20.5998 0.5450 -0.6676 -0.5072 1.6957 -0.3909
27 89.2476 36.8407 12.5231 0.0686 0.1289 -0.9893 1.5188 -0.5552
fireeffect.jpg
27 102.0362 15.5787 20.5998 0.5450 -0.6676 -0.5072 1.6957 -0.3909
27 89.9274 16.9755 19.4886 -0.3153 -0.7899 -0.5260 1.5123 -0.3886
27 89.2476 36.8407 12.5231 0.0686 0.1289 -0.9893 1.5188 -0.5552
fireeffect.jpg
27 89.9274 16.9755 19.4886 -0.3153 -0.7899 -0.5260 1.5123 -0.3886
27 76.8224 28.4056 21.8636 -0.8548 -0.1484 -0.4973 1.0795 -0.4663
27 89.2476 36.8407 12.5231 0.0686 0.1289 -0.9893 1.5188 -0.5552
fireeffect.jpg
27 76.8224 28.4056 21.8636 -0.8548 -0.1484 -0.4973 1.0795 -0.4663
27 87.8220 47.5917 19.2369 -0.3244 0.6710 -0.6667 1.5284 -0.4721
27 89.2476 36.8407 12.5231 0.0686 0.1289 -0.9893 1.5188 -0.5552
fireeffect.jpg
27 104.8066 50.1715 30.2340 0.3393 0.9137 -0.2236 2.0813 -0.4926
27 87.8220 47.5917 19.2369 -0.3244 0.6710 -0.6667 1.5284 -0.4721
27 77.5284 52.3162 37.7848 -0.6213 0.7784 -0.0900 1.4194 -0.1616
fireeffect.jpg
25 88.4646 32.4595 126.6731 0.3108 0.9161 0.2532 1.6598 1.2893
27 88.2230 31.0647 113.6003 0.6630 0.7178 0.2128 1.7196 1.0481
27 72.0826 36.4969 113.2900 -0.3028 0.9474 0.1036 1.4715 1.0605
fireeffect.jpg
27 72.0826 36.4969 113.2900 -0.3028 0.9474 0.1036 1.4715 1.0605
25 68.2743 31.7164 123.4256 -0.8057 0.5696 0.1625 1.3357 1.2533
25 88.4646 32.4595 126.6731 0.3108 0.9161 0.2532 1.6598 1.2893
fireeffect.jpg
25 94.0702 19.7979 122.3738 0.9964 0.0462 0.0714 2.1852 1.4211
27 94.8740 20.7811 114.3714 0.9058 -0.3528 0.2347 2.2447 1.2024
27 88.2230 31.0647 113.6003 0.6630 0.7178 0.2128 1.7196 1.0481
fireeffect.jpg
27 88.2230 31.0647 113.6003 0.6630 0.7178 0.2128 1.7196 1.0481
25 88.4646 32.4595 126.6731 0.3108 0.9161 0.2532 1.6598 1.2893
25 94.0702 19.7979 122.3738 0.9964 0.0462 0.0714 2.1852 1.4211
fireeffect.jpg
25 82.4572 7.5378 114.6441 0.6516 -0.7443 -0.1466 1.5133 1.2412
27 85.2624 9.7425 106.3266 0.3862 -0.9208 -0.0547 1.6256 0.9935
27 94.8740 20.7811 114.3714 0.9058 -0.3528 0.2347 2.2447 1.2024
fireeffect.jpg
27 94.8740 20.7811 114.3714 0.9058 -0.3528 0.2347 2.2447 1.2024
25 94.0702 19.7979 122.3738 0.9964 0.0462 0.0714 2.1852 1.4211
25 82.4572 7.5378 114.6441 0.6516 -0.7443 -0.1466 1.5133 1.2412
fireeffect.jpg
25 71.5682 3.4438 112.8503 -0.1534 -0.9294 -0.3357 1.3269 1.2416
27 72.9287 5.6479 106.2298 -0.6170 -0.7487 -0.2424 1.4206 1.0277
27 85.2624 9.7425 106.3266 0.3862 -0.9208 -0.0547 1.6256 0.9935
fireeffect.jpg
27 85.2624 9.7425 106.3266 0.3862 -0.9208 -0.0547 1.6256 0.9935
25 82.4572 7.5378 114.6441 0.6516 -0.7443 -0.1466 1.5133 1.2412
25 71.5682 3.4438 112.8503 -0.1534 -0.9294 -0.3357 1.3269 1.2416
fireeffect.jpg
25 64.8360 19.2629 119.4101 -0.9799 -0.1538 -0.1272 1.0469 1.2434
27 65.4564 19.6659 111.2662 -0.9857 0.1353 -0.1005 1.0457 1.0375
27 72.9287 5.6479 106.2298 -0.6170 -0.7487 -0.2424 1.4206 1.0277
fireeffect.jpg
27 72.9287 5.6479 106.2298 -0.6170 -0.7487 -0.2424 1.4206 1.0277
25 71.5682 3.4438 112.8503 -0.1534 -0.9294 -0.3357 1.3269 1.2416
25 64.8360 19.2629 119.4101 -0.9799 -0.1538 -0.1272 1.0469 1.2434
fireeffect.jpg
25 68.2743 31.7164 123.4256 -0.8057 0.5696 0.1625 1.3357 1.2533
27 72.0826 36.4969 113.2900 -0.3028 0.9474 0.1036 1.3127 1.0546
27 65.4564 19.6659 111.2662 -0.9857 0.1353 -0.1005 1.0457 1.0375
fireeffect.jpg
27 65.4564 19.6659 111.2662 -0.9857 0.1353 -0.1005 1.0457 1.0375
25 64.8360 19.2629 119.4101 -0.9799 -0.1538 -0.1272 1.0469 1.2434
25 68.2743 31.7164 123.4256 -0.8057 0.5696 0.1625 1.3357 1.2533
fireeffect.jpg
16 -17.3839 25.9560 118.4813 -0.4631 0.8326 0.3039 -0.1106 1.1081
1 -0.0564 33.8884 81.6115 -0.0631 0.9562 -0.2857 0.1447 0.7162
1 -13.6542 30.7796 83.5427 -0.3501 0.8600 -0.3712 0.0399 0.7348
fireeffect.jpg
1 -0.0564 33.8884 81.6115 -0.0631 0.9562 -0.2857 0.1447 0.7162
16 -17.3839 25.9560 118.4813 -0.4631 0.8326 0.3039 -0.1106 1.1081
16 -4.7400 30.1566 123.3905 -0.1690 0.8950 0.4128 0.1266 1.0910
fireeffect.jpg
16 0.7999 5.0669 95.6381 0.1062 -0.8839 -0.4555 0.1809 0.9904
1 -13.8260 5.3733 87.7701 0.1964 -0.9702 0.1420 -0.0424 0.8053
1 -0.0563 0.4304 85.6658 0.0025 -0.8780 -0.4787 0.1628 0.7883
fireeffect.jpg
1 -13.8260 5.3733 87.7701 0.1964 -0.9702 0.1420 -0.0424 0.8053
16 0.7999 5.0669 95.6381 0.1062 -0.8839 -0.4555 0.1809 0.9904
16 -11.5108 3.5865 99.6178 -0.4487 -0.7468 -0.4908 -0.0924 1.0206
fireeffect.jpg
1 -0.0563 17.2920 72.7787 0.0000 -0.0511 -0.9987 0.1899 0.5282
1 -13.6542 30.7796 83.5427 -0.3501 0.8600 -0.3712 0.0399 0.7348
1 -0.0564 33.8884 81.6115 -0.0631 0.9562 -0.2857 0.1447 0.7162
fireeffect.jpg
1 -13.6542 30.7796 83.5427 -0.3501 0.8600 -0.3712 0.0399 0.7348
1 -0.0563 17.2920 72.7787 0.0000 -0.0511 -0.9987 0.1899 0.5282
1 -3.5673 17.5833 75.9477 0.1496 -0.2390 -0.9594 0.2177 0.6028
fireeffect.jpg
1 -30.4386 17.2920 92.5422 -0.9092 -0.1809 0.3751 -0.4062 0.8577
16 -27.6621 16.2102 114.6495 -0.8406 0.4760 0.2586 -0.2938 1.1154
1 -28.1488 25.1465 86.8305 -0.6179 0.7788 0.1080 -0.1872 0.7625
fireeffect.jpg
16 -27.6621 16.2102 114.6495 -0.8406 0.4760 0.2586 -0.2938 1.1154
1 -30.4386 17.2920 92.5422 -0.9092 -0.1809 0.3751 -0.4062 0.8577
16 -28.9031 10.1045 110.0843 -0.9816 -0.1810 -0.0604 -0.4256 1.0979
fireeffect.jpg
17 -23.5257 -19.0907 187.6860 -0.2815 0.0518 0.9582 -0.2000 2.6520
17 -52.4578 -14.0688 166.6698 -0.1388 0.6477 0.7491 -0.6559 2.1754
17 -53.8402 -26.1145 170.7864 -0.1968 -0.0857 0.9767 -0.7169 2.5235
fireeffect.jpg
17 -52.4578 -14.0688 166.6698 -0.1388 0.6477 0.7491 -0.6559 2.1754
17 -23.5257 -19.0907 187.6860 -0.2815 0.0518 0.9582 -0.2000 2.6520
17 -26.1993 2.7725 161.6778 -0.3317 0.8017 0.4972 -0.1788 2.0299
fireeffect.jpg
16 -16.9070 18.1267 132.1831 -0.6030 0.7357 0.3085 -0.0190 1.3624
17 -4.3259 21.8718 145.2365 -0.1736 0.9441 0.2803 0.3167 1.7040
16 -3.6689 21.6218 131.7733 -0.1712 0.8948 0.4123 0.1537 1.3330
fireeffect.jpg
17 -4.3259 21.8718 145.2365 -0.1736 0.9441 0.2803 0.3167 1.7040
16 -16.9070 18.1267 132.1831 -0.6030 0.7357 0.3085 -0.0190 1.3624
17 -20.0637 12.1493 141.2184 -0.5684 0.7887 0.2345 -0.0759 1.6622
fireeffect.jpg
17 -44.3229 -13.2689 144.4614 -0.5476 0.3780 -0.7465 -0.6672 1.7592
17 -25.4879 7.6718 124.4198 -0.8271 0.5503 0.1141 -0.1811 1.4057
16 -33.2985 0.4820 125.7206 -0.9022 0.0375 -0.4298 -0.4346 1.4004
fireeffect.jpg
17 -25.4879 7.6718 124.4198 -0.8271 0.5503 0.1141 -0.1811 1.4057
17 -44.3229 -13.2689 144.4614 -0.5476 0.3780 -0.7465 -0.6672 1.7592
17 -47.6780 -6.4948 154.4574 -0.3060 0.9520 0.0020 -0.5325 1.9486
fireeffect.jpg
17 -16.1292 -45.4354 132.6649 -0.2951 -0.8425 -0.4507 -0.2503 1.8533
16 -26.8015 -12.1429 122.4579 -0.7006 -0.3093 -0.6431 -0.2534 1.4606
16 -13.2123 -15.7274 108.2997 -0.3392 -0.5180 -0.7852 -0.0552 1.4343
fireeffect.jpg
16 -26.8015 -12.1429 122.4579 -0.7006 -0.3093 -0.6431 -0.2534 1.4606
17 -16.1292 -45.4354 132.6649 -0.2951 -0.8425 -0.4507 -0.2503 1.8533
17 -42.7686 -34.9603 148.6513 -0.3554 -0.6117 -0.7067 -0.6239 1.9977
fireeffect.jpg
17 -20.0637 12.1493 141.2184 -0.5684 0.7887 0.2345 -0.0759 1.6622
17 -3.5459 13.4492 159.5788 -0.1656 0.8288 0.5345 0.1899 1.9542
17 -4.3259 21.8718 145.2365 -0.1736 0.9441 0.2803 0.3167 1.7040
fireeffect.jpg
17 -3.5459 13.4492 159.5788 -0.1656 0.8288 0.5345 0.1899 1.9542
17 -20.0637 12.1493 141.2184 -0.5684 0.7887 0.2345 -0.0759 1.6622
17 -26.1993 2.7725 161.6778 -0.3317 0.8017 0.4972 -0.1788 2.0299
fireeffect.jpg
17 -19.4243 -39.7380 174.8735 -0.0990 -0.8240 0.5578 -0.1767 2.3977
17 -42.7686 -34.9603 148.6513 -0.3554 -0.6117 -0.7067 -0.6239 1.9977
17 -16.1292 -45.4354 132.6649 -0.2951 -0.8425 -0.4507 -0.2503 1.8533
fireeffect.jpg
17 -42.7686 -34.9603 148.6513 -0.3554 -0.6117 -0.7067 -0.6239 1.9977
17 -19.4243 -39.7380 174.8735 -0.0990 -0.8240 0.5578 -0.1767 2.3977
17 -43.1569 -41.5461 165.0647 -0.2410 -0.9070 0.3452 -0.6722 2.3011
fireeffect.jpg
35 -70.2600 -4.4920 168.9704 -0.1554 0.5754 0.8030 -0.8722 2.0938
17 -47.6780 -6.4948 154.4574 -0.3060 0.9520 0.0020 -0.5325 1.9486
35 -58.0673 -7.2871 149.4033 0.1502 0.8431 -0.5164 -0.6952 1.8706
fireeffect.jpg
17 -47.6780 -6.4948 154.4574 -0.3060 0.9520 0.0020 -0.5325 1.9486
35 -70.2600 -4.4920 168.9704 -0.1554 0.5754 0.8030 -0.8722 2.0938
17 -52.4578 -14.0688 166.6698 -0.1388 0.6477 0.7491 -0.6559 2.1754
fireeffect.jpg
35 -70.2600 -4.4920 168.9704 -0.1554 0.5754 0.8030 -0.8722 2.0938
17 -53.8402 -26.1145 170.7864 -0.1968 -0.0857 0.9767 -0.7169 2.5235
17 -52.4578 -14.0688 166.6698 -0.1388 0.6477 0.7491 -0.6559 2.1754
fireeffect.jpg
17 -53.8402 -26.1145 170.7864 -0.1968 -0.0857 0.9767 -0.7169 2.5235
35 -70.2600 -4.4920 168.9704 -0.1554 0.5754 0.8030 -0.8722 2.0938
35 -68.8145 -27.4255 167.9405 -0.3748 -0.6088 0.6992 -0.9835 2.3432
fireeffect.jpg
35 -54.4636 -36.2219 149.4139 0.1695 -0.7538 -0.6349 -0.7152 1.9750
17 -43.1569 -41.5461 165.0647 -0.2410 -0.9070 0.3452 -0.6722 2.3011
35 -64.4020 -31.0567 161.3238 -0.2217 -0.9559 0.1927 -0.8440 2.1514
fireeffect.jpg
17 -43.1569 -41.5461 165.0647 -0.2410 -0.9070 0.3452 -0.6722 2.3011
35 -54.4636 -36.2219 149.4139 0.1695 -0.7538 -0.6349 -0.7152 1.9750
17 -42.7686 -34.9603 148.6513 -0.3554 -0.6117 -0.7067 -0.6239 1.9977
fireeffect.jpg
35 -57.1965 -18.8989 146.8961 0.3617 0.0400 -0.9314 -0.8205 1.8699
17 -42.7686 -34.9603 148.6513 -0.3554 -0.6117 -0.7067 -0.6239 1.9977
35 -54.4636 -36.2219 149.4139 0.1695 -0.7538 -0.6349 -0.7393 2.0527
fireeffect.jpg
17 -42.7686 -34.9603 148.6513 -0.3554 -0.6117 -0.7067 -0.6239 1.9977
35 -57.1965 -18.8989 146.8961 0.3617 0.0400 -0.9314 -0.8205 1.8699
17 -44.3229 -13.2689 144.4614 -0.5476 0.3780 -0.7465 -0.6672 1.7592
fireeffect.jpg
16 -20.6675 6.8366 106.6801 -0.6384 -0.6669 -0.3842 -0.2177 1.0810
16 -33.2985 0.4820 125.7206 -0.9022 0.0375 -0.4298 -0.4346 1.4004
16 -28.9031 10.1045 110.0843 -0.9816 -0.1810 -0.0604 -0.4256 1.0979
fireeffect.jpg
16 -33.2985 0.4820 125.7206 -0.9022 0.0375 -0.4298 -0.4346 1.4004
16 -20.6675 6.8366 106.6801 -0.6384 -0.6669 -0.3842 -0.2177 1.0810
16 -26.8015 -12.1429 122.4579 -0.7006 -0.3093 -0.6431 -0.2534 1.4606
fireeffect.jpg
35 -68.8145 -27.4255 167.9405 -0.3748 -0.6088 0.6992 -0.9835 2.3432
17 -43.1569 -41.5461 165.0647 -0.2410 -0.9070 0.3452 -0.6722 2.3011
17 -53.8402 -26.1145 170.7864 -0.1968 -0.0857 0.9767 -0.7169 2.5235
fireeffect.jpg
17 -43.1569 -41.5461 165.0647 -0.2410 -0.9070 0.3452 -0.6722 2.3011
35 -68.8145 -27.4255 167.9405 -0.3748 -0.6088 0.6992 -0.9835 2.3432
35 -64.4020 -31.0567 161.3238 -0.2217 -0.9559 0.1927 -0.8440 2.1514
fireeffect.jpg
16 -33.2985 0.4820 125.7206 -0.9022 0.0375 -0.4298 -0.4346 1.4004
17 -42.7686 -34.9603 148.6513 -0.3554 -0.6117 -0.7067 -0.6239 1.9977
17 -44.3229 -13.2689 144.4614 -0.5476 0.3780 -0.7465 -0.6672 1.7592
fireeffect.jpg
17 -42.7686 -34.9603 148.6513 -0.3554 -0.6117 -0.7067 -0.6239 1.9977
16 -33.2985 0.4820 125.7206 -0.9022 0.0375 -0.4298 -0.4346 1.4004
16 -26.8015 -12.1429 122.4579 -0.7006 -0.3093 -0.6431 -0.2534 1.4606
fireeffect.jpg
35 -58.0673 -7.2871 149.4033 0.1502 0.8431 -0.5164 -0.6952 1.8706
17 -44.3229 -13.2689 144.4614 -0.5476 0.3780 -0.7465 -0.6672 1.7592
35 -57.1965 -18.8989 146.8961 0.3617 0.0400 -0.9314 -0.8205 1.8699
fireeffect.jpg
17 -44.3229 -13.2689 144.4614 -0.5476 0.3780 -0.7465 -0.6672 1.7592
35 -58.0673 -7.2871 149.4033 0.1502 0.8431 -0.5164 -0.6952 1.8706
17 -47.6780 -6.4948 154.4574 -0.3060 0.9520 0.0020 -0.5325 1.9486
fireeffect.jpg
17 0.1285 -14.8753 184.7760 -0.0779 0.1956 0.9776 0.1833 2.5764
17 -26.1993 2.7725 161.6778 -0.3317 0.8017 0.4972 -0.1788 2.0299
17 -23.5257 -19.0907 187.6860 -0.2815 0.0518 0.9582 -0.2000 2.6520
fireeffect.jpg
17 -26.1993 2.7725 161.6778 -0.3317 0.8017 0.4972 -0.1788 2.0299
17 0.1285 -14.8753 184.7760 -0.0779 0.1956 0.9776 0.1833 2.5764
17 -3.5459 13.4492 159.5788 -0.1656 0.8288 0.5345 0.1899 1.9542
fireeffect.jpg
17 -47.6780 -6.4948 154.4574 -0.3060 0.9520 0.0020 -0.5325 1.9486
17 -26.1993 2.7725 161.6778 -0.3317 0.8017 0.4972 -0.1788 2.0299
17 -20.0637 12.1493 141.2184 -0.5684 0.7887 0.2345 -0.0759 1.6622
fireeffect.jpg
17 -26.1993 2.7725 161.6778 -0.3317 0.8017 0.4972 -0.1788 2.0299
17 -47.6780 -6.4948 154.4574 -0.3060 0.9520 0.0020 -0.5325 1.9486
17 -52.4578 -14.0688 166.6698 -0.1388 0.6477 0.7491 -0.6559 2.1754
fireeffect.jpg
16 -27.6621 16.2102 114.6495 -0.8406 0.4760 0.2586 -0.2938 1.1154
16 -16.9070 18.1267 132.1831 -0.6030 0.7357 0.3085 -0.0190 1.3624
16 -17.3839 25.9560 118.4813 -0.4631 0.8326 0.3039 -0.1106 1.1081
fireeffect.jpg
16 -16.9070 18.1267 132.1831 -0.6030 0.7357 0.3085 -0.0190 1.3624
16 -27.6621 16.2102 114.6495 -0.8406 0.4760 0.2586 -0.2938 1.1154
17 -25.4879 7.6718 124.4198 -0.8271 0.5503 0.1141 -0.1811 1.4057
fireeffect.jpg
16 -11.5108 3.5865 99.6178 -0.4487 -0.7468 -0.4908 -0.0924 1.0206
1 -23.8354 9.0419 90.3524 -0.4078 -0.7524 0.5173 -0.0983 0.8212
1 -13.8260 5.3733 87.7701 0.1964 -0.9702 0.1420 -0.0424 0.8053
fireeffect.jpg
1 -23.8354 9.0419 90.3524 -0.4078 -0.7524 0.5173 -0.0983 0.8212
16 -11.5108 3.5865 99.6178 -0.4487 -0.7468 -0.4908 -0.0924 1.0206
16 -20.6675 6.8366 106.6801 -0.6384 -0.6669 -0.3842 -0.2177 1.0810
fireeffect.jpg
1 -3.5673 17.5833 75.9477 0.1496 -0.2390 -0.9594 0.2177 0.6028
1 -0.0563 0.4304 85.6658 0.0025 -0.8780 -0.4787 0.1628 0.7883
1 -13.8260 5.3733 87.7701 0.1964 -0.9702 0.1420 -0.0424 0.8053
fireeffect.jpg
1 -0.0563 0.4304 85.6658 0.0025 -0.8780 -0.4787 0.1628 0.7883
1 -3.5673 17.5833 75.9477 0.1496 -0.2390 -0.9594 0.2177 0.6028
1 -0.0563 17.2920 72.7787 0.0000 -0.0511 -0.9987 0.1899 0.5282
fireeffect.jpg
17 -19.4243 -39.7380 174.8735 -0.0990 -0.8240 0.5578 -0.1767 2.3977
17 -16.1292 -45.4354 132.6649 -0.2951 -0.8425 -0.4507 -0.2503 1.8533
17 7.1128 -50.0848 163.1397 0.1559 -0.9681 0.1960 0.2039 2.1410
fireeffect.jpg
17 -19.4243 -39.7380 174.8735 -0.0990 -0.8240 0.5578 -0.1767 2.3977
17 7.1128 -50.0848 163.1397 0.1559 -0.9681 0.1960 0.2039 2.1410
17 2.6936 -29.0046 181.3013 0.0367 -0.4539 0.8903 0.1966 2.3339
fireeffect.jpg
17 7.1128 -50.0848 163.1397 0.1559 -0.9681 0.1960 0.2039 2.1410
17 -16.1292 -45.4354 132.6649 -0.2951 -0.8425 -0.4507 -0.2503 1.8533
17 5.9369 -33.1159 125.5763 0.1603 -0.7785 -0.6069 0.0754 1.6583
fireeffect.jpg
17 0.1285 -14.8753 184.7760 -0.0779 0.1956 0.9776 0.1833 2.5764
17 -23.5257 -19.0907 187.6860 -0.2815 0.0518 0.9582 -0.2000 2.6520
17 -19.4243 -39.7380 174.8735 -0.0990 -0.8240 0.5578 -0.1767 2.3977
fireeffect.jpg
17 0.1285 -14.8753 184.7760 -0.0779 0.1956 0.9776 0.1833 2.5764
17 -19.4243 -39.7380 174.8735 -0.0990 -0.8240 0.5578 -0.1767 2.3977
17 2.6936 -29.0046 181.3013 0.0367 -0.4539 0.8903 0.1966 2.3339
fireeffect.jpg
17 -23.5257 -19.0907 187.6860 -0.2815 0.0518 0.9582 -0.2000 2.6520
17 -43.1569 -41.5461 165.0647 -0.2410 -0.9070 0.3452 -0.6722 2.3011
17 -19.4243 -39.7380 174.8735 -0.0990 -0.8240 0.5578 -0.1767 2.3977
fireeffect.jpg
17 -43.1569 -41.5461 165.0647 -0.2410 -0.9070 0.3452 -0.6722 2.3011
17 -23.5257 -19.0907 187.6860 -0.2815 0.0518 0.9582 -0.2000 2.6520
17 -53.8402 -26.1145 170.7864 -0.1968 -0.0857 0.9767 -0.7169 2.5235
fireeffect.jpg
17 -25.4879 7.6718 124.4198 -0.8271 0.5503 0.1141 -0.1811 1.4057
17 -20.0637 12.1493 141.2184 -0.5684 0.7887 0.2345 -0.0759 1.6622
16 -16.9070 18.1267 132.1831 -0.6030 0.7357 0.3085 -0.0190 1.3624
fireeffect.jpg
17 -20.0637 12.1493 141.2184 -0.5684 0.7887 0.2345 -0.0759 1.6622
17 -25.4879 7.6718 124.4198 -0.8271 0.5503 0.1141 -0.1811 1.4057
17 -47.6780 -6.4948 154.4574 -0.3060 0.9520 0.0020 -0.5325 1.9486
fireeffect.jpg
16 -13.2123 -15.7274 108.2997 -0.3392 -0.5180 -0.7852 -0.0552 1.4343
17 5.9369 -33.1159 125.5763 0.1603 -0.7785 -0.6069 0.0754 1.6583
17 -16.1292 -45.4354 132.6649 -0.2951 -0.8425 -0.4507 -0.2503 1.8533
fireeffect.jpg
17 5.9369 -33.1159 125.5763 0.1603 -0.7785 -0.6069 0.0754 1.6583
16 -13.2123 -15.7274 108.2997 -0.3392 -0.5180 -0.7852 -0.0552 1.4343
16 4.3187 -18.6497 107.0462 0.1393 -0.6082 -0.7815 0.1537 1.3077
fireeffect.jpg
9 -37.5655 15.2164 64.4860 -0.4801 0.8056 -0.3473 -0.3267 0.4401
1 -13.6542 30.7796 83.5427 -0.3501 0.8600 -0.3712 0.0399 0.7348
9 -21.4297 15.1190 55.6274 0.1973 0.6943 -0.6921 -0.0826 0.4324
fireeffect.jpg
1 -13.6542 30.7796 83.5427 -0.3501 0.8600 -0.3712 0.0399 0.7348
9 -37.5655 15.2164 64.4860 -0.4801 0.8056 -0.3473 -0.3267 0.4401
1 -28.1488 25.1465 86.8305 -0.6179 0.7788 0.1080 -0.1872 0.7625
fireeffect.jpg
9 -48.0084 10.6696 72.9022 -0.8632 0.3932 0.3166 -0.5852 0.4401
1 -28.1488 25.1465 86.8305 -0.6179 0.7788 0.1080 -0.1872 0.7625
9 -37.5655 15.2164 64.4860 -0.4801 0.8056 -0.3473 -0.3267 0.4401
fireeffect.jpg
1 -28.1488 25.1465 86.8305 -0.6179 0.7788 0.1080 -0.1872 0.7625
9 -48.0084 10.6696 72.9022 -0.8632 0.3932 0.3166 -0.5852 0.4401
1 -30.4386 17.2920 92.5422 -0.9092 -0.1809 0.3751 -0.4062 0.8577
fireeffect.jpg
9 -42.1929 -2.8454 78.1040 -0.4530 -0.3862 0.8035 -0.3075 0.4298
1 -30.4386 17.2920 92.5422 -0.9092 -0.1809 0.3751 -0.4062 0.8577
9 -48.0084 10.6696 72.9022 -0.8632 0.3932 0.3166 -0.5852 0.4401
fireeffect.jpg
1 -30.4386 17.2920 92.5422 -0.9092 -0.1809 0.3751 -0.4062 0.8577
9 -42.1929 -2.8454 78.1040 -0.4530 -0.3862 0.8035 -0.3075 0.4298
1 -23.8354 9.0419 90.3524 -0.4078 -0.7524 0.5173 -0.0983 0.8212
fireeffect.jpg
9 -24.0904 -17.5808 78.4741 0.1519 -0.8444 0.5137 -0.0376 0.4283
1 -23.8354 9.0419 90.3524 -0.4078 -0.7524 0.5173 -0.0983 0.8212
9 -42.1929 -2.8454 78.1040 -0.4530 -0.3862 0.8035 -0.3075 0.4298
fireeffect.jpg
1 -23.8354 9.0419 90.3524 -0.4078 -0.7524 0.5173 -0.0983 0.8212
9 -24.0904 -17.5808 78.4741 0.1519 -0.8444 0.5137 -0.0376 0.4283
1 -13.8260 5.3733 87.7701 0.1964 -0.9702 0.1420 -0.0424 0.8053
fireeffect.jpg
9 -17.1846 -13.4120 55.0889 0.9096 -0.2474 -0.3338 0.2179 0.2110
1 -13.8260 5.3733 87.7701 0.1964 -0.9702 0.1420 -0.0424 0.8053
9 -24.0904 -17.5808 78.4741 0.1519 -0.8444 0.5137 -0.0376 0.4283
fireeffect.jpg
1 -13.8260 5.3733 87.7701 0.1964 -0.9702 0.1420 -0.0424 0.8053
9 -17.1846 -13.4120 55.0889 0.9096 -0.2474 -0.3338 0.2179 0.2110
1 -3.5673 17.5833 75.9477 0.1496 -0.2390 -0.9594 0.2177 0.6028
fireeffect.jpg
9 -21.4297 15.1190 55.6274 0.1973 0.6943 -0.6921 -0.0826 0.4324
1 -3.5673 17.5833 75.9477 0.1496 -0.2390 -0.9594 0.2177 0.6028
9 -17.1846 -13.4120 55.0889 0.9096 -0.2474 -0.3338 0.2179 0.2110
fireeffect.jpg
1 -3.5673 17.5833 75.9477 0.1496 -0.2390 -0.9594 0.2177 0.6028
9 -21.4297 15.1190 55.6274 0.1973 0.6943 -0.6921 -0.0826 0.4324
1 -13.6542 30.7796 83.5427 -0.3501 0.8600 -0.3712 0.0399 0.7348
fireeffect.jpg
9 -46.8187 0.9529 50.3131 -0.4090 0.9085 -0.0854 -0.3216 0.0773
9 -21.4297 15.1190 55.6274 0.1973 0.6943 -0.6921 -0.0826 0.4324
9 -34.7309 2.6810 42.9589 0.3349 0.8982 -0.2849 -0.1487 0.0777
fireeffect.jpg
9 -21.4297 15.1190 55.6274 0.1973 0.6943 -0.6921 -0.0826 0.4324
9 -46.8187 0.9529 50.3131 -0.4090 0.9085 -0.0854 -0.3216 0.0773
9 -37.5655 15.2164 64.4860 -0.4801 0.8056 -0.3473 -0.3267 0.4401
fireeffect.jpg
9 -52.7632 -2.6338 60.1574 -0.8736 0.4572 0.1668 -0.5289 0.1333
9 -37.5655 15.2164 64.4860 -0.4801 0.8056 -0.3473 -0.3267 0.4401
9 -46.8187 0.9529 50.3131 -0.4090 0.9085 -0.0854 -0.3216 0.0773
fireeffect.jpg
9 -37.5655 15.2164 64.4860 -0.4801 0.8056 -0.3473 -0.3267 0.4401
9 -52.7632 -2.6338 60.1574 -0.8736 0.4572 0.1668 -0.5289 0.1333
9 -48.0084 10.6696 72.9022 -0.8632 0.3932 0.3166 -0.5852 0.4401
fireeffect.jpg
9 -49.6009 -17.0833 69.2523 -0.6138 -0.4308 0.6615 -0.2916 0.1472
9 -48.0084 10.6696 72.9022 -0.8632 0.3932 0.3166 -0.5852 0.4401
9 -52.7632 -2.6338 60.1574 -0.8736 0.4572 0.1668 -0.5289 0.1333
fireeffect.jpg
9 -48.0084 10.6696 72.9022 -0.8632 0.3932 0.3166 -0.5852 0.4401
9 -49.6009 -17.0833 69.2523 -0.6138 -0.4308 0.6615 -0.2916 0.1472
9 -42.1929 -2.8454 78.1040 -0.4530 -0.3862 0.8035 -0.3075 0.4298
fireeffect.jpg
9 -32.8030 -23.6959 62.8336 0.4203 -0.7831 0.4584 0.0080 0.1196
9 -42.1929 -2.8454 78.1040 -0.4530 -0.3862 0.8035 -0.3075 0.4298
9 -49.6009 -17.0833 69.2523 -0.6138 -0.4308 0.6615 -0.2916 0.1472
fireeffect.jpg
9 -42.1929 -2.8454 78.1040 -0.4530 -0.3862 0.8035 -0.3075 0.4298
9 -32.8030 -23.6959 62.8336 0.4203 -0.7831 0.4584 0.0080 0.1196
9 -24.0904 -17.5808 78.4741 0.1519 -0.8444 0.5137 -0.0376 0.4283
fireeffect.jpg
9 -22.0688 -9.7448 42.1638 0.8925 -0.1927 -0.4077 0.2181 0.0452
9 -24.0904 -17.5808 78.4741 0.1519 -0.8444 0.5137 -0.0376 0.4283
9 -32.8030 -23.6959 62.8336 0.4203 -0.7831 0.4584 0.0080 0.1196
fireeffect.jpg
9 -24.0904 -17.5808 78.4741 0.1519 -0.8444 0.5137 -0.0376 0.4283
9 -22.0688 -9.7448 42.1638 0.8925 -0.1927 -0.4077 0.2181 0.0452
9 -17.1846 -13.4120 55.0889 0.9096 -0.2474 -0.3338 0.2179 0.2110
fireeffect.jpg
9 -34.7309 2.6810 42.9589 0.3349 0.8982 -0.2849 -0.1487 0.0777
9 -17.1846 -13.4120 55.0889 0.9096 -0.2474 -0.3338 0.2179 0.2110
9 -22.0688 -9.7448 42.1638 0.8925 -0.1927 -0.4077 0.2181 0.0452
fireeffect.jpg
9 -17.1846 -13.4120 55.0889 0.9096 -0.2474 -0.3338 0.2179 0.2110
9 -34.7309 2.6810 42.9589 0.3349 0.8982 -0.2849 -0.1487 0.0777
9 -21.4297 15.1190 55.6274 0.1973 0.6943 -0.6921 -0.0826 0.4324
fireeffect.jpg
9 -54.5532 2.5946 43.1905 -0.4807 0.8203 0.3100 -0.5307 -0.0504
9 -34.7309 2.6810 42.9589 0.3349 0.8982 -0.2849 -0.1487 0.0777
9 -37.8105 2.2164 34.8399 0.6235 0.1454 0.7682 -0.1660 -0.0500
fireeffect.jpg
9 -34.7309 2.6810 42.9589 0.3349 0.8982 -0.2849 -0.1487 0.0777
9 -54.5532 2.5946 43.1905 -0.4807 0.8203 0.3100 -0.5307 -0.0504
9 -46.8187 0.9529 50.3131 -0.4090 0.9085 -0.0854 -0.3216 0.0773
fireeffect.jpg
9 -58.2797 -5.9843 55.2187 -0.9296 0.3393 0.1440 -0.5278 0.0056
9 -46.8187 0.9529 50.3131 -0.4090 0.9085 -0.0854 -0.3216 0.0773
9 -54.5532 2.5946 43.1905 -0.4807 0.8203 0.3100 -0.5307 -0.0504
fireeffect.jpg
9 -46.8187 0.9529 50.3131 -0.4090 0.9085 -0.0854 -0.3216 0.0773
9 -58.2797 -5.9843 55.2187 -0.9296 0.3393 0.1440 -0.5278 0.0056
9 -52.7632 -2.6338 60.1574 -0.8736 0.4572 0.1668 -0.5289 0.1333
fireeffect.jpg
9 -53.2512 -17.3122 61.2703 -0.8135 -0.5704 0.1135 -0.3186 0.0195
9 -52.7632 -2.6338 60.1574 -0.8736 0.4572 0.1668 -0.5289 0.1333
9 -58.2797 -5.9843 55.2187 -0.9296 0.3393 0.1440 -0.5278 0.0056
fireeffect.jpg
9 -52.7632 -2.6338 60.1574 -0.8736 0.4572 0.1668 -0.5289 0.1333
9 -53.2512 -17.3122 61.2703 -0.8135 -0.5704 0.1135 -0.3186 0.0195
9 -49.6009 -17.0833 69.2523 -0.6138 -0.4308 0.6615 -0.2916 0.1472
fireeffect.jpg
9 -35.1237 -28.9075 57.4874 -0.1601 -0.9822 0.0979 -0.0090 -0.0081
9 -49.6009 -17.0833 69.2523 -0.6138 -0.4308 0.6615 -0.2916 0.1472
9 -53.2512 -17.3122 61.2703 -0.8135 -0.5704 0.1135 -0.3186 0.0195
fireeffect.jpg
9 -49.6009 -17.0833 69.2523 -0.6138 -0.4308 0.6615 -0.2916 0.1472
9 -35.1237 -28.9075 57.4874 -0.1601 -0.9822 0.0979 -0.0090 -0.0081
9 -32.8030 -23.6959 62.8336 0.4203 -0.7831 0.4584 0.0080 0.1196
fireeffect.jpg
9 -26.2677 -16.8025 39.0169 0.7267 -0.5446 0.4187 0.2183 -0.0776
9 -32.8030 -23.6959 62.8336 0.4203 -0.7831 0.4584 0.0080 0.1196
9 -35.1237 -28.9075 57.4874 -0.1601 -0.9822 0.0979 -0.0090 -0.0081
fireeffect.jpg
9 -32.8030 -23.6959 62.8336 0.4203 -0.7831 0.4584 0.0080 0.1196
9 -26.2677 -16.8025 39.0169 0.7267 -0.5446 0.4187 0.2183 -0.0776
9 -22.0688 -9.7448 42.1638 0.8925 -0.1927 -0.4077 0.2181 0.0452
fireeffect.jpg
9 -37.8105 2.2164 34.8399 0.6235 0.1454 0.7682 -0.1660 -0.0500
9 -22.0688 -9.7448 42.1638 0.8925 -0.1927 -0.4077 0.2181 0.0452
9 -26.2677 -16.8025 39.0169 0.7267 -0.5446 0.4187 0.2183 -0.0776
fireeffect.jpg
9 -22.0688 -9.7448 42.1638 0.8925 -0.1927 -0.4077 0.2181 0.0452
9 -37.8105 2.2164 34.8399 0.6235 0.1454 0.7682 -0.1660 -0.0500
9 -34.7309 2.6810 42.9589 0.3349 0.8982 -0.2849 -0.1487 0.0777
fireeffect.jpg
10 -48.2153 13.4805 47.8756 -0.7201 0.2311 0.6543 -0.5431 -0.2008
9 -37.8105 2.2164 34.8399 0.6235 0.1454 0.7682 -0.1660 -0.0500
10 -26.4075 10.6788 52.3073 0.0848 0.0263 0.9961 -0.1414 -0.2003
fireeffect.jpg
9 -37.8105 2.2164 34.8399 0.6235 0.1454 0.7682 -0.1660 -0.0500
10 -48.2153 13.4805 47.8756 -0.7201 0.2311 0.6543 -0.5431 -0.2008
9 -54.5532 2.5946 43.1905 -0.4807 0.8203 0.3100 -0.5307 -0.0504
fireeffect.jpg
10 -53.0585 3.2806 36.0873 -0.9736 0.1532 -0.1692 -0.3933 -0.2204
9 -54.5532 2.5946 43.1905 -0.4807 0.8203 0.3100 -0.5307 -0.0504
10 -48.2153 13.4805 47.8756 -0.7201 0.2311 0.6543 -0.5431 -0.2008
fireeffect.jpg
9 -54.5532 2.5946 43.1905 -0.4807 0.8203 0.3100 -0.5307 -0.0504
10 -53.0585 3.2806 36.0873 -0.9736 0.1532 -0.1692 -0.3933 -0.2204
9 -58.2797 -5.9843 55.2187 -0.9296 0.3393 0.1440 -0.5278 0.0056
fireeffect.jpg
10 -53.8590 -6.8293 33.3869 -0.7978 -0.4191 -0.4335 -0.3196 -0.1443
9 -58.2797 -5.9843 55.2187 -0.9296 0.3393 0.1440 -0.5278 0.0056
10 -53.0585 3.2806 36.0873 -0.9736 0.1532 -0.1692 -0.3933 -0.2204
fireeffect.jpg
9 -58.2797 -5.9843 55.2187 -0.9296 0.3393 0.1440 -0.5278 0.0056
10 -53.8590 -6.8293 33.3869 -0.7978 -0.4191 -0.4335 -0.3196 -0.1443
9 -53.2512 -17.3122 61.2703 -0.8135 -0.5704 0.1135 -0.3186 0.0195
fireeffect.jpg
10 -37.1474 -14.4500 30.6908 0.0358 -0.7989 -0.6003 -0.0572 -0.1616
9 -53.2512 -17.3122 61.2703 -0.8135 -0.5704 0.1135 -0.3186 0.0195
10 -53.8590 -6.8293 33.3869 -0.7978 -0.4191 -0.4335 -0.3196 -0.1443
fireeffect.jpg
9 -53.2512 -17.3122 61.2703 -0.8135 -0.5704 0.1135 -0.3186 0.0195
10 -37.1474 -14.4500 30.6908 0.0358 -0.7989 -0.6003 -0.0572 -0.1616
9 -35.1237 -28.9075 57.4874 -0.1601 -0.9822 0.0979 -0.0090 -0.0081
fireeffect.jpg
10 -17.3546 -6.0191 37.5773 0.9479 -0.2932 0.1242 0.2183 -0.2412
9 -35.1237 -28.9075 57.4874 -0.1601 -0.9822 0.0979 -0.0090 -0.0081
10 -37.1474 -14.4500 30.6908 0.0358 -0.7989 -0.6003 -0.0572 -0.1616
fireeffect.jpg
9 -35.1237 -28.9075 57.4874 -0.1601 -0.9822 0.0979 -0.0090 -0.0081
10 -17.3546 -6.0191 37.5773 0.9479 -0.2932 0.1242 0.2183 -0.2412
9 -26.2677 -16.8025 39.0169 0.7267 -0.5446 0.4187 0.2183 -0.0776
fireeffect.jpg
10 -26.4075 10.6788 52.3073 0.0848 0.0263 0.9961 -0.1414 -0.2003
9 -26.2677 -16.8025 39.0169 0.7267 -0.5446 0.4187 0.2183 -0.0776
10 -17.3546 -6.0191 37.5773 0.9479 -0.2932 0.1242 0.2183 -0.2412
fireeffect.jpg
9 -26.2677 -16.8025 39.0169 0.7267 -0.5446 0.4187 0.2183 -0.0776
10 -26.4075 10.6788 52.3073 0.0848 0.0263 0.9961 -0.1414 -0.2003
9 -37.8105 2.2164 34.8399 0.6235 0.1454 0.7682 -0.1660 -0.0500
fireeffect.jpg
10 -40.3055 33.3769 25.3713 -0.3557 0.7397 0.5712 -0.4307 -0.7184
10 -26.4075 10.6788 52.3073 0.0848 0.0263 0.9961 -0.1414 -0.2003
10 -19.2386 32.6391 31.3178 0.7157 0.3860 0.5821 -0.1868 -0.7181
fireeffect.jpg
10 -26.4075 10.6788 52.3073 0.0848 0.0263 0.9961 -0.1414 -0.2003
10 -40.3055 33.3769 25.3713 -0.3557 0.7397 0.5712 -0.4307 -0.7184
10 -48.2153 13.4805 47.8756 -0.7201 0.2311 0.6543 -0.5431 -0.2008
fireeffect.jpg
10 -50.8990 23.5259 14.7831 -0.9817 0.1905 -0.0076 -0.5677 -0.7049
10 -48.2153 13.4805 47.8756 -0.7201 0.2311 0.6543 -0.5431 -0.2008
10 -40.3055 33.3769 25.3713 -0.3557 0.7397 0.5712 -0.4307 -0.7184
fireeffect.jpg
10 -48.2153 13.4805 47.8756 -0.7201 0.2311 0.6543 -0.5431 -0.2008
10 -50.8990 23.5259 14.7831 -0.9817 0.1905 -0.0076 -0.5677 -0.7049
10 -53.0585 3.2806 36.0873 -0.9736 0.1532 -0.1692 -0.3933 -0.2204
fireeffect.jpg
10 -46.3163 17.2638 10.8294 -0.8391 -0.2634 -0.4760 -0.3500 -0.7054
10 -53.0585 3.2806 36.0873 -0.9736 0.1532 -0.1692 -0.3933 -0.2204
10 -50.8990 23.5259 14.7831 -0.9817 0.1905 -0.0076 -0.5677 -0.7049
fireeffect.jpg
10 -53.0585 3.2806 36.0873 -0.9736 0.1532 -0.1692 -0.3933 -0.2204
10 -46.3163 17.2638 10.8294 -0.8391 -0.2634 -0.4760 -0.3500 -0.7054
10 -53.8590 -6.8293 33.3869 -0.7978 -0.4191 -0.4335 -0.3196 -0.1443
fireeffect.jpg
10 -35.1387 7.9002 9.5898 -0.1068 -0.6530 -0.7498 -0.1516 -0.6651
10 -53.8590 -6.8293 33.3869 -0.7978 -0.4191 -0.4335 -0.3196 -0.1443
10 -46.3163 17.2638 10.8294 -0.8391 -0.2634 -0.4760 -0.3500 -0.7054
fireeffect.jpg
10 -53.8590 -6.8293 33.3869 -0.7978 -0.4191 -0.4335 -0.3196 -0.1443
10 -35.1387 7.9002 9.5898 -0.1068 -0.6530 -0.7498 -0.1516 -0.6651
10 -37.1474 -14.4500 30.6908 0.0358 -0.7989 -0.6003 -0.0572 -0.1616
fireeffect.jpg
10 -14.8600 20.0476 19.7391 0.8231 -0.4060 -0.3970 0.2182 -0.7454
10 -37.1474 -14.4500 30.6908 0.0358 -0.7989 -0.6003 -0.0572 -0.1616
10 -35.1387 7.9002 9.5898 -0.1068 -0.6530 -0.7498 -0.1516 -0.6651
fireeffect.jpg
10 -37.1474 -14.4500 30.6908 0.0358 -0.7989 -0.6003 -0.0572 -0.1616
10 -14.8600 20.0476 19.7391 0.8231 -0.4060 -0.3970 0.2182 -0.7454
10 -17.3546 -6.0191 37.5773 0.9479 -0.2932 0.1242 0.2183 -0.2412
fireeffect.jpg
10 -19.2386 32.6391 31.3178 0.7157 0.3860 0.5821 -0.1868 -0.7181
10 -17.3546 -6.0191 37.5773 0.9479 -0.2932 0.1242 0.2183 -0.2412
10 -14.8600 20.0476 19.7391 0.8231 -0.4060 -0.3970 0.2182 -0.7454
fireeffect.jpg
10 -17.3546 -6.0191 37.5773 0.9479 -0.2932 0.1242 0.2183 -0.2412
10 -19.2386 32.6391 31.3178 0.7157 0.3860 0.5821 -0.1868 -0.7181
10 -26.4075 10.6788 52.3073 0.0848 0.0263 0.9961 -0.1414 -0.2003
fireeffect.jpg
36 -81.5623 -4.7918 159.5968 -0.5356 0.7990 0.2733 -1.1093 2.0133
35 -58.0673 -7.2871 149.4033 0.1502 0.8431 -0.5164 -0.6952 1.8706
36 -66.8099 -10.0440 137.7608 0.6204 0.7446 -0.2462 -0.8346 1.7130
fireeffect.jpg
35 -58.0673 -7.2871 149.4033 0.1502 0.8431 -0.5164 -0.6952 1.8706
36 -81.5623 -4.7918 159.5968 -0.5356 0.7990 0.2733 -1.1093 2.0133
35 -70.2600 -4.4920 168.9704 -0.1554 0.5754 0.8030 -0.8722 2.0938
fireeffect.jpg
17 -86.2614 -28.8389 151.6359 -0.7810 -0.4718 0.4091 -1.3457 2.1318
35 -70.2600 -4.4920 168.9704 -0.1554 0.5754 0.8030 -0.8722 2.0938
36 -81.5623 -4.7918 159.5968 -0.5356 0.7990 0.2733 -1.1093 2.0133
fireeffect.jpg
35 -70.2600 -4.4920 168.9704 -0.1554 0.5754 0.8030 -0.8722 2.0938
17 -86.2614 -28.8389 151.6359 -0.7810 -0.4718 0.4091 -1.3457 2.1318
35 -68.8145 -27.4255 167.9405 -0.3748 -0.6088 0.6992 -0.9835 2.3432
fireeffect.jpg
36 -76.9404 -36.1976 145.2630 -0.2220 -0.9717 0.0809 -1.1072 2.0041
35 -68.8145 -27.4255 167.9405 -0.3748 -0.6088 0.6992 -0.9835 2.3432
17 -86.2614 -28.8389 151.6359 -0.7810 -0.4718 0.4091 -1.3457 2.1318
fireeffect.jpg
35 -68.8145 -27.4255 167.9405 -0.3748 -0.6088 0.6992 -0.9835 2.3432
36 -76.9404 -36.1976 145.2630 -0.2220 -0.9717 0.0809 -1.1072 2.0041
35 -64.4020 -31.0567 161.3238 -0.2217 -0.9559 0.1927 -0.8440 2.1514
fireeffect.jpg
36 -68.1678 -34.9272 139.0590 0.5468 -0.7987 -0.2513 -0.8565 1.8110
35 -64.4020 -31.0567 161.3238 -0.2217 -0.9559 0.1927 -0.8440 2.1514
36 -76.9404 -36.1976 145.2630 -0.2220 -0.9717 0.0809 -1.1072 2.0041
fireeffect.jpg
35 -64.4020 -31.0567 161.3238 -0.2217 -0.9559 0.1927 -0.8440 2.1514
36 -68.1678 -34.9272 139.0590 0.5468 -0.7987 -0.2513 -0.8565 1.8110
35 -54.4636 -36.2219 149.4139 0.1695 -0.7538 -0.6349 -0.7152 1.9750
fireeffect.jpg
36 -63.5493 -19.5718 139.3295 0.8916 0.0740 -0.4468 -0.6882 1.6376
35 -54.4636 -36.2219 149.4139 0.1695 -0.7538 -0.6349 -0.7393 2.0527
36 -68.1678 -34.9272 139.0590 0.5468 -0.7987 -0.2513 -0.8565 1.8110
fireeffect.jpg
35 -54.4636 -36.2219 149.4139 0.1695 -0.7538 -0.6349 -0.7393 2.0527
36 -63.5493 -19.5718 139.3295 0.8916 0.0740 -0.4468 -0.6882 1.6376
35 -57.1965 -18.8989 146.8961 0.3617 0.0400 -0.9314 -0.8205 1.8699
fireeffect.jpg
36 -66.8099 -10.0440 137.7608 0.6204 0.7446 -0.2462 -0.8346 1.7130
35 -57.1965 -18.8989 146.8961 0.3617 0.0400 -0.9314 -0.8205 1.8699
36 -63.5493 -19.5718 139.3295 0.8916 0.0740 -0.4468 -0.6882 1.6376
fireeffect.jpg
35 -57.1965 -18.8989 146.8961 0.3617 0.0400 -0.9314 -0.8205 1.8699
36 -66.8099 -10.0440 137.7608 0.6204 0.7446 -0.2462 -0.8346 1.7130
35 -58.0673 -7.2871 149.4033 0.1502 0.8431 -0.5164 -0.6952 1.8706
fireeffect.jpg
16 -17.3839 25.9560 118.4813 -0.4631 0.8326 0.3039 -0.1106 1.1081
16 -3.6689 21.6218 131.7733 -0.1712 0.8948 0.4123 0.1537 1.3330
16 -4.7400 30.1566 123.3905 -0.1690 0.8950 0.4128 0.1266 1.0910
fireeffect.jpg
16 -3.6689 21.6218 131.7733 -0.1712 0.8948 0.4123 0.1537 1.3330
16 -17.3839 25.9560 118.4813 -0.4631 0.8326 0.3039 -0.1106 1.1081
16 -16.9070 18.1267 132.1831 -0.6030 0.7357 0.3085 -0.0190 1.3624
fireeffect.jpg
1 -30.4386 17.2920 92.5422 -0.9092 -0.1809 0.3751 -0.4062 0.8577
16 -20.6675 6.8366 106.6801 -0.6384 -0.6669 -0.3842 -0.2177 1.0810
16 -28.9031 10.1045 110.0843 -0.9816 -0.1810 -0.0604 -0.4256 1.0979
fireeffect.jpg
16 -20.6675 6.8366 106.6801 -0.6384 -0.6669 -0.3842 -0.2177 1.0810
1 -30.4386 17.2920 92.5422 -0.9092 -0.1809 0.3751 -0.4062 0.8577
1 -23.8354 9.0419 90.3524 -0.4078 -0.7524 0.5173 -0.0983 0.8212
fireeffect.jpg
16 -11.5108 3.5865 99.6178 -0.4487 -0.7468 -0.4908 -0.0924 1.0206
16 -26.8015 -12.1429 122.4579 -0.7006 -0.3093 -0.6431 -0.2534 1.4606
16 -20.6675 6.8366 106.6801 -0.6384 -0.6669 -0.3842 -0.2177 1.0810
fireeffect.jpg
16 -26.8015 -12.1429 122.4579 -0.7006 -0.3093 -0.6431 -0.2534 1.4606
16 -11.5108 3.5865 99.6178 -0.4487 -0.7468 -0.4908 -0.0924 1.0206
16 -13.2123 -15.7274 108.2997 -0.3392 -0.5180 -0.7852 -0.0552 1.4343
fireeffect.jpg
16 -28.9031 10.1045 110.0843 -0.9816 -0.1810 -0.0604 -0.4256 1.0979
17 -25.4879 7.6718 124.4198 -0.8271 0.5503 0.1141 -0.1811 1.4057
16 -27.6621 16.2102 114.6495 -0.8406 0.4760 0.2586 -0.2938 1.1154
fireeffect.jpg
17 -25.4879 7.6718 124.4198 -0.8271 0.5503 0.1141 -0.1811 1.4057
16 -28.9031 10.1045 110.0843 -0.9816 -0.1810 -0.0604 -0.4256 1.0979
16 -33.2985 0.4820 125.7206 -0.9022 0.0375 -0.4298 -0.4346 1.4004
fireeffect.jpg
1 -13.6542 30.7796 83.5427 -0.3501 0.8600 -0.3712 0.0399 0.7348
16 -27.6621 16.2102 114.6495 -0.8406 0.4760 0.2586 -0.2938 1.1154
16 -17.3839 25.9560 118.4813 -0.4631 0.8326 0.3039 -0.1106 1.1081
fireeffect.jpg
16 -27.6621 16.2102 114.6495 -0.8406 0.4760 0.2586 -0.2938 1.1154
1 -13.6542 30.7796 83.5427 -0.3501 0.8600 -0.3712 0.0399 0.7348
1 -28.1488 25.1465 86.8305 -0.6179 0.7788 0.1080 -0.1872 0.7625
fireeffect.jpg
16 0.7999 5.0669 95.6381 0.1062 -0.8839 -0.4555 0.1809 0.9904
16 -13.2123 -15.7274 108.2997 -0.3392 -0.5180 -0.7852 -0.0552 1.4343
16 -11.5108 3.5865 99.6178 -0.4487 -0.7468 -0.4908 -0.0924 1.0206
fireeffect.jpg
16 -13.2123 -15.7274 108.2997 -0.3392 -0.5180 -0.7852 -0.0552 1.4343
16 0.7999 5.0669 95.6381 0.1062 -0.8839 -0.4555 0.1809 0.9904
16 4.3187 -18.6497 107.0462 0.1393 -0.6082 -0.7815 0.1537 1.3077
fireeffect.jpg
36 -92.9297 0.7625 117.6585 -0.4096 0.9004 0.1468 -1.1607 1.2327
36 -66.8099 -10.0440 137.7608 0.6204 0.7446 -0.2462 -0.8346 1.7130
36 -73.1162 1.8705 112.6643 0.7354 0.6777 -0.0007 -0.8735 1.2533
fireeffect.jpg
36 -66.8099 -10.0440 137.7608 0.6204 0.7446 -0.2462 -0.8346 1.7130
36 -92.9297 0.7625 117.6585 -0.4096 0.9004 0.1468 -1.1607 1.2327
36 -81.5623 -4.7918 159.5968 -0.5356 0.7990 0.2733 -1.1093 2.0133
fireeffect.jpg
36 -97.2315 -12.9203 115.5386 -0.9853 -0.0727 0.1545 -1.5513 1.3487
36 -81.5623 -4.7918 159.5968 -0.5356 0.7990 0.2733 -1.1093 2.0133
36 -92.9297 0.7625 117.6585 -0.4096 0.9004 0.1468 -1.1607 1.2327
fireeffect.jpg
36 -81.5623 -4.7918 159.5968 -0.5356 0.7990 0.2733 -1.1093 2.0133
36 -97.2315 -12.9203 115.5386 -0.9853 -0.0727 0.1545 -1.5513 1.3487
17 -86.2614 -28.8389 151.6359 -0.7810 -0.4718 0.4091 -1.3457 2.1318
fireeffect.jpg
36 -84.8161 -24.7301 108.3757 -0.5438 -0.8384 0.0354 -1.1509 1.2379
17 -86.2614 -28.8389 151.6359 -0.7810 -0.4718 0.4091 -1.3457 2.1318
36 -97.2315 -12.9203 115.5386 -0.9853 -0.0727 0.1545 -1.5513 1.3487
fireeffect.jpg
17 -86.2614 -28.8389 151.6359 -0.7810 -0.4718 0.4091 -1.3457 2.1318
36 -84.8161 -24.7301 108.3757 -0.5438 -0.8384 0.0354 -1.1509 1.2379
36 -76.9404 -36.1976 145.2630 -0.2220 -0.9717 0.0809 -1.1072 2.0041
fireeffect.jpg
36 -73.6739 -27.7729 106.1082 0.2532 -0.9469 -0.1981 -0.8647 1.2416
36 -76.9404 -36.1976 145.2630 -0.2220 -0.9717 0.0809 -1.1072 2.0041
36 -84.8161 -24.7301 108.3757 -0.5438 -0.8384 0.0354 -1.1509 1.2379
fireeffect.jpg
36 -76.9404 -36.1976 145.2630 -0.2220 -0.9717 0.0809 -1.1072 2.0041
36 -73.6739 -27.7729 106.1082 0.2532 -0.9469 -0.1981 -0.8647 1.2416
36 -68.1678 -34.9272 139.0590 0.5468 -0.7987 -0.2513 -0.8565 1.8110
fireeffect.jpg
36 -68.4758 -10.5458 109.9556 0.9793 -0.0545 -0.1951 -0.6887 1.2341
36 -68.1678 -34.9272 139.0590 0.5468 -0.7987 -0.2513 -0.8565 1.8110
36 -73.6739 -27.7729 106.1082 0.2532 -0.9469 -0.1981 -0.9424 1.2683
fireeffect.jpg
36 -68.1678 -34.9272 139.0590 0.5468 -0.7987 -0.2513 -0.8565 1.8110
36 -68.4758 -10.5458 109.9556 0.9793 -0.0545 -0.1951 -0.6887 1.2341
36 -63.5493 -19.5718 139.3295 0.8916 0.0740 -0.4468 -0.6882 1.6376
fireeffect.jpg
36 -73.1162 1.8705 112.6643 0.7354 0.6777 -0.0007 -0.8735 1.2533
36 -63.5493 -19.5718 139.3295 0.8916 0.0740 -0.4468 -0.6882 1.6376
36 -68.4758 -10.5458 109.9556 0.9793 -0.0545 -0.1951 -0.6887 1.2341
fireeffect.jpg
36 -63.5493 -19.5718 139.3295 0.8916 0.0740 -0.4468 -0.6882 1.6376
36 -73.1162 1.8705 112.6643 0.7354 0.6777 -0.0007 -0.8735 1.2533
36 -66.8099 -10.0440 137.7608 0.6204 0.7446 -0.2462 -0.8346 1.7130
fireeffect.jpg
38 -107.0019 -1.5316 65.2024 -0.4971 0.8647 0.0718 -1.4006 0.3652
38 -78.6910 4.2894 100.6408 0.1656 0.9790 -0.1188 -0.9940 1.0734
38 -91.2022 -2.6615 53.3382 0.3750 0.9194 -0.1188 -1.0541 0.3100
fireeffect.jpg
38 -78.6910 4.2894 100.6408 0.1656 0.9790 -0.1188 -0.9940 1.0734
38 -107.0019 -1.5316 65.2024 -0.4971 0.8647 0.0718 -1.4006 0.3652
38 -93.7402 -2.9815 103.9283 -0.7394 0.6604 0.1307 -1.3185 1.0611
fireeffect.jpg
38 -118.5857 -17.4402 75.5801 -0.9299 -0.0514 0.3643 -1.8136 0.4946
38 -93.7402 -2.9815 103.9283 -0.7394 0.6604 0.1307 -1.3185 1.0611
38 -107.0019 -1.5316 65.2024 -0.4971 0.8647 0.0718 -1.4006 0.3652
fireeffect.jpg
38 -93.7402 -2.9815 103.9283 -0.7394 0.6604 0.1307 -1.3185 1.0611
38 -118.5857 -17.4402 75.5801 -0.9299 -0.0514 0.3643 -1.8136 0.4946
38 -98.6565 -13.5362 107.8049 -0.8238 -0.4008 0.4010 -1.5385 1.1504
fireeffect.jpg
38 -103.7696 -34.9548 69.0927 -0.1730 -0.9422 0.2869 -1.5026 0.3823
38 -98.6565 -13.5362 107.8049 -0.8238 -0.4008 0.4010 -1.5385 1.1504
38 -118.5857 -17.4402 75.5801 -0.9299 -0.0514 0.3643 -1.8136 0.4946
fireeffect.jpg
38 -98.6565 -13.5362 107.8049 -0.8238 -0.4008 0.4010 -1.5385 1.1504
38 -103.7696 -34.9548 69.0927 -0.1730 -0.9422 0.2869 -1.5026 0.3823
38 -88.0449 -24.8593 101.6269 -0.2448 -0.9504 0.1918 -1.2246 1.0064
fireeffect.jpg
38 -84.8915 -29.7771 58.4824 0.5614 -0.8275 -0.0059 -1.1341 0.3691
38 -88.0449 -24.8593 101.6269 -0.2448 -0.9504 0.1918 -1.2246 1.0064
38 -103.7696 -34.9548 69.0927 -0.1730 -0.9422 0.2869 -1.5026 0.3823
fireeffect.jpg
38 -88.0449 -24.8593 101.6269 -0.2448 -0.9504 0.1918 -1.2246 1.0064
38 -84.8915 -29.7771 58.4824 0.5614 -0.8275 -0.0059 -1.1341 0.3691
38 -75.2641 -27.1796 101.1982 0.7040 -0.6944 -0.1491 -0.8635 1.0008
fireeffect.jpg
38 -78.1862 -16.0335 56.3398 0.9837 0.0689 -0.1660 -0.6090 0.3717
38 -75.2641 -27.1796 101.1982 0.7040 -0.6944 -0.1491 -0.9430 1.0406
38 -84.8915 -29.7771 58.4824 0.5614 -0.8275 -0.0059 -0.9750 0.3691
fireeffect.jpg
38 -75.2641 -27.1796 101.1982 0.7040 -0.6944 -0.1491 -0.9430 1.0406
38 -78.1862 -16.0335 56.3398 0.9837 0.0689 -0.1660 -0.6090 0.3717
38 -69.7072 -11.4864 101.9624 0.9459 0.2363 -0.2225 -0.6264 1.0462
fireeffect.jpg
38 -91.2022 -2.6615 53.3382 0.3750 0.9194 -0.1188 -1.0541 0.3100
38 -69.7072 -11.4864 101.9624 0.9459 0.2363 -0.2225 -0.6264 1.0462
38 -78.1862 -16.0335 56.3398 0.9837 0.0689 -0.1660 -0.6090 0.3717
fireeffect.jpg
38 -69.7072 -11.4864 101.9624 0.9459 0.2363 -0.2225 -0.6264 1.0462
38 -91.2022 -2.6615 53.3382 0.3750 0.9194 -0.1188 -1.0541 0.3100
38 -78.6910 4.2894 100.6408 0.1656 0.9790 -0.1188 -0.9940 1.0734
fireeffect.jpg
38 -118.8690 -7.6122 20.6388 -0.4909 0.7760 -0.3960 -1.5854 -0.3301
38 -91.2022 -2.6615 53.3382 0.3750 0.9194 -0.1188 -1.0541 0.3100
38 -91.7847 -0.0632 24.5451 0.4860 0.8066 -0.3364 -1.0030 -0.1980
fireeffect.jpg
38 -91.2022 -2.6615 53.3382 0.3750 0.9194 -0.1188 -1.0541 0.3100
38 -118.8690 -7.6122 20.6388 -0.4909 0.7760 -0.3960 -1.5854 -0.3301
38 -107.0019 -1.5316 65.2024 -0.4971 0.8647 0.0718 -1.4006 0.3652
fireeffect.jpg
38 -129.2211 -23.3180 24.9922 -0.9471 0.1066 -0.3027 -1.7565 -0.3629
38 -107.0019 -1.5316 65.2024 -0.4971 0.8647 0.0718 -1.4006 0.3652
38 -118.8690 -7.6122 20.6388 -0.4909 0.7760 -0.3960 -1.5854 -0.3301
fireeffect.jpg
38 -107.0019 -1.5316 65.2024 -0.4971 0.8647 0.0718 -1.4006 0.3652
38 -129.2211 -23.3180 24.9922 -0.9471 0.1066 -0.3027 -1.7565 -0.3629
38 -118.5857 -17.4402 75.5801 -0.9299 -0.0514 0.3643 -1.8136 0.4946
fireeffect.jpg
38 -111.4808 -42.8359 19.2125 -0.4697 -0.8390 -0.2747 -1.2793 -0.4273
38 -118.5857 -17.4402 75.5801 -0.9299 -0.0514 0.3643 -1.8136 0.4946
38 -129.2211 -23.3180 24.9922 -0.9471 0.1066 -0.3027 -1.7565 -0.3629
fireeffect.jpg
38 -118.5857 -17.4402 75.5801 -0.9299 -0.0514 0.3643 -1.8136 0.4946
38 -111.4808 -42.8359 19.2125 -0.4697 -0.8390 -0.2747 -1.2793 -0.4273
38 -103.7696 -34.9548 69.0927 -0.1730 -0.9422 0.2869 -1.5026 0.3823
fireeffect.jpg
38 -99.8391 -40.1699 16.5303 0.3957 -0.8471 -0.3548 -1.0960 -0.4251
38 -103.7696 -34.9548 69.0927 -0.1730 -0.9422 0.2869 -1.5026 0.3823
38 -111.4808 -42.8359 19.2125 -0.4697 -0.8390 -0.2747 -1.2793 -0.4273
fireeffect.jpg
38 -103.7696 -34.9548 69.0927 -0.1730 -0.9422 0.2869 -1.5026 0.3823
38 -99.8391 -40.1699 16.5303 0.3957 -0.8471 -0.3548 -1.0960 -0.4251
38 -84.8915 -29.7771 58.4824 0.5614 -0.8275 -0.0059 -1.1341 0.3691
fireeffect.jpg
38 -88.5181 -26.8771 14.7403 0.8305 -0.1531 -0.5355 -0.5494 -0.3760
38 -84.8915 -29.7771 58.4824 0.5614 -0.8275 -0.0059 -0.9750 0.3691
38 -99.8391 -40.1699 16.5303 0.3957 -0.8471 -0.3548 -1.0960 -0.4251
fireeffect.jpg
38 -84.8915 -29.7771 58.4824 0.5614 -0.8275 -0.0059 -0.9750 0.3691
38 -88.5181 -26.8771 14.7403 0.8305 -0.1531 -0.5355 -0.5494 -0.3760
38 -78.1862 -16.0335 56.3398 0.9837 0.0689 -0.1660 -0.6090 0.3717
fireeffect.jpg
38 -91.7847 -0.0632 24.5451 0.4860 0.8066 -0.3364 -1.0030 -0.1980
38 -78.1862 -16.0335 56.3398 0.9837 0.0689 -0.1660 -0.6090 0.3717
38 -88.5181 -26.8771 14.7403 0.8305 -0.1531 -0.5355 -0.5494 -0.3760
fireeffect.jpg
38 -78.1862 -16.0335 56.3398 0.9837 0.0689 -0.1660 -0.6090 0.3717
38 -91.7847 -0.0632 24.5451 0.4860 0.8066 -0.3364 -1.0030 -0.1980
38 -91.2022 -2.6615 53.3382 0.3750 0.9194 -0.1188 -1.0541 0.3100
fireeffect.jpg
38 -102.5010 -10.5791 8.8321 0.1696 0.5206 -0.8368 -1.1121 -0.5085
38 -91.7847 -0.0632 24.5451 0.4860 0.8066 -0.3364 -1.0030 -0.1980
38 -88.5181 -26.8771 14.7403 0.8305 -0.1531 -0.5355 -0.9208 -0.3914
fireeffect.jpg
38 -102.5010 -10.5791 8.8321 0.1696 0.5206 -0.8368 -1.1121 -0.5085
38 -102.7190 -22.7554 5.0373 -0.1567 -0.1318 -0.9788 -1.1024 -0.5917
38 -118.8690 -7.6122 20.6388 -0.4909 0.7760 -0.3960 -1.5854 -0.3301
fireeffect.jpg
38 -118.8690 -7.6122 20.6388 -0.4909 0.7760 -0.3960 -1.5854 -0.3301
38 -102.7190 -22.7554 5.0373 -0.1567 -0.1318 -0.9788 -1.1024 -0.5917
38 -129.2211 -23.3180 24.9922 -0.9471 0.1066 -0.3027 -1.7565 -0.3629
fireeffect.jpg
38 -129.2211 -23.3180 24.9922 -0.9471 0.1066 -0.3027 -1.7565 -0.3629
38 -102.7190 -22.7554 5.0373 -0.1567 -0.1318 -0.9788 -1.1024 -0.5917
38 -111.4808 -42.8359 19.2125 -0.4697 -0.8390 -0.2747 -1.2793 -0.4273
fireeffect.jpg
38 -111.4808 -42.8359 19.2125 -0.4697 -0.8390 -0.2747 -1.2793 -0.4273
38 -102.7190 -22.7554 5.0373 -0.1567 -0.1318 -0.9788 -1.1024 -0.5917
38 -99.8391 -40.1699 16.5303 0.3957 -0.8471 -0.3548 -1.0960 -0.4251
fireeffect.jpg
38 -99.8391 -40.1699 16.5303 0.3957 -0.8471 -0.3548 -1.0960 -0.4251
38 -102.7190 -22.7554 5.0373 -0.1567 -0.1318 -0.9788 -1.1024 -0.5917
38 -88.5181 -26.8771 14.7403 0.8305 -0.1531 -0.5355 -0.9208 -0.3914
fireeffect.jpg
38 -88.5181 -26.8771 14.7403 0.8305 -0.1531 -0.5355 -0.9208 -0.3914
38 -102.7190 -22.7554 5.0373 -0.1567 -0.1318 -0.9788 -1.1024 -0.5917
38 -102.5010 -10.5791 8.8321 0.1696 0.5206 -0.8368 -1.1121 -0.5085
fireeffect.jpg
38 -118.8690 -7.6122 20.6388 -0.4909 0.7760 -0.3960 -1.5854 -0.3301
38 -91.7847 -0.0632 24.5451 0.4860 0.8066 -0.3364 -1.0030 -0.1980
38 -102.5010 -10.5791 8.8321 0.1696 0.5206 -0.8368 -1.1121 -0.5085
fireeffect.jpg
36 -92.9297 0.7625 117.6585 -0.4096 0.9004 0.1468 -1.1607 1.2327
38 -78.6910 4.2894 100.6408 0.1656 0.9790 -0.1188 -0.9940 1.0734
38 -93.7402 -2.9815 103.9283 -0.7394 0.6604 0.1307 -1.3185 1.0611
fireeffect.jpg
38 -78.6910 4.2894 100.6408 0.1656 0.9790 -0.1188 -0.9940 1.0734
36 -92.9297 0.7625 117.6585 -0.4096 0.9004 0.1468 -1.1607 1.2327
36 -73.1162 1.8705 112.6643 0.7354 0.6777 -0.0007 -0.8735 1.2533
fireeffect.jpg
36 -97.2315 -12.9203 115.5386 -0.9853 -0.0727 0.1545 -1.5513 1.3487
38 -93.7402 -2.9815 103.9283 -0.7394 0.6604 0.1307 -1.3185 1.0611
38 -98.6565 -13.5362 107.8049 -0.8238 -0.4008 0.4010 -1.5385 1.1504
fireeffect.jpg
38 -93.7402 -2.9815 103.9283 -0.7394 0.6604 0.1307 -1.3185 1.0611
36 -97.2315 -12.9203 115.5386 -0.9853 -0.0727 0.1545 -1.5513 1.3487
36 -92.9297 0.7625 117.6585 -0.4096 0.9004 0.1468 -1.1607 1.2327
fireeffect.jpg
36 -84.8161 -24.7301 108.3757 -0.5438 -0.8384 0.0354 -1.1509 1.2379
38 -98.6565 -13.5362 107.8049 -0.8238 -0.4008 0.4010 -1.5385 1.1504
38 -88.0449 -24.8593 101.6269 -0.2448 -0.9504 0.1918 -1.2246 1.0064
fireeffect.jpg
38 -98.6565 -13.5362 107.8049 -0.8238 -0.4008 0.4010 -1.5385 1.1504
36 -84.8161 -24.7301 108.3757 -0.5438 -0.8384 0.0354 -1.1509 1.2379
36 -97.2315 -12.9203 115.5386 -0.9853 -0.0727 0.1545 -1.5513 1.3487
fireeffect.jpg
36 -73.6739 -27.7729 106.1082 0.2532 -0.9469 -0.1981 -0.8647 1.2416
38 -88.0449 -24.8593 101.6269 -0.2448 -0.9504 0.1918 -1.2246 1.0064
38 -75.2641 -27.1796 101.1982 0.7040 -0.6944 -0.1491 -0.8635 1.0008
fireeffect.jpg
38 -88.0449 -24.8593 101.6269 -0.2448 -0.9504 0.1918 -1.2246 1.0064
36 -73.6739 -27.7729 106.1082 0.2532 -0.9469 -0.1981 -0.8647 1.2416
36 -84.8161 -24.7301 108.3757 -0.5438 -0.8384 0.0354 -1.1509 1.2379
fireeffect.jpg
36 -68.4758 -10.5458 109.9556 0.9793 -0.0545 -0.1951 -0.6887 1.2341
38 -75.2641 -27.1796 101.1982 0.7040 -0.6944 -0.1491 -0.9430 1.0406
38 -69.7072 -11.4864 101.9624 0.9459 0.2363 -0.2225 -0.6264 1.0462
fireeffect.jpg
38 -75.2641 -27.1796 101.1982 0.7040 -0.6944 -0.1491 -0.9430 1.0406
36 -68.4758 -10.5458 109.9556 0.9793 -0.0545 -0.1951 -0.6887 1.2341
36 -73.6739 -27.7729 106.1082 0.2532 -0.9469 -0.1981 -0.9424 1.2683
fireeffect.jpg
36 -73.1162 1.8705 112.6643 0.7354 0.6777 -0.0007 -0.8735 1.2533
38 -69.7072 -11.4864 101.9624 0.9459 0.2363 -0.2225 -0.6264 1.0462
38 -78.6910 4.2894 100.6408 0.1656 0.9790 -0.1188 -0.9940 1.0734
fireeffect.jpg
38 -69.7072 -11.4864 101.9624 0.9459 0.2363 -0.2225 -0.6264 1.0462
36 -73.1162 1.8705 112.6643 0.7354 0.6777 -0.0007 -0.8735 1.2533
36 -68.4758 -10.5458 109.9556 0.9793 -0.0545 -0.1951 -0.6887 1.2341
fireeffect.jpg
48 0.7616 -62.0392 147.3605 -0.2854 -0.9576 0.0384 0.0406 0.5476
48 9.8048 -64.7685 138.3747 0.1662 -0.9850 0.0458 0.1100 0.4886
48 8.8395 -64.0301 157.7559 0.1776 -0.9810 0.0786 0.1100 0.6079
fireeffect.jpg
48 8.8395 -64.0301 157.7559 0.1776 -0.9810 0.0786 0.1100 0.6079
48 9.8048 -64.7685 138.3747 0.1662 -0.9850 0.0458 0.1100 0.4886
48 16.8282 -59.2107 147.9111 0.6028 -0.7913 0.1018 0.1740 0.5425
stonegolem.jpg
4 43.2197 -48.6607 -0.2181 -0.0029 -0.0010 -1.0000 0.5034 0.0488
4 31.4932 -39.4159 -0.1941 -0.0029 -0.0010 -1.0000 0.4916 0.1095
4 18.7106 -4.2937 -0.1940 -0.0029 -0.0010 -1.0000 0.5171 0.1450
stonegolem.jpg
4 53.1967 -50.3195 0.6855 0.4600 -0.7722 -0.4384 0.5345 0.0285
4 43.2197 -48.6607 -0.2181 0.0992 0.0553 -0.9935 0.5034 0.0488
4 18.7106 -4.2937 -0.1940 0.0992 0.0553 -0.9935 0.5171 0.1450
stonegolem.jpg
4 18.7106 -4.2937 -0.1940 0.0010 0.0074 -1.0000 0.5171 0.1450
4 45.7947 9.9129 -0.0617 0.0010 0.0074 -1.0000 0.5999 0.1515
4 68.9009 -11.2908 -0.1938 0.0010 0.0074 -1.0000 0.6411 0.0748
stonegolem.jpg
4 68.9009 -11.2908 -0.1938 -0.0952 -0.0122 -0.9954 0.6411 0.0748
4 71.2946 -28.0625 -0.2179 -0.0952 -0.0122 -0.9954 0.6140 0.0312
4 68.5794 -37.4628 0.1565 -0.0952 -0.0122 -0.9954 0.5961 0.0232
stonegolem.jpg
4 18.7106 -4.2937 -0.1940 -0.0019 -0.0134 -0.9999 0.5171 0.1450
4 68.9009 -11.2908 -0.1938 -0.0019 -0.0134 -0.9999 0.6411 0.0748
4 68.5794 -37.4628 0.1565 -0.0594 0.0429 -0.9973 0.5961 0.0232
stonegolem.jpg
4 53.1967 -50.3195 0.6855 -0.0113 -0.0276 -0.9996 0.5345 0.0285
4 18.7106 -4.2937 -0.1940 -0.0113 -0.0276 -0.9996 0.5171 0.1450
4 68.5794 -37.4628 0.1565 0.6857 -0.3760 -0.6232 0.5911 0.0210
stonegolem.jpg
4 64.0341 -46.5708 -0.2182 -0.1166 0.0988 -0.9883 0.5643 0.0090
4 53.1967 -50.3195 0.6855 -0.2270 -0.6900 -0.6873 0.5345 0.0285
4 68.5794 -37.4628 0.1565 -0.0594 0.0429 -0.9973 0.5911 0.0210
stonegolem.jpg
3 58.1630 -26.1726 59.0929 0.4303 0.4670 0.7725 0.6272 0.3084
3 64.3551 -23.5684 54.0697 0.4303 0.4670 0.7725 0.6287 0.2886
3 41.3636 -0.8918 53.1677 0.4303 0.4670 0.7725 0.7262 0.2627
stonegolem.jpg
3 41.3636 -0.8918 53.1677 0.3390 0.4223 0.8407 0.7262 0.2627
3 38.3758 -7.9422 57.9140 0.3390 0.4223 0.8407 0.7315 0.3034
3 58.1630 -26.1726 59.0929 0.3390 0.4223 0.8407 0.6272 0.3084
stonegolem.jpg
3 38.3758 -7.9422 57.9140 -0.6149 0.6028 0.5084 0.3639 0.3034
3 41.3636 -0.8918 53.1677 -0.6149 0.6028 0.5084 0.3586 0.2627
3 17.7018 -18.9446 45.9551 -0.6149 0.6028 0.5084 0.4422 0.2617
stonegolem.jpg
3 17.7018 -18.9446 45.9551 -0.3920 -0.2312 0.8904 0.4422 0.2617
3 34.6382 -29.0955 50.7750 -0.3920 -0.2312 0.8904 0.4536 0.3039
3 38.3758 -7.9422 57.9140 -0.3920 -0.2312 0.8904 0.3639 0.3034
stonegolem.jpg
3 34.6382 -29.0955 50.7750 -0.3964 -0.2407 0.8860 0.4536 0.3039
3 17.7018 -18.9446 45.9551 -0.3964 -0.2407 0.8860 0.4422 0.2617
3 24.4618 -42.6746 42.5337 -0.3964 -0.2407 0.8860 0.4953 0.2733
stonegolem.jpg
3 24.4618 -42.6746 42.5337 -0.8389 0.4144 0.3529 0.4953 0.2733
3 28.1251 -39.6473 47.6855 -0.8389 0.4144 0.3529 0.4898 0.2989
3 34.6382 -29.0955 50.7750 -0.6607 0.1081 0.7428 0.4536 0.3039
stonegolem.jpg
3 52.9483 -39.2497 24.7818 0.8085 -0.5885 0.0002 0.5581 0.1997
3 70.3925 -15.2804 36.1502 0.8085 -0.5885 0.0002 0.6335 0.2189
3 64.3551 -23.5684 54.0697 0.8085 -0.5885 0.0002 0.6287 0.2886
stonegolem.jpg
3 64.3551 -23.5684 54.0697 0.8084 -0.5886 0.0003 0.6287 0.2886
3 50.3176 -42.8563 38.9912 0.8084 -0.5886 0.0003 0.5577 0.2550
3 52.9483 -39.2497 24.7818 0.8084 -0.5886 0.0003 0.5581 0.1997
stonegolem.jpg
3 70.3925 -15.2804 36.1502 0.6086 0.5384 0.5829 0.6335 0.2189
3 43.1666 12.6833 38.7476 0.6086 0.5384 0.5829 0.7224 0.1978
3 41.3636 -0.8918 53.1677 0.6086 0.5384 0.5829 0.7262 0.2627
stonegolem.jpg
3 41.3636 -0.8918 53.1677 0.6009 0.6289 0.4933 0.7262 0.2627
3 64.3551 -23.5684 54.0697 0.6009 0.6289 0.4933 0.6287 0.2886
3 70.3925 -15.2804 36.1502 0.6009 0.6289 0.4933 0.6335 0.2189
stonegolem.jpg
3 41.3636 -0.8918 53.1677 -0.6311 0.6026 0.4884 0.3586 0.2627
3 43.1666 12.6833 38.7476 -0.6311 0.6026 0.4884 0.3548 0.1978
3 16.0422 -12.4127 34.6646 -0.6311 0.6026 0.4884 0.4321 0.2107
stonegolem.jpg
3 16.0422 -12.4127 34.6646 -0.6232 0.6337 0.4582 0.4321 0.2107
3 17.7018 -18.9446 45.9551 -0.6232 0.6337 0.4582 0.4422 0.2617
3 41.3636 -0.8918 53.1677 -0.6232 0.6337 0.4582 0.3586 0.2627
stonegolem.jpg
3 26.3270 -37.0406 23.8751 -0.9539 -0.2472 -0.1700 0.4905 0.2039
3 24.4618 -42.6746 42.5337 -0.9539 -0.2472 -0.1700 0.4953 0.2733
3 17.7018 -18.9446 45.9551 -0.9539 -0.2472 -0.1700 0.4422 0.2617
stonegolem.jpg
3 17.7018 -18.9446 45.9551 -0.9311 -0.3580 -0.0703 0.4422 0.2617
3 16.0422 -12.4127 34.6646 -0.9311 -0.3580 -0.0703 0.4321 0.2107
3 26.3270 -37.0406 23.8751 -0.9311 -0.3580 -0.0703 0.4905 0.2039
stonegolem.jpg
3 26.3270 -37.0406 23.8751 -0.0712 -0.9636 -0.2578 0.4905 0.2039
3 52.9483 -39.2497 24.7818 -0.0712 -0.9636 -0.2578 0.5581 0.1997
3 50.3176 -42.8563 38.9912 -0.0712 -0.9636 -0.2578 0.5577 0.2550
stonegolem.jpg
3 50.3176 -42.8563 38.9912 -0.0469 -0.9550 -0.2930 0.5577 0.2550
3 24.4618 -42.6746 42.5337 -0.0469 -0.9550 -0.2930 0.4953 0.2733
3 26.3270 -37.0406 23.8751 -0.0469 -0.9550 -0.2930 0.4905 0.2039
stonegolem.jpg
3 28.1251 -39.6473 47.6855 0.0588 -0.8784 0.4743 0.4898 0.2989
3 24.4618 -42.6746 42.5337 0.0588 -0.8784 0.4743 0.4953 0.2733
3 50.3176 -42.8563 38.9912 0.0588 -0.8784 0.4743 0.5577 0.2550
stonegolem.jpg
3 50.3176 -42.8563 38.9912 0.5956 -0.7169 0.3625 0.5577 0.2550
3 64.3551 -23.5684 54.0697 0.5956 -0.7169 0.3625 0.6287 0.2886
3 58.1630 -26.1726 59.0929 0.5956 -0.7169 0.3625 0.6272 0.3084
stonegolem.jpg
3 58.1630 -26.1726 59.0929 0.9432 -0.3145 -0.1071 0.6272 0.3084
3 54.3886 -36.2337 55.3952 0.9432 -0.3145 -0.1071 0.5881 0.3062
3 50.3176 -42.8563 38.9912 0.9432 -0.3145 -0.1071 0.5577 0.2550
stonegolem.jpg
3 70.3925 -15.2804 36.1502 0.8027 -0.3579 -0.4771 0.6304 0.1528
3 52.9483 -39.2497 24.7818 0.8027 -0.3579 -0.4771 0.6335 0.2189
3 51.7003 -34.4469 19.0797 0.8027 -0.3579 -0.4771 0.5581 0.1997
stonegolem.jpg
3 70.3925 -15.2804 36.1502 0.8068 -0.3972 -0.4374 0.6304 0.1528
3 51.7003 -34.4469 19.0797 0.8068 -0.3972 -0.4374 0.5581 0.1997
3 56.6177 -24.1433 18.7930 0.8068 -0.3972 -0.4374 0.5555 0.1614
stonegolem.jpg
3 68.2513 -8.2707 16.2568 0.7491 -0.5954 -0.2904 0.6029 0.1614
3 70.3925 -15.2804 36.1502 0.7491 -0.5954 -0.2904 0.6304 0.1528
3 56.6177 -24.1433 18.7930 0.7491 -0.5954 -0.2904 0.5555 0.1614
stonegolem.jpg
3 68.2513 -8.2707 16.2568 0.7365 0.6761 -0.0217 0.6304 0.1528
3 45.3640 16.6979 17.3436 0.7365 0.6761 -0.0217 0.7245 0.1303
3 43.1666 12.6833 38.7476 0.7268 0.6576 0.1980 0.7224 0.1978
stonegolem.jpg
3 43.1666 12.6833 38.7476 0.7144 0.6805 0.1629 0.7224 0.1978
3 70.3925 -15.2804 36.1502 0.7144 0.6805 0.1629 0.6335 0.2189
3 68.2513 -8.2707 16.2568 0.7144 0.6805 0.1629 0.6304 0.1528
stonegolem.jpg
3 43.1666 12.6833 38.7476 -0.5896 0.8027 0.0900 0.3548 0.1978
3 45.3640 16.6979 17.3436 -0.5266 0.8406 -0.1264 0.3569 0.1303
3 16.8510 -3.6049 11.6418 -0.5896 0.8027 0.0900 0.4401 0.1336
stonegolem.jpg
3 16.8510 -3.6049 11.6418 -0.6313 0.7737 0.0544 0.4401 0.1336
3 16.0422 -12.4127 34.6646 -0.6784 0.6939 0.2416 0.4321 0.2107
3 43.1666 12.6833 38.7476 -0.6784 0.6939 0.2416 0.3548 0.1978
stonegolem.jpg
4 18.7106 -4.2937 -0.1940 -0.9275 -0.3375 0.1608 0.5326 0.5682
4 31.4932 -39.4159 -0.1941 -0.9275 -0.3375 0.1608 0.5504 0.5072
3 30.1680 -32.7154 6.2279 -0.9275 -0.3375 0.1608 0.5707 0.5253
stonegolem.jpg
4 45.6471 -48.2743 6.9143 -0.1220 -0.6786 0.7243 0.6588 0.5057
4 53.1967 -50.3195 0.6855 0.4600 -0.7722 -0.4384 0.6703 0.4908
4 64.0341 -46.5708 -0.2182 0.3041 -0.7324 0.6091 0.7038 0.5070
stonegolem.jpg
4 64.0341 -46.5708 -0.2182 0.1874 -0.9481 0.2568 0.7038 0.5070
4 63.0516 -43.9756 10.0814 0.1874 -0.9481 0.2568 0.6863 0.5179
4 45.6471 -48.2743 6.9143 0.1874 -0.9481 0.2568 0.6588 0.5057
stonegolem.jpg
4 45.6471 -48.2743 6.9143 -0.3242 -0.8124 0.4846 0.6206 0.4954
4 43.2197 -48.6607 -0.2181 -0.1728 -0.9786 0.1118 0.6230 0.4721
4 53.1967 -50.3195 0.6855 -0.2270 -0.6900 -0.6873 0.6585 0.4861
stonegolem.jpg
4 68.5794 -37.4628 0.1565 0.9608 -0.2769 0.0153 0.7098 0.5477
4 71.2946 -28.0625 -0.2179 0.9608 -0.2769 0.0153 0.7166 0.5781
4 70.4445 -30.6407 6.5234 0.8420 -0.3112 0.4406 0.6942 0.5716
stonegolem.jpg
4 68.9009 -11.2908 -0.1938 0.9959 0.0875 0.0233 0.6821 0.6277
3 68.2513 -8.2707 16.2568 0.9959 0.0875 0.0233 0.6622 0.6147
4 70.4445 -30.6407 6.5234 0.9959 0.0875 0.0233 0.6942 0.5716
stonegolem.jpg
4 70.4445 -30.6407 6.5234 0.9653 -0.1591 0.2072 0.6942 0.5716
4 71.2946 -28.0625 -0.2179 0.9746 0.1388 0.1760 0.7166 0.5781
4 68.9009 -11.2908 -0.1938 0.9746 0.1388 0.1760 0.6821 0.6277
stonegolem.jpg
3 68.2513 -8.2707 16.2568 0.5581 -0.2845 0.7795 0.6622 0.6147
3 56.6177 -24.1433 18.7930 0.5581 -0.2845 0.7795 0.6428 0.5754
4 70.4445 -30.6407 6.5234 0.8420 -0.3112 0.4406 0.6923 0.5484
stonegolem.jpg
3 41.5731 -34.2624 13.7208 -0.5240 -0.4906 0.6963 0.5989 0.5332
3 30.1680 -32.7154 6.2279 -0.5240 -0.4906 0.6963 0.5707 0.5253
4 45.6471 -48.2743 6.9143 -0.1220 -0.6786 0.7243 0.6206 0.4954
stonegolem.jpg
3 30.1680 -32.7154 6.2279 -0.5083 -0.6462 0.5693 0.5707 0.5253
4 31.4932 -39.4159 -0.1941 -0.5083 -0.6462 0.5693 0.5504 0.5072
4 43.2197 -48.6607 -0.2181 -0.5083 -0.6462 0.5693 0.6230 0.4721
stonegolem.jpg
4 43.2197 -48.6607 -0.2181 -0.6884 -0.6729 0.2707 0.6230 0.4721
4 45.6471 -48.2743 6.9143 -0.6884 -0.6729 0.2707 0.6206 0.4954
3 30.1680 -32.7154 6.2279 -0.6884 -0.6729 0.2707 0.5707 0.5253
stonegolem.jpg
3 30.1680 -32.7154 6.2279 -0.9252 -0.2692 -0.2674 0.5046 0.1472
3 26.3270 -37.0406 23.8751 -0.9252 -0.2692 -0.2674 0.4905 0.2039
3 16.0422 -12.4127 34.6646 -0.9252 -0.2692 -0.2674 0.4321 0.2107
stonegolem.jpg
3 16.0422 -12.4127 34.6646 -0.9070 -0.3818 -0.1779 0.4321 0.2107
3 16.8510 -3.6049 11.6418 -0.9094 -0.3883 -0.1491 0.4401 0.1336
3 30.1680 -32.7154 6.2279 -0.9094 -0.3883 -0.1491 0.5046 0.1472
stonegolem.jpg
3 68.2513 -8.2707 16.2568 0.6718 0.7328 -0.1080 0.6622 0.6147
4 68.9009 -11.2908 -0.1938 0.6718 0.7328 -0.1080 0.6821 0.6277
4 45.7947 9.9129 -0.0617 0.6718 0.7328 -0.1080 0.5815 0.6489
stonegolem.jpg
3 51.7003 -34.4469 19.0797 -0.4141 -0.4923 0.7656 0.6311 0.5475
3 41.5731 -34.2624 13.7208 -0.4141 -0.4923 0.7656 0.5989 0.5332
4 45.6471 -48.2743 6.9143 -0.3242 -0.8124 0.4846 0.6588 0.5057
stonegolem.jpg
4 45.6471 -48.2743 6.9143 0.0295 -0.6675 0.7440 0.6588 0.5057
4 63.0516 -43.9756 10.0814 0.0295 -0.6675 0.7440 0.6863 0.5179
3 51.7003 -34.4469 19.0797 0.0295 -0.6675 0.7440 0.6311 0.5475
stonegolem.jpg
4 63.0516 -43.9756 10.0814 0.6203 -0.1379 0.7721 0.6863 0.5179
4 70.4445 -30.6407 6.5234 0.6203 -0.1379 0.7721 0.6899 0.5361
3 56.6177 -24.1433 18.7930 0.6203 -0.1379 0.7721 0.6428 0.5754
stonegolem.jpg
3 56.6177 -24.1433 18.7930 0.4921 -0.2113 0.8445 0.6428 0.5754
3 51.7003 -34.4469 19.0797 0.4921 -0.2113 0.8445 0.6311 0.5475
4 63.0516 -43.9756 10.0814 0.4921 -0.2113 0.8445 0.6863 0.5179
stonegolem.jpg
4 64.0341 -46.5708 -0.2182 0.8692 -0.4428 0.2199 0.7038 0.5070
4 68.5794 -37.4628 0.1565 0.6857 -0.3760 -0.6232 0.7078 0.5356
4 70.4445 -30.6407 6.5234 0.9653 -0.1591 0.2072 0.6899 0.5361
stonegolem.jpg
4 70.4445 -30.6407 6.5234 0.8790 -0.4357 0.1936 0.6899 0.5361
4 63.0516 -43.9756 10.0814 0.8790 -0.4357 0.1936 0.6863 0.5179
4 64.0341 -46.5708 -0.2182 0.8790 -0.4357 0.1936 0.7038 0.5070
stonegolem.jpg
3 41.5731 -34.2624 13.7208 0.3311 -0.6848 -0.6492 0.5106 0.1490
3 51.7003 -34.4469 19.0797 0.3311 -0.6848 -0.6492 0.5110 0.1494
3 52.9483 -39.2497 24.7818 0.3311 -0.6848 -0.6492 0.5555 0.1614
stonegolem.jpg
3 41.5731 -34.2624 13.7208 -0.0654 -0.9331 -0.3535 0.5106 0.1490
3 52.9483 -39.2497 24.7818 -0.0654 -0.9331 -0.3535 0.5555 0.1614
3 26.3270 -37.0406 23.8751 -0.0654 -0.9331 -0.3535 0.5581 0.1997
stonegolem.jpg
3 41.5731 -34.2624 13.7208 0.0216 -0.9721 -0.2336 0.5106 0.1490
3 26.3270 -37.0406 23.8751 0.0216 -0.9721 -0.2336 0.5581 0.1997
3 30.1680 -32.7154 6.2279 0.0216 -0.9721 -0.2336 0.4905 0.2039
stonegolem.jpg
3 58.1630 -26.1726 59.0929 -0.2933 -0.2588 0.9203 0.3489 0.4090
3 38.3758 -7.9422 57.9140 -0.2933 -0.2588 0.9203 0.3042 0.4687
3 34.6382 -29.0955 50.7750 -0.2933 -0.2588 0.9203 0.2765 0.4068
stonegolem.jpg
3 38.3758 -7.9422 57.9140 -0.3920 -0.2312 0.8904 0.3639 0.3034
3 17.7018 -18.9446 45.9551 -0.3920 -0.2312 0.8904 0.4422 0.2617
3 34.6382 -29.0955 50.7750 -0.3920 -0.2312 0.8904 0.4422 0.2617
stonegolem.jpg
3 17.7018 -18.9446 45.9551 0.3920 0.2312 -0.8904 0.4422 0.2617
3 38.3758 -7.9422 57.9140 0.3920 0.2312 -0.8904 0.3639 0.3034
3 34.6382 -29.0955 50.7750 0.3920 0.2312 -0.8904 0.3639 0.3034
stonegolem.jpg
3 28.1251 -39.6473 47.6855 0.2767 -0.4234 0.8626 0.2495 0.3801
3 50.3176 -42.8563 38.9912 0.2767 -0.4234 0.8626 0.3028 0.3438
3 34.6382 -29.0955 50.7750 0.2767 -0.4234 0.8626 0.2765 0.4068
stonegolem.jpg
3 54.3886 -36.2337 55.3952 -0.2992 -0.2282 0.9265 0.3321 0.3777
3 58.1630 -26.1726 59.0929 -0.2992 -0.2282 0.9265 0.3489 0.4090
3 34.6382 -29.0955 50.7750 -0.6607 0.1081 0.7428 0.2765 0.4068
stonegolem.jpg
3 50.3176 -42.8563 38.9912 -0.3940 -0.8142 0.4265 0.3028 0.3438
3 54.3886 -36.2337 55.3952 -0.3940 -0.8142 0.4265 0.3321 0.3777
3 34.6382 -29.0955 50.7750 -0.3940 -0.8142 0.4265 0.2765 0.4068
stonegolem.jpg
3 68.2513 -8.2707 16.2568 0.7365 0.6761 -0.0217 0.6304 0.1528
4 45.7947 9.9129 -0.0617 0.7103 0.6616 -0.2403 0.7255 0.0985
3 45.3640 16.6979 17.3436 0.7365 0.6761 -0.0217 0.7245 0.1303
stonegolem.jpg
3 45.3640 16.6979 17.3436 -0.5266 0.8406 -0.1264 0.3569 0.1303
4 45.7947 9.9129 -0.0617 -0.4362 0.8347 -0.3362 0.3579 0.0985
4 18.7106 -4.2937 -0.1940 -0.4362 0.8347 -0.3362 0.4437 0.0981
stonegolem.jpg
4 18.7106 -4.2937 -0.1940 -0.5566 0.8197 -0.1352 0.4437 0.0981
3 16.8510 -3.6049 11.6418 -0.6313 0.7737 0.0544 0.4401 0.1336
3 45.3640 16.6979 17.3436 -0.5566 0.8197 -0.1352 0.3569 0.1303
stonegolem.jpg
3 16.8510 -3.6049 11.6418 -0.9094 -0.3883 -0.1491 0.4401 0.1336
4 18.7106 -4.2937 -0.1940 -0.9110 -0.3944 -0.1202 0.4437 0.0981
3 30.1680 -32.7154 6.2279 -0.9094 -0.3883 -0.1491 0.5046 0.1472
stonegolem.jpg
11 -42.4308 -16.3875 -0.8944 0.0025 -0.0018 -1.0000 0.5034 0.0488
11 -8.8935 21.6260 -0.8798 0.0025 -0.0018 -1.0000 0.5171 0.1450
11 -28.9775 -9.9005 -0.8726 0.0025 -0.0018 -1.0000 0.4916 0.1095
stonegolem.jpg
11 -52.5341 -15.8461 0.0104 -0.6161 -0.6544 -0.4384 0.5345 0.0285
11 -8.8935 21.6260 -0.8798 -0.0849 0.0753 -0.9935 0.5171 0.1450
11 -42.4308 -16.3875 -0.8944 -0.0849 0.0753 -0.9935 0.5034 0.0488
stonegolem.jpg
11 -8.8935 21.6260 -0.8798 0.0005 0.0072 -1.0000 0.5171 0.1450
11 -59.4272 25.6661 -0.8754 0.0005 0.0072 -1.0000 0.6411 0.0748
11 -32.2720 41.3653 -0.7485 0.0005 0.0072 -1.0000 0.5999 0.1515
stonegolem.jpg
11 -59.4272 25.6661 -0.8754 0.0902 -0.0326 -0.9954 0.6411 0.0748
11 -64.7762 0.0404 -0.5202 0.0902 -0.0326 -0.9954 0.5961 0.0232
11 -65.3940 9.8076 -0.8963 0.0902 -0.0326 -0.9954 0.6140 0.0312
stonegolem.jpg
11 -8.8935 21.6260 -0.8798 -0.0012 -0.0136 -0.9999 0.5171 0.1450
11 -64.7762 0.0404 -0.5202 0.0672 0.0289 -0.9973 0.5961 0.0232
11 -59.4272 25.6661 -0.8754 -0.0012 -0.0136 -0.9999 0.6411 0.0748
stonegolem.jpg
11 -52.5341 -15.8461 0.0104 0.0050 -0.0295 -0.9996 0.5345 0.0285
11 -64.7762 0.0404 -0.5202 -0.7508 -0.2189 -0.6232 0.5911 0.0210
11 -8.8935 21.6260 -0.8798 0.0050 -0.0295 -0.9996 0.5171 0.1450
stonegolem.jpg
11 -62.3076 -9.8378 -0.8936 0.1351 0.0711 -0.9883 0.5643 0.0090
11 -64.7762 0.0404 -0.5202 0.0672 0.0289 -0.9973 0.5911 0.0210
11 -52.5341 -15.8461 0.0104 0.0721 -0.7227 -0.6874 0.5345 0.0285
stonegolem.jpg
10 -57.5376 -1.6384 46.9000 -0.4494 0.2488 0.8580 0.6272 0.3084
10 -35.1751 18.9364 52.6484 -0.4494 0.2488 0.8580 0.7262 0.2627
10 -62.1323 4.0817 42.8349 -0.4494 0.2488 0.8580 0.6287 0.2886
stonegolem.jpg
10 -35.1751 18.9364 52.6484 -0.3820 0.1609 0.9101 0.7262 0.2627
10 -57.5376 -1.6384 46.9000 -0.3820 0.1609 0.9101 0.6272 0.3084
10 -34.5324 10.1376 54.4736 -0.3820 0.1609 0.9101 0.7315 0.3034
stonegolem.jpg
10 -34.5324 10.1376 54.4736 0.6307 0.2015 0.7494 0.3639 0.3034
10 -14.8327 -0.6465 40.7949 0.6307 0.2015 0.7494 0.4422 0.2617
10 -35.1751 18.9364 52.6484 0.6307 0.2015 0.7494 0.3586 0.2627
stonegolem.jpg
10 -14.8327 -0.6465 40.7949 0.1811 -0.6286 0.7563 0.4422 0.2617
10 -34.5324 10.1376 54.4736 0.1811 -0.6286 0.7563 0.3639 0.3034
10 -34.0499 -7.2102 39.9402 0.1811 -0.6286 0.7563 0.4536 0.3039
stonegolem.jpg
10 -34.0499 -7.2102 39.9402 0.1841 -0.6366 0.7489 0.4536 0.3039
10 -25.6252 -18.9928 27.8545 0.1841 -0.6366 0.7489 0.4953 0.2733
10 -14.8327 -0.6465 40.7949 0.1841 -0.6366 0.7489 0.4422 0.2617
stonegolem.jpg
10 -25.6252 -18.9928 27.8545 0.8343 0.0320 0.5504 0.4953 0.2733
10 -34.0499 -7.2102 39.9402 0.5344 -0.3388 0.7744 0.4536 0.3039
10 -29.4056 -17.2111 33.4812 0.8343 0.0320 0.5504 0.4898 0.2989
stonegolem.jpg
10 -49.4118 -2.2913 10.7197 -0.9000 -0.3235 -0.2923 0.5581 0.1997
10 -62.1323 4.0817 42.8349 -0.9000 -0.3235 -0.2923 0.6287 0.2886
10 -63.2481 19.5247 29.1777 -0.9000 -0.3235 -0.2923 0.6335 0.2189
stonegolem.jpg
10 -62.1323 4.0817 42.8349 -0.8999 -0.3236 -0.2922 0.6287 0.2886
10 -49.4118 -2.2913 10.7197 -0.8999 -0.3236 -0.2922 0.5581 0.1997
10 -50.0009 -11.3299 22.5431 -0.8999 -0.3236 -0.2922 0.5577 0.2550
stonegolem.jpg
10 -63.2481 19.5247 29.1777 -0.5749 0.4265 0.6983 0.6335 0.2189
10 -35.1751 18.9364 52.6484 -0.5749 0.4265 0.6983 0.7262 0.2627
10 -31.7155 36.7869 44.5946 -0.5749 0.4265 0.6983 0.7224 0.1978
stonegolem.jpg
10 -35.1751 18.9364 52.6484 -0.5340 0.5382 0.6521 0.7262 0.2627
10 -63.2481 19.5247 29.1777 -0.5340 0.5382 0.6521 0.6335 0.2189
10 -62.1323 4.0817 42.8349 -0.5340 0.5382 0.6521 0.6287 0.2886
stonegolem.jpg
10 -35.1751 18.9364 52.6484 0.6496 0.2045 0.7323 0.3586 0.2627
10 -9.9992 8.8759 33.1232 0.6496 0.2045 0.7323 0.4321 0.2107
10 -31.7155 36.7869 44.5946 0.6496 0.2045 0.7323 0.3548 0.1978
stonegolem.jpg
10 -9.9992 8.8759 33.1232 0.6534 0.2453 0.7161 0.4321 0.2107
10 -35.1751 18.9364 52.6484 0.6534 0.2453 0.7161 0.3586 0.2627
10 -14.8327 -0.6465 40.7949 0.6534 0.2453 0.7161 0.4422 0.2617
stonegolem.jpg
10 -23.1355 -6.7205 12.8028 0.8980 -0.4019 -0.1791 0.4905 0.2039
10 -14.8327 -0.6465 40.7949 0.8980 -0.4019 -0.1791 0.4422 0.2617
10 -25.6252 -18.9928 27.8545 0.8980 -0.4019 -0.1791 0.4953 0.2733
stonegolem.jpg
10 -14.8327 -0.6465 40.7949 0.8365 -0.5316 -0.1328 0.4422 0.2617
10 -23.1355 -6.7205 12.8028 0.8365 -0.5316 -0.1328 0.4905 0.2039
10 -9.9992 8.8759 33.1232 0.8365 -0.5316 -0.1328 0.4321 0.2107
stonegolem.jpg
10 -23.1355 -6.7205 12.8028 -0.0849 -0.7895 -0.6078 0.4905 0.2039
10 -50.0009 -11.3299 22.5431 -0.0849 -0.7895 -0.6078 0.5577 0.2550
10 -49.4118 -2.2913 10.7197 -0.0849 -0.7895 -0.6078 0.5581 0.1997
stonegolem.jpg
10 -50.0009 -11.3299 22.5431 -0.1007 -0.7629 -0.6387 0.5577 0.2550
10 -23.1355 -6.7205 12.8028 -0.1007 -0.7629 -0.6387 0.4905 0.2039
10 -25.6252 -18.9928 27.8545 -0.1007 -0.7629 -0.6387 0.4953 0.2733
stonegolem.jpg
10 -29.4056 -17.2111 33.4812 -0.3159 -0.9448 0.0869 0.4898 0.2989
10 -50.0009 -11.3299 22.5431 -0.3159 -0.9448 0.0869 0.5577 0.2550
10 -25.6252 -18.9928 27.8545 -0.3159 -0.9448 0.0869 0.4953 0.2733
stonegolem.jpg
10 -50.0009 -11.3299 22.5431 -0.7818 -0.6235 0.0062 0.5577 0.2550
10 -57.5376 -1.6384 46.9000 -0.7818 -0.6235 0.0062 0.6272 0.3084
10 -62.1323 4.0817 42.8349 -0.7818 -0.6235 0.0062 0.6287 0.2886
stonegolem.jpg
10 -57.5376 -1.6384 46.9000 -0.9558 -0.0047 -0.2939 0.6272 0.3084
10 -50.0009 -11.3299 22.5431 -0.9558 -0.0047 -0.2939 0.5577 0.2550
10 -55.3318 -10.2858 39.8641 -0.9558 -0.0047 -0.2939 0.5881 0.3062
stonegolem.jpg
10 -63.2481 19.5247 29.1777 -0.7670 0.0545 -0.6394 0.6304 0.1528
10 -46.2682 3.7637 7.4651 -0.7670 0.0545 -0.6394 0.5581 0.1997
10 -49.4118 -2.2913 10.7197 -0.7670 0.0545 -0.6394 0.6335 0.2189
stonegolem.jpg
10 -63.2481 19.5247 29.1777 -0.7856 0.0059 -0.6187 0.6304 0.1528
10 -48.8568 14.3583 10.8536 -0.7856 0.0059 -0.6187 0.5555 0.1614
10 -46.2682 3.7637 7.4651 -0.7856 0.0059 -0.6187 0.5581 0.1997
stonegolem.jpg
10 -56.4061 32.4636 13.8402 -0.7952 -0.2397 -0.5570 0.6029 0.1614
10 -48.8568 14.3583 10.8536 -0.7952 -0.2397 -0.5570 0.5555 0.1614
10 -63.2481 19.5247 29.1777 -0.7952 -0.2397 -0.5570 0.6304 0.1528
stonegolem.jpg
10 -56.4061 32.4636 13.8402 -0.5465 0.8314 0.1011 0.6304 0.1528
10 -31.7155 36.7869 44.5946 -0.5999 0.7026 0.3828 0.7224 0.1978
10 -29.4155 48.6826 26.3661 -0.5465 0.8314 0.1011 0.7245 0.1303
stonegolem.jpg
10 -31.7155 36.7869 44.5946 -0.5773 0.7326 0.3605 0.7224 0.1978
10 -56.4061 32.4636 13.8402 -0.5773 0.7326 0.3605 0.6304 0.1528
10 -63.2481 19.5247 29.1777 -0.5773 0.7326 0.3605 0.6335 0.2189
stonegolem.jpg
10 -31.7155 36.7869 44.5946 0.7174 0.5385 0.4419 0.3548 0.1978
10 -5.1085 25.3063 15.3917 0.7174 0.5385 0.4419 0.4401 0.1336
10 -29.4155 48.6826 26.3661 0.7205 0.6868 0.0955 0.3569 0.1303
stonegolem.jpg
10 -5.1085 25.3063 15.3917 0.7615 0.6337 0.1360 0.4401 0.1336
10 -31.7155 36.7869 44.5946 0.7553 0.3636 0.5452 0.3548 0.1978
10 -9.9992 8.8759 33.1232 0.7553 0.3636 0.5452 0.4321 0.2107
stonegolem.jpg
11 -8.8935 21.6260 -0.8798 -0.3213 0.2049 0.9245 0.5326 0.5682
10 -22.9887 4.5120 -1.9856 -0.3213 0.2049 0.9245 0.5707 0.5253
11 -28.9775 -9.9005 -0.8726 -0.3213 0.2049 0.9245 0.5504 0.5072
stonegolem.jpg
11 -44.7187 -15.4855 6.2405 -0.0344 -0.4193 0.9072 0.6588 0.5057
11 -62.3076 -9.8378 -0.8936 -0.4555 -0.6493 0.6090 0.7038 0.5070
11 -52.5341 -15.8461 0.0104 -0.6161 -0.6544 -0.4384 0.6703 0.4908
stonegolem.jpg
11 -62.3076 -9.8378 -0.8936 -0.3883 -0.8851 0.2566 0.7038 0.5070
11 -44.7187 -15.4855 6.2405 -0.3883 -0.8851 0.2566 0.6588 0.5057
11 -60.7875 -7.5183 9.4088 -0.3883 -0.8851 0.2566 0.6863 0.5179
stonegolem.jpg
11 -44.7187 -15.4855 6.2405 0.2073 -0.6841 0.6993 0.6206 0.4954
11 -52.5341 -15.8461 0.0104 0.0721 -0.7227 -0.6874 0.6585 0.4861
11 -42.4308 -16.3875 -0.8944 -0.0432 -0.9928 0.1117 0.6230 0.4721
stonegolem.jpg
11 -64.7762 0.0404 -0.5202 -0.9979 -0.0625 0.0151 0.7098 0.5477
11 -65.1223 7.1049 5.8477 -0.7603 -0.1912 0.6208 0.6942 0.5716
11 -65.3940 9.8076 -0.8963 -0.9979 -0.0625 0.0151 0.7166 0.5781
stonegolem.jpg
11 -59.4272 25.6661 -0.8754 -0.9493 0.3100 0.0517 0.6821 0.6277
11 -65.1223 7.1049 5.8477 -0.9493 0.3100 0.0517 0.6942 0.5716
10 -56.4061 32.4636 13.8402 -0.9493 0.3100 0.0517 0.6622 0.6147
stonegolem.jpg
11 -65.1223 7.1049 5.8477 -0.9768 0.0535 0.2072 0.6942 0.5716
11 -59.4272 25.6661 -0.8754 -0.9214 0.3465 0.1760 0.6821 0.6277
11 -65.3940 9.8076 -0.8963 -0.9214 0.3465 0.1760 0.7166 0.5781
stonegolem.jpg
10 -56.4061 32.4636 13.8402 -0.1883 -0.2358 0.9534 0.6622 0.6147
11 -65.1223 7.1049 5.8477 -0.7603 -0.1912 0.6208 0.6923 0.5484
10 -48.8568 14.3583 10.8536 -0.1883 -0.2358 0.9534 0.6428 0.5754
stonegolem.jpg
10 -35.5632 3.3026 3.4026 0.3978 -0.0555 0.9158 0.5989 0.5332
11 -44.7187 -15.4855 6.2405 -0.0344 -0.4193 0.9072 0.6206 0.4954
10 -22.9887 4.5120 -1.9856 0.3978 -0.0555 0.9158 0.5707 0.5253
stonegolem.jpg
10 -22.9887 4.5120 -1.9856 -0.0483 0.0968 0.9941 0.5707 0.5253
11 -42.4308 -16.3875 -0.8944 -0.0483 0.0968 0.9941 0.6230 0.4721
11 -28.9775 -9.9005 -0.8726 -0.0483 0.0968 0.9941 0.5504 0.5072
stonegolem.jpg
11 -42.4308 -16.3875 -0.8944 0.7048 -0.6396 0.3069 0.6230 0.4721
10 -22.9887 4.5120 -1.9856 0.7048 -0.6396 0.3069 0.5707 0.5253
11 -44.7187 -15.4855 6.2405 0.7048 -0.6396 0.3069 0.6206 0.4954
stonegolem.jpg
10 -22.9887 4.5120 -1.9856 0.8822 -0.3792 -0.2793 0.5046 0.1472
10 -9.9992 8.8759 33.1232 0.8822 -0.3792 -0.2793 0.4321 0.2107
10 -23.1355 -6.7205 12.8028 0.8822 -0.3792 -0.2793 0.4905 0.2039
stonegolem.jpg
10 -9.9992 8.8759 33.1232 0.8265 -0.5079 -0.2427 0.4321 0.2107
10 -22.9887 4.5120 -1.9856 0.8057 -0.5753 -0.1406 0.5046 0.1472
10 -5.1085 25.3063 15.3917 0.8057 -0.5753 -0.1406 0.4401 0.1336
stonegolem.jpg
10 -56.4061 32.4636 13.8402 -0.4787 0.8303 -0.2853 0.6622 0.6147
11 -32.2720 41.3653 -0.7485 -0.4787 0.8303 -0.2853 0.5815 0.6489
11 -59.4272 25.6661 -0.8754 -0.4787 0.8303 -0.2853 0.6821 0.6277
stonegolem.jpg
10 -46.2682 3.7637 7.4651 0.3535 -0.0310 0.9349 0.6311 0.5475
11 -44.7187 -15.4855 6.2405 0.2073 -0.6841 0.6993 0.6588 0.5057
10 -35.5632 3.3026 3.4026 0.3535 -0.0310 0.9349 0.5989 0.5332
stonegolem.jpg
11 -44.7187 -15.4855 6.2405 0.1698 -0.0489 0.9843 0.6588 0.5057
10 -46.2682 3.7637 7.4651 0.1698 -0.0489 0.9843 0.6311 0.5475
11 -60.7875 -7.5183 9.4088 0.1698 -0.0489 0.9843 0.6863 0.5179
stonegolem.jpg
11 -60.7875 -7.5183 9.4088 -0.3424 0.1253 0.9312 0.6863 0.5179
10 -48.8568 14.3583 10.8536 -0.3424 0.1253 0.9312 0.6428 0.5754
11 -65.1223 7.1049 5.8477 -0.3424 0.1253 0.9312 0.6899 0.5361
stonegolem.jpg
10 -48.8568 14.3583 10.8536 0.2982 -0.2239 0.9279 0.6428 0.5754
11 -60.7875 -7.5183 9.4088 0.2982 -0.2239 0.9279 0.6863 0.5179
10 -46.2682 3.7637 7.4651 0.2982 -0.2239 0.9279 0.6311 0.5475
stonegolem.jpg
11 -62.3076 -9.8378 -0.8936 -0.9445 -0.2443 0.2197 0.7038 0.5070
11 -65.1223 7.1049 5.8477 -0.9768 0.0535 0.2072 0.6899 0.5361
11 -64.7762 0.0404 -0.5202 -0.7508 -0.2189 -0.6232 0.7078 0.5356
stonegolem.jpg
11 -65.1223 7.1049 5.8477 -0.9525 -0.2352 0.1935 0.6899 0.5361
11 -62.3076 -9.8378 -0.8936 -0.9525 -0.2352 0.1935 0.7038 0.5070
11 -60.7875 -7.5183 9.4088 -0.9525 -0.2352 0.1935 0.6863 0.5179
stonegolem.jpg
10 -35.5632 3.3026 3.4026 -0.3500 -0.2960 -0.8887 0.5106 0.1490
10 -49.4118 -2.2913 10.7197 -0.3500 -0.2960 -0.8887 0.5555 0.1614
10 -46.2682 3.7637 7.4651 -0.3500 -0.2960 -0.8887 0.5110 0.1494
stonegolem.jpg
10 -35.5632 3.3026 3.4026 -0.0682 -0.7261 -0.6841 0.5106 0.1490
10 -23.1355 -6.7205 12.8028 -0.0682 -0.7261 -0.6841 0.5581 0.1997
10 -49.4118 -2.2913 10.7197 -0.0682 -0.7261 -0.6841 0.5555 0.1614
stonegolem.jpg
10 -35.5632 3.3026 3.4026 -0.1802 -0.7824 -0.5961 0.5106 0.1490
10 -22.9887 4.5120 -1.9856 -0.1802 -0.7824 -0.5961 0.4905 0.2039
10 -23.1355 -6.7205 12.8028 -0.1802 -0.7824 -0.5961 0.5581 0.1997
stonegolem.jpg
10 -57.5376 -1.6384 46.9000 0.0752 -0.6391 0.7654 0.3489 0.4090
10 -34.0499 -7.2102 39.9402 0.0752 -0.6391 0.7654 0.2765 0.4068
10 -34.5324 10.1376 54.4736 0.0752 -0.6391 0.7654 0.3042 0.4687
stonegolem.jpg
10 -34.5324 10.1376 54.4736 0.1811 -0.6286 0.7563 0.3639 0.3034
10 -34.0499 -7.2102 39.9402 0.1811 -0.6286 0.7563 0.4422 0.2617
10 -14.8327 -0.6465 40.7949 0.1811 -0.6286 0.7563 0.4422 0.2617
stonegolem.jpg
10 -14.8327 -0.6465 40.7949 -0.1811 0.6286 -0.7563 0.4422 0.2617
10 -34.0499 -7.2102 39.9402 -0.1811 0.6286 -0.7563 0.3639 0.3034
10 -34.5324 10.1376 54.4736 -0.1811 0.6286 -0.7563 0.3639 0.3034
stonegolem.jpg
10 -29.4056 -17.2111 33.4812 -0.4984 -0.6217 0.6042 0.2495 0.3801
10 -34.0499 -7.2102 39.9402 -0.4984 -0.6217 0.6042 0.2765 0.4068
10 -50.0009 -11.3299 22.5431 -0.4984 -0.6217 0.6042 0.3028 0.3438
stonegolem.jpg
10 -55.3318 -10.2858 39.8641 0.0861 -0.6155 0.7834 0.3321 0.3777
10 -34.0499 -7.2102 39.9402 0.5344 -0.3388 0.7744 0.2765 0.4068
10 -57.5376 -1.6384 46.9000 0.0861 -0.6155 0.7834 0.3489 0.4090
stonegolem.jpg
10 -50.0009 -11.3299 22.5431 0.1419 -0.9845 0.1030 0.3028 0.3438
10 -34.0499 -7.2102 39.9402 0.1419 -0.9845 0.1030 0.2765 0.4068
10 -55.3318 -10.2858 39.8641 0.1419 -0.9845 0.1030 0.3321 0.3777
stonegolem.jpg
10 -56.4061 32.4636 13.8402 -0.5465 0.8314 0.1011 0.6304 0.1528
10 -29.4155 48.6826 26.3661 -0.5465 0.8314 0.1011 0.7245 0.1303
11 -32.2720 41.3653 -0.7485 -0.4391 0.8780 -0.1907 0.7255 0.0985
stonegolem.jpg
10 -29.4155 48.6826 26.3661 0.7205 0.6868 0.0955 0.3569 0.1303
11 -8.8935 21.6260 -0.8798 0.6213 0.7376 -0.2645 0.4437 0.0981
11 -32.2720 41.3653 -0.7485 0.6213 0.7376 -0.2645 0.3579 0.0985
stonegolem.jpg
11 -8.8935 21.6260 -0.8798 0.5846 0.7515 -0.3059 0.4437 0.0981
10 -29.4155 48.6826 26.3661 0.5846 0.7515 -0.3059 0.3569 0.1303
10 -5.1085 25.3063 15.3917 0.7615 0.6337 0.1360 0.4401 0.1336
stonegolem.jpg
10 -5.1085 25.3063 15.3917 0.8057 -0.5753 -0.1406 0.4401 0.1336
10 -22.9887 4.5120 -1.9856 0.8057 -0.5753 -0.1406 0.5046 0.1472
11 -8.8935 21.6260 -0.8798 0.7725 -0.6339 -0.0363 0.4437 0.0981
stonegolem.jpg
17 -24.4223 8.1719 164.7403 -0.6450 0.7431 0.1786 0.7058 0.8468
17 -51.3568 -17.7399 175.2851 -0.6450 0.7431 0.1786 0.6061 0.9304
17 -36.8778 -4.7733 181.5123 -0.6800 0.7309 0.0591 0.6552 0.9449
stonegolem.jpg
17 -51.3568 -17.7399 175.2851 -0.6450 0.7431 0.1786 0.6061 0.9304
17 -24.4223 8.1719 164.7403 -0.6450 0.7431 0.1786 0.7058 0.8468
17 -47.9207 -7.3318 156.0456 -0.5999 0.7437 0.2952 0.6079 0.8339
stonegolem.jpg
17 -19.9540 -21.4174 190.5085 -0.4403 -0.0482 0.8966 0.7080 0.9969
17 -51.3568 -17.7399 175.2851 -0.4403 -0.0482 0.8966 0.5946 0.9029
17 -47.2529 -33.3595 174.7967 -0.4453 -0.1446 0.8836 0.5951 0.9614
stonegolem.jpg
17 -51.3568 -17.7399 175.2851 -0.4403 -0.0482 0.8966 0.5946 0.9029
17 -19.9540 -21.4174 190.5085 -0.4403 -0.0482 0.8966 0.7080 0.9969
17 -36.8778 -4.7733 181.5123 -0.4311 0.0487 0.9010 0.6455 0.9144
stonegolem.jpg
17 -9.2399 -51.0128 155.6656 0.2327 -0.9213 0.3116 0.8066 0.8611
17 -5.8525 -42.3494 178.7518 0.8990 -0.4118 0.1488 0.7776 0.9345
17 -18.1956 -40.8543 175.0334 -0.2210 -0.9020 0.3709 0.8251 0.8966
stonegolem.jpg
17 -5.8525 -42.3494 178.7518 0.8990 -0.4118 0.1488 0.7776 0.9345
17 -9.2399 -51.0128 155.6656 0.2327 -0.9213 0.3116 0.8066 0.8611
17 -4.0800 -44.9442 162.3322 0.9759 -0.0740 -0.2054 0.7776 0.9121
stonegolem.jpg
17 -36.8778 -4.7733 181.5123 0.0897 0.4752 0.8753 0.6455 0.9144
17 -8.5429 -19.9653 186.8564 0.5550 0.4008 0.7290 0.7808 1.0136
17 -7.8285 3.3533 178.5272 0.9693 0.0839 0.2310 0.7744 0.8737
stonegolem.jpg
17 -8.5429 -19.9653 186.8564 0.5550 0.4008 0.7290 0.7808 1.0136
17 -36.8778 -4.7733 181.5123 0.0897 0.4752 0.8753 0.6455 0.9144
17 -19.9540 -21.4174 190.5085 0.1739 0.5992 0.7815 0.7080 0.9969
stonegolem.jpg
17 -10.8080 12.9784 165.4033 0.2689 0.8664 0.4207 0.7785 0.7618
17 -36.8778 -4.7733 181.5123 -0.2401 0.8217 0.5169 0.6455 0.9144
17 -7.8285 3.3533 178.5272 0.9693 0.0839 0.2310 0.7744 0.8737
stonegolem.jpg
17 -36.8778 -4.7733 181.5123 -0.2401 0.8217 0.5169 0.6455 0.9144
17 -10.8080 12.9784 165.4033 0.2689 0.8664 0.4207 0.7785 0.7618
17 -24.4223 8.1719 164.7403 -0.3205 0.8500 0.4181 0.6831 0.7636
stonegolem.jpg
17 -11.4461 -47.3670 146.7999 0.4638 -0.5529 -0.6923 0.7961 0.7592
17 -26.0654 -49.2530 156.0972 -0.0350 -0.9982 0.0480 0.8819 0.8404
17 -17.2290 -46.6452 145.1543 0.1920 -0.4502 -0.8721 0.8141 0.7474
stonegolem.jpg
17 -26.0654 -49.2530 156.0972 -0.0350 -0.9982 0.0480 0.8819 0.8404
17 -11.4461 -47.3670 146.7999 0.4638 -0.5529 -0.6923 0.7961 0.7592
17 -9.2399 -51.0128 155.6656 0.4297 -0.9017 -0.0468 0.8331 0.8532
stonegolem.jpg
17 -54.3744 -24.9447 158.9057 -0.9275 -0.2332 0.2922 0.9975 0.8590
17 -47.0662 -46.7401 164.7091 -0.9275 -0.2332 0.2922 0.9630 0.8719
17 -47.2529 -33.3595 174.7967 -0.9275 -0.2332 0.2922 0.9816 0.9659
stonegolem.jpg
17 -8.5429 -19.9653 186.8564 0.5550 0.4008 0.7290 0.7808 1.0136
17 -18.1956 -40.8543 175.0334 0.0033 -0.4937 0.8696 0.8437 0.8812
17 -5.8525 -42.3494 178.7518 0.8990 -0.4118 0.1488 0.7744 0.8737
stonegolem.jpg
17 -18.1956 -40.8543 175.0334 0.0033 -0.4937 0.8696 0.8437 0.8812
17 -8.5429 -19.9653 186.8564 0.5550 0.4008 0.7290 0.7808 1.0136
17 -19.9540 -21.4174 190.5085 0.3150 -0.5736 0.7562 0.8523 1.0005
stonegolem.jpg
17 -18.1956 -40.8543 175.0334 0.0103 -0.9157 0.4018 0.8251 0.8966
17 -26.0654 -49.2530 156.0972 -0.0350 -0.9982 0.0480 0.8815 0.8132
17 -9.2399 -51.0128 155.6656 0.4297 -0.9017 -0.0468 0.8066 0.8611
stonegolem.jpg
17 -26.0654 -49.2530 156.0972 -0.0350 -0.9982 0.0480 0.8815 0.8132
17 -18.1956 -40.8543 175.0334 0.0103 -0.9157 0.4018 0.8251 0.8966
17 -36.2535 -43.2959 173.9693 0.1034 -0.9244 0.3671 0.9118 0.9140
stonegolem.jpg
17 -18.1956 -40.8543 175.0334 0.0377 -0.6203 0.7834 0.8437 0.8812
17 -19.9540 -21.4174 190.5085 0.0377 -0.6203 0.7834 0.8523 1.0005
17 -36.2535 -43.2959 173.9693 0.0377 -0.6203 0.7834 0.9105 0.8839
stonegolem.jpg
17 -26.0654 -49.2530 156.0972 0.0210 -0.9448 0.3269 0.8815 0.8132
17 -36.2535 -43.2959 173.9693 0.0210 -0.9448 0.3269 0.9118 0.9140
17 -47.0662 -46.7401 164.7091 0.0210 -0.9448 0.3269 0.9630 0.8719
stonegolem.jpg
17 -36.2535 -43.2959 173.9693 -0.3771 -0.4832 0.7902 0.9105 0.8839
17 -19.9540 -21.4174 190.5085 -0.3106 -0.4150 0.8551 0.8523 1.0005
17 -47.2529 -33.3595 174.7967 -0.3771 -0.4832 0.7902 0.9816 0.9659
stonegolem.jpg
17 -54.3744 -24.9447 158.9057 -0.9859 0.0502 0.1596 0.5564 0.8878
17 -51.3568 -17.7399 175.2851 -0.9859 0.0502 0.1596 0.6061 0.9304
17 -47.9207 -7.3318 156.0456 -0.9377 0.3469 0.0202 0.6079 0.8339
stonegolem.jpg
17 -51.3568 -17.7399 175.2851 -0.9859 0.0502 0.1596 0.6061 0.9304
17 -54.3744 -24.9447 158.9057 -0.9859 0.0502 0.1596 0.5564 0.8878
17 -47.2529 -33.3595 174.7967 -0.9259 -0.2521 0.2815 0.5951 0.9614
stonegolem.jpg
17 -47.9207 -7.3318 156.0456 -0.5707 0.3674 -0.7344 0.6098 0.7462
17 -24.4223 8.1719 164.7403 -0.5605 0.8272 0.0398 0.6831 0.7636
17 -22.0140 10.7566 144.9599 0.1075 0.2744 -0.9556 0.6870 0.6765
stonegolem.jpg
17 -24.4223 8.1719 164.7403 -0.5838 0.7764 0.2374 0.6831 0.7636
17 -16.5972 17.6703 152.9192 0.3949 0.8614 -0.3194 0.7801 0.6778
17 -22.0140 10.7566 144.9599 0.1075 0.2744 -0.9556 0.6870 0.6765
stonegolem.jpg
17 -16.5972 17.6703 152.9192 0.3949 0.8614 -0.3194 0.7801 0.6778
17 -24.4223 8.1719 164.7403 -0.5838 0.7764 0.2374 0.6831 0.7636
17 -10.8080 12.9784 165.4033 0.5848 0.8105 0.0334 0.7785 0.7618
stonegolem.jpg
17 -17.2290 -46.6452 145.1543 -0.2744 -0.4778 -0.8345 0.8141 0.7474
17 -47.0662 -46.7401 164.7091 -0.4708 -0.8709 -0.1408 0.9492 0.8586
17 -39.4175 -36.5816 148.7145 -0.2292 -0.1660 -0.9591 0.9375 0.8042
stonegolem.jpg
17 -47.0662 -46.7401 164.7091 -0.4708 -0.8709 -0.1408 0.9492 0.8586
17 -17.2290 -46.6452 145.1543 -0.2744 -0.4778 -0.8345 0.8141 0.7474
17 -26.0654 -49.2530 156.0972 -0.2791 -0.8586 -0.4300 0.8819 0.8404
stonegolem.jpg
17 -49.2623 -17.7594 156.3242 -0.2384 -0.0377 -0.9704 0.9690 0.7787
17 -47.0662 -46.7401 164.7091 -0.5006 -0.2754 -0.8207 0.9492 0.8586
17 -54.3744 -24.9447 158.9057 -0.0849 -0.2829 -0.9554 0.9975 0.8590
stonegolem.jpg
17 -47.0662 -46.7401 164.7091 -0.5006 -0.2754 -0.8207 0.9492 0.8586
17 -49.2623 -17.7594 156.3242 -0.2384 -0.0377 -0.9704 0.9690 0.7787
17 -39.4175 -36.5816 148.7145 -0.4687 0.1092 -0.8766 0.9375 0.8042
stonegolem.jpg
17 -54.3744 -24.9447 158.9057 -0.4952 0.0405 -0.8678 0.5564 0.8878
17 -47.9207 -7.3318 156.0456 -0.2452 0.0056 -0.9695 0.6079 0.8339
17 -49.2623 -17.7594 156.3242 -0.2384 -0.0377 -0.9704 0.5766 0.8012
stonegolem.jpg
17 -36.2535 -43.2959 173.9693 -0.3771 -0.4832 0.7902 0.9105 0.8839
17 -47.2529 -33.3595 174.7967 -0.3771 -0.4832 0.7902 0.9816 0.9659
17 -47.0662 -46.7401 164.7091 -0.4708 -0.8709 -0.1408 0.9630 0.8719
stonegolem.jpg
17 -17.5677 -50.2417 175.9718 0.0104 -0.9305 -0.3661 0.9397 0.0600
17 -27.1517 -43.4169 158.3493 0.0104 -0.9305 -0.3661 0.8904 0.0097
17 -8.4999 -43.2678 158.5026 0.0104 -0.9305 -0.3661 0.9907 0.0097
stonegolem.jpg
17 -17.5677 -50.2417 175.9718 0.8921 -0.2881 0.3481 0.9397 0.0600
17 -8.4999 -43.2678 158.5026 0.8921 -0.2881 0.3481 0.9907 0.0097
17 -10.6033 -23.4949 180.2572 0.8921 -0.2881 0.3481 0.9907 0.1099
stonegolem.jpg
17 -17.5677 -50.2417 175.9718 -0.0177 -0.1537 0.9880 0.0000 0.0000
17 -10.6033 -23.4949 180.2572 -0.0177 -0.1537 0.9880 0.0000 0.0000
17 -38.4394 -27.3375 179.1613 -0.0177 -0.1537 0.9880 0.0000 0.0000
stonegolem.jpg
17 -17.5677 -50.2417 175.9718 -0.7236 -0.6776 0.1311 0.9397 0.0600
17 -38.4394 -27.3375 179.1613 -0.7236 -0.6776 0.1311 0.8904 0.1099
17 -27.1517 -43.4169 158.3493 -0.7236 -0.6776 0.1311 0.8904 0.0097
stonegolem.jpg
17 -27.1517 -43.4169 158.3493 0.2185 0.9173 -0.3329 0.8904 0.0097
17 -20.1473 -39.0633 174.9413 -0.0536 0.7763 -0.6281 0.9406 0.0598
17 -8.4999 -43.2678 158.5026 -0.3294 0.8321 -0.4462 0.9907 0.0097
stonegolem.jpg
17 -8.4999 -43.2678 158.5026 -0.3294 0.8321 -0.4462 0.9907 0.0097
17 -20.1473 -39.0633 174.9413 -0.0536 0.7763 -0.6281 0.9406 0.0598
17 -10.6033 -23.4949 180.2572 -0.3273 0.4788 -0.8146 0.9907 0.1099
stonegolem.jpg
17 -10.6033 -23.4949 180.2572 -0.3273 0.4788 -0.8146 0.9907 0.1099
17 -20.1473 -39.0633 174.9413 -0.0536 0.7763 -0.6281 0.9406 0.0598
17 -38.4394 -27.3375 179.1613 0.2331 0.6302 -0.7406 0.8904 0.1099
stonegolem.jpg
17 -38.4394 -27.3375 179.1613 0.2331 0.6302 -0.7406 0.0000 0.0000
17 -20.1473 -39.0633 174.9413 -0.0536 0.7763 -0.6281 0.0000 0.0000
17 -27.1517 -43.4169 158.3493 0.2185 0.9173 -0.3329 0.0000 0.0000
stonegolem.jpg
17 -27.6228 -11.4342 187.9122 0.0006 -0.5710 0.8210 0.9397 0.0600
17 -37.7789 -22.9624 179.9022 0.0006 -0.5710 0.8210 0.8904 0.0097
17 -9.9943 -18.2600 183.1509 0.0006 -0.5710 0.8210 0.9907 0.0097
stonegolem.jpg
17 -27.6228 -11.4342 187.9122 0.3862 0.4269 0.8177 0.9397 0.0600
17 -9.9943 -18.2600 183.1509 0.3862 0.4269 0.8177 0.9907 0.0097
17 -17.7655 1.9170 176.2862 0.3862 0.4269 0.8177 0.9907 0.1099
stonegolem.jpg
17 -27.6228 -11.4342 187.9122 -0.2821 0.7400 0.6106 0.9397 0.0600
17 -17.7655 1.9170 176.2862 -0.2821 0.7400 0.6106 0.9907 0.1099
17 -35.6791 -6.1631 177.8036 -0.2821 0.7400 0.6106 0.8904 0.1099
stonegolem.jpg
17 -27.6228 -11.4342 187.9122 -0.7239 0.1739 0.6676 0.9397 0.0600
17 -35.6791 -6.1631 177.8036 -0.7239 0.1739 0.6676 0.8904 0.1099
17 -37.7789 -22.9624 179.9022 -0.7239 0.1739 0.6676 0.8904 0.0097
stonegolem.jpg
17 -37.7789 -22.9624 179.9022 0.4646 0.1370 -0.8748 0.8904 0.0097
17 -28.2042 -7.0461 187.4804 0.2420 -0.3608 -0.9007 0.9406 0.0598
17 -9.9943 -18.2600 183.1509 -0.2404 -0.0157 -0.9705 0.9907 0.0097
stonegolem.jpg
17 -9.9943 -18.2600 183.1509 -0.2404 -0.0157 -0.9705 0.9907 0.0097
17 -28.2042 -7.0461 187.4804 0.2420 -0.3608 -0.9007 0.9406 0.0598
17 -17.7655 1.9170 176.2862 -0.0553 -0.7536 -0.6550 0.9907 0.1099
stonegolem.jpg
17 -17.7655 1.9170 176.2862 -0.0553 -0.7536 -0.6550 0.9907 0.1099
17 -28.2042 -7.0461 187.4804 0.2420 -0.3608 -0.9007 0.9406 0.0598
17 -35.6791 -6.1631 177.8036 0.6236 -0.5711 -0.5338 0.8904 0.1099
stonegolem.jpg
17 -35.6791 -6.1631 177.8036 0.6236 -0.5711 -0.5338 0.8904 0.1099
17 -28.2042 -7.0461 187.4804 0.2420 -0.3608 -0.9007 0.9406 0.0598
17 -37.7789 -22.9624 179.9022 0.4646 0.1370 -0.8748 0.8904 0.0097
stonegolem.jpg
17 -5.8525 -42.3494 178.7518 0.8990 -0.4118 0.1488 0.1167 0.6161
17 -15.1655 -19.8748 157.1693 0.8016 0.1694 -0.5733 0.3524 0.7429
17 -8.5429 -19.9653 186.8564 0.5550 0.4008 0.7290 0.0923 0.7899
stonegolem.jpg
17 -15.1655 -19.8748 157.1693 0.8016 0.1694 -0.5733 0.3524 0.7429
17 -5.8525 -42.3494 178.7518 0.8990 -0.4118 0.1488 0.1167 0.6161
17 -4.0800 -44.9442 162.3322 0.9759 -0.0740 -0.2054 0.1961 0.5540
stonegolem.jpg
17 -7.8285 3.3533 178.5272 0.9693 0.0839 0.2310 0.1471 0.9030
17 -15.1655 -19.8748 157.1693 0.8016 0.1694 -0.5733 0.3524 0.7429
17 -10.8080 12.9784 165.4033 0.2689 0.8664 0.4207 0.2270 0.9832
stonegolem.jpg
17 -15.1655 -19.8748 157.1693 0.8016 0.1694 -0.5733 0.3524 0.7429
17 -7.8285 3.3533 178.5272 0.9693 0.0839 0.2310 0.1471 0.9030
17 -8.5429 -19.9653 186.8564 0.5550 0.4008 0.7290 0.0923 0.7899
stonegolem.jpg
17 -15.1655 -19.8748 157.1693 0.7299 0.3255 -0.6011 0.3524 0.7429
17 -11.4461 -47.3670 146.7999 0.4638 -0.5529 -0.6923 0.3304 0.4487
17 -17.2290 -46.6452 145.1543 0.1920 -0.4502 -0.8721 0.4216 0.4641
stonegolem.jpg
17 -11.4461 -47.3670 146.7999 0.4638 -0.5529 -0.6923 0.3304 0.4487
17 -15.1655 -19.8748 157.1693 0.7299 0.3255 -0.6011 0.3524 0.7429
17 -9.2399 -51.0128 155.6656 0.4297 -0.9017 -0.0468 0.3190 0.5278
stonegolem.jpg
17 -4.0800 -44.9442 162.3322 0.9759 -0.0740 -0.2054 0.2377 0.5054
17 -9.2399 -51.0128 155.6656 0.7004 0.1668 -0.6940 0.3524 0.7429
17 -15.1655 -19.8748 157.1693 0.8016 0.1694 -0.5733 0.1961 0.5540
stonegolem.jpg
17 -15.1655 -19.8748 157.1693 0.5113 -0.0083 -0.8594 0.3524 0.7429
17 -22.0140 10.7566 144.9599 0.1075 0.2744 -0.9556 0.5230 0.9753
17 -16.5972 17.6703 152.9192 0.3949 0.8614 -0.3194 0.2976 0.9887
stonegolem.jpg
17 -22.0140 10.7566 144.9599 0.1075 0.2744 -0.9556 0.5230 0.9753
17 -15.1655 -19.8748 157.1693 0.5113 -0.0083 -0.8594 0.3524 0.7429
17 -47.9207 -7.3318 156.0456 -0.5707 0.3674 -0.7344 0.6051 0.8612
stonegolem.jpg
17 -10.8080 12.9784 165.4033 0.5848 0.8105 0.0334 0.2270 0.9832
17 -15.1655 -19.8748 157.1693 0.5113 -0.0083 -0.8594 0.3524 0.7429
17 -16.5972 17.6703 152.9192 0.3949 0.8614 -0.3194 0.2976 0.9887
stonegolem.jpg
17 -39.4175 -36.5816 148.7145 -0.2292 -0.1660 -0.9591 0.0000 0.0000
17 -15.1655 -19.8748 157.1693 0.5113 -0.0083 -0.8594 0.0000 0.0000
17 -17.2290 -46.6452 145.1543 -0.2744 -0.4778 -0.8345 0.0000 0.0000
stonegolem.jpg
17 -15.1655 -19.8748 157.1693 0.8016 0.1694 -0.5733 0.3524 0.7429
17 -49.2623 -17.7594 156.3242 -0.2384 -0.0377 -0.9704 0.6573 0.7954
17 -47.9207 -7.3318 156.0456 -0.2452 0.0056 -0.9695 0.6051 0.8612
stonegolem.jpg
17 -49.2623 -17.7594 156.3242 -0.2384 -0.0377 -0.9704 0.6573 0.7954
17 -15.1655 -19.8748 157.1693 0.8016 0.1694 -0.5733 0.3524 0.7429
17 -39.4175 -36.5816 148.7145 -0.4687 0.1092 -0.8766 0.5979 0.6693
stonegolem.jpg
17 15.6942 15.0046 166.5711 0.3448 0.9116 0.2237 0.6831 0.7636
17 30.1906 6.6499 184.5731 0.3923 0.9135 0.1081 0.6455 0.9144
17 48.6314 -0.7098 179.8482 0.3448 0.9116 0.2237 0.5946 0.9029
stonegolem.jpg
17 48.6314 -0.7098 179.8482 0.3448 0.9116 0.2237 0.5946 0.9029
17 43.6671 8.2676 160.2254 0.2919 0.8955 0.3359 0.6098 0.7462
17 15.6942 15.0046 166.5711 0.3448 0.9116 0.2237 0.6831 0.7636
stonegolem.jpg
17 18.9898 -14.7845 192.2858 0.3503 0.0864 0.9326 0.7080 0.9969
17 49.9785 -16.7989 179.2340 0.3880 -0.0027 0.9217 0.5951 0.9614
17 48.6314 -0.7098 179.8482 0.3503 0.0864 0.9326 0.5946 0.9029
stonegolem.jpg
17 48.6314 -0.7098 179.8482 0.3503 0.0864 0.9326 0.5946 0.9029
17 30.1906 6.6499 184.5731 0.3093 0.1748 0.9348 0.6455 0.9144
17 18.9898 -14.7845 192.2858 0.3503 0.0864 0.9326 0.7080 0.9969
stonegolem.jpg
17 21.7836 -45.7288 157.0814 0.0582 -0.9510 0.3036 0.8066 0.8611
17 25.1287 -33.4753 177.0106 0.4728 -0.7838 0.4026 0.8251 0.8966
17 13.6948 -39.0201 179.6439 -0.7219 -0.6879 0.0748 0.7776 0.9345
stonegolem.jpg
17 13.6948 -39.0201 179.6439 -0.7219 -0.6879 0.0748 0.7776 0.9345
17 14.3399 -41.8069 163.1728 -0.8744 -0.3892 -0.2898 0.7776 0.9121
17 21.7836 -45.7288 157.0814 0.0582 -0.9510 0.3036 0.8066 0.8611
stonegolem.jpg
17 30.1906 6.6499 184.5731 -0.3187 0.4056 0.8567 0.6455 0.9144
17 0.4727 4.7672 178.9060 -0.9590 -0.2445 0.1430 0.7744 0.8737
17 8.1104 -17.1289 187.6164 -0.7184 0.1839 0.6708 0.7808 1.0136
stonegolem.jpg
17 8.1104 -17.1289 187.6164 -0.7184 0.1839 0.6708 0.7808 1.0136
17 18.9898 -14.7845 192.2858 -0.4305 0.4963 0.7539 0.7080 0.9969
17 30.1906 6.6499 184.5731 -0.3187 0.4056 0.8567 0.6455 0.9144
stonegolem.jpg
17 1.2544 15.0328 165.9538 -0.5761 0.7225 0.3822 0.7785 0.7618
17 0.4727 4.7672 178.9060 -0.9590 -0.2445 0.1430 0.7744 0.8737
17 30.1906 6.6499 184.5731 -0.0916 0.8470 0.5237 0.6455 0.9144
stonegolem.jpg
17 30.1906 6.6499 184.5731 -0.0916 0.8470 0.5237 0.6455 0.9144
17 15.6942 15.0046 166.5711 -0.0167 0.9018 0.4319 0.6831 0.7636
17 1.2544 15.0328 165.9538 -0.5761 0.7225 0.3822 0.7785 0.7618
stonegolem.jpg
17 23.4371 -41.4257 148.3918 -0.1919 -0.6646 -0.7222 0.7961 0.7592
17 28.7785 -38.8091 147.2540 0.0455 -0.4751 -0.8787 0.8141 0.7474
17 36.9749 -38.5159 158.9742 0.3585 -0.9312 0.0660 0.8819 0.8404
stonegolem.jpg
17 36.9749 -38.5159 158.9742 0.3585 -0.9312 0.0660 0.8819 0.8404
17 21.7836 -45.7288 157.0814 -0.1018 -0.9923 -0.0710 0.8331 0.8532
17 23.4371 -41.4257 148.3918 -0.1919 -0.6646 -0.7222 0.7961 0.7592
stonegolem.jpg
17 55.2972 -6.2653 163.9108 0.9227 0.0819 0.3766 0.9975 0.8590
17 49.9785 -16.7989 179.2340 0.9227 0.0819 0.3766 0.9816 0.9659
17 55.1166 -29.3362 169.3724 0.9227 0.0819 0.3766 0.9630 0.8719
stonegolem.jpg
17 8.1104 -17.1289 187.6164 -0.7184 0.1839 0.6708 0.7808 1.0136
17 13.6948 -39.0201 179.6439 -0.7219 -0.6879 0.0748 0.7744 0.8737
17 25.1287 -33.4753 177.0106 0.0830 -0.4801 0.8733 0.8437 0.8812
stonegolem.jpg
17 25.1287 -33.4753 177.0106 0.0830 -0.4801 0.8733 0.8437 0.8812
17 18.9898 -14.7845 192.2858 -0.1735 -0.6567 0.7339 0.8523 1.0005
17 8.1104 -17.1289 187.6164 -0.7184 0.1839 0.6708 0.7808 1.0136
stonegolem.jpg
17 25.1287 -33.4753 177.0106 0.2572 -0.8736 0.4131 0.8251 0.8966
17 21.7836 -45.7288 157.0814 -0.1018 -0.9923 -0.0710 0.8066 0.8611
17 36.9749 -38.5159 158.9742 0.3585 -0.9312 0.0660 0.8815 0.8132
stonegolem.jpg
17 36.9749 -38.5159 158.9742 0.3585 -0.9312 0.0660 0.8815 0.8132
17 42.9984 -29.7977 177.5861 0.1758 -0.9121 0.3704 0.9118 0.9140
17 25.1287 -33.4753 177.0106 0.2572 -0.8736 0.4131 0.8251 0.8966
stonegolem.jpg
17 25.1287 -33.4753 177.0106 0.1002 -0.6097 0.7863 0.8437 0.8812
17 42.9984 -29.7977 177.5861 0.1002 -0.6097 0.7863 0.9105 0.8839
17 18.9898 -14.7845 192.2858 0.1002 -0.6097 0.7863 0.8523 1.0005
stonegolem.jpg
17 36.9749 -38.5159 158.9742 0.2635 -0.9035 0.3380 0.8815 0.8132
17 55.1166 -29.3362 169.3724 0.2635 -0.9035 0.3380 0.9630 0.8719
17 42.9984 -29.7977 177.5861 0.2635 -0.9035 0.3380 0.9118 0.9140
stonegolem.jpg
17 42.9984 -29.7977 177.5861 0.4440 -0.3433 0.8276 0.9105 0.8839
17 49.9785 -16.7989 179.2340 0.4440 -0.3433 0.8276 0.9816 0.9659
17 18.9898 -14.7845 192.2858 0.3533 -0.3020 0.8854 0.8523 1.0005
stonegolem.jpg
17 55.2972 -6.2653 163.9108 0.8958 0.3706 0.2454 0.5564 0.8878
17 43.6671 8.2676 160.2254 0.7648 0.6368 0.0979 0.6079 0.8339
17 48.6314 -0.7098 179.8482 0.8958 0.3706 0.2454 0.6061 0.9304
stonegolem.jpg
17 48.6314 -0.7098 179.8482 0.8958 0.3706 0.2454 0.6061 0.9304
17 49.9785 -16.7989 179.2340 0.9284 0.0638 0.3661 0.5951 0.9614
17 55.2972 -6.2653 163.9108 0.8958 0.3706 0.2454 0.5564 0.8878
stonegolem.jpg
17 43.6671 8.2676 160.2254 0.4800 0.5463 -0.6864 0.6098 0.7462
17 14.3283 16.9464 146.6185 -0.1071 0.2379 -0.9654 0.6870 0.6765
17 15.6942 15.0046 166.5711 0.2499 0.9652 0.0768 0.6831 0.7636
stonegolem.jpg
17 15.6942 15.0046 166.5711 0.2711 0.9220 0.2764 0.6831 0.7636
17 14.3283 16.9464 146.6185 -0.1071 0.2379 -0.9654 0.6870 0.6765
17 6.2495 21.5615 153.9619 -0.6274 0.6873 -0.3660 0.7801 0.6778
stonegolem.jpg
17 6.2495 21.5615 153.9619 -0.6274 0.6873 -0.3660 0.7801 0.6778
17 1.2544 15.0328 165.9538 -0.8202 0.5712 -0.0307 0.7785 0.7618
17 15.6942 15.0046 166.5711 0.2711 0.9220 0.2764 0.6831 0.7636
stonegolem.jpg
17 28.7785 -38.8091 147.2540 0.4896 -0.3477 -0.7996 0.8141 0.7474
17 45.9889 -22.0350 152.6122 0.3551 -0.0665 -0.9325 0.9375 0.8042
17 55.1166 -29.3362 169.3724 0.7426 -0.6643 -0.0854 0.9492 0.8586
stonegolem.jpg
17 55.1166 -29.3362 169.3724 0.7426 -0.6643 -0.0854 0.9492 0.8586
17 36.9749 -38.5159 158.9742 0.5840 -0.7116 -0.3906 0.8819 0.8404
17 28.7785 -38.8091 147.2540 0.4896 -0.3477 -0.7996 0.8141 0.7474
stonegolem.jpg
17 48.3481 -1.1342 160.7789 0.3224 0.0578 -0.9448 0.9690 0.7787
17 55.2972 -6.2653 163.9108 0.2578 -0.2245 -0.9398 0.9975 0.8590
17 55.1166 -29.3362 169.3724 0.6341 -0.0821 -0.7689 0.9492 0.8586
stonegolem.jpg
17 55.1166 -29.3362 169.3724 0.6341 -0.0821 -0.7689 0.9492 0.8586
17 45.9889 -22.0350 152.6122 0.4820 0.2712 -0.8332 0.9375 0.8042
17 48.3481 -1.1342 160.7789 0.3224 0.0578 -0.9448 0.9690 0.7787
stonegolem.jpg
17 55.2972 -6.2653 163.9108 0.5288 0.2149 -0.8211 0.5564 0.8878
17 48.3481 -1.1342 160.7789 0.3224 0.0578 -0.9448 0.5766 0.8012
17 43.6671 8.2676 160.2254 0.3144 0.1010 -0.9439 0.6079 0.8339
stonegolem.jpg
17 42.9984 -29.7977 177.5861 0.4440 -0.3433 0.8276 0.9105 0.8839
17 55.1166 -29.3362 169.3724 0.7426 -0.6643 -0.0854 0.9630 0.8719
17 49.9785 -16.7989 179.2340 0.4440 -0.3433 0.8276 0.9816 0.9659
stonegolem.jpg
17 27.5569 -42.5561 178.0312 0.3300 -0.8761 -0.3515 0.9397 0.0600
17 18.2784 -38.7069 159.7247 0.3300 -0.8761 -0.3515 0.9907 0.0097
17 35.8682 -32.6832 161.2254 0.3300 -0.8761 -0.3515 0.8904 0.0097
stonegolem.jpg
17 27.5569 -42.5561 178.0312 -0.7740 -0.5718 0.2720 0.9397 0.0600
17 11.7968 -19.6797 181.2794 -0.7740 -0.5718 0.2720 0.9907 0.1099
17 18.2784 -38.7069 159.7247 -0.7740 -0.5718 0.2720 0.9907 0.0097
stonegolem.jpg
17 27.5569 -42.5561 178.0312 -0.0201 -0.1541 0.9879 0.9397 0.0600
17 39.3207 -14.0933 182.7101 -0.0201 -0.1541 0.9879 0.8904 0.1099
17 11.7968 -19.6797 181.2794 -0.0201 -0.1541 0.9879 0.9907 0.1099
stonegolem.jpg
17 27.5569 -42.5561 178.0312 0.8922 -0.4024 0.2048 0.9397 0.0600
17 35.8682 -32.6832 161.2254 0.8922 -0.4024 0.2048 0.8904 0.0097
17 39.3207 -14.0933 182.7101 0.8922 -0.4024 0.2048 0.8904 0.1099
stonegolem.jpg
17 35.8682 -32.6832 161.2254 -0.4789 0.7985 -0.3648 0.8904 0.0097
17 18.2784 -38.7069 159.7247 0.0742 0.9008 -0.4278 0.9907 0.0097
17 26.3792 -31.1388 177.0646 -0.1506 0.7598 -0.6325 0.9406 0.0598
stonegolem.jpg
17 18.2784 -38.7069 159.7247 0.0742 0.9008 -0.4278 0.9907 0.0097
17 11.7968 -19.6797 181.2794 0.2215 0.5723 -0.7896 0.9907 0.1099
17 26.3792 -31.1388 177.0646 -0.1506 0.7598 -0.6325 0.9406 0.0598
stonegolem.jpg
17 11.7968 -19.6797 181.2794 0.2215 0.5723 -0.7896 0.9907 0.1099
17 39.3207 -14.0933 182.7101 -0.3617 0.5289 -0.7677 0.8904 0.1099
17 26.3792 -31.1388 177.0646 -0.1506 0.7598 -0.6325 0.9406 0.0598
stonegolem.jpg
17 39.3207 -14.0933 182.7101 -0.3617 0.5289 -0.7677 0.8904 0.1099
17 35.8682 -32.6832 161.2254 -0.4789 0.7985 -0.3648 0.8904 0.0097
17 26.3792 -31.1388 177.0646 -0.1506 0.7598 -0.6325 0.9406 0.0598
stonegolem.jpg
17 23.1277 -2.7903 190.2283 0.1154 -0.5514 0.8262 0.9397 0.0600
17 9.2389 -14.9842 184.0287 0.1154 -0.5514 0.8262 0.9907 0.0097
17 37.1890 -10.1938 183.3235 0.1154 -0.5514 0.8262 0.8904 0.0097
stonegolem.jpg
17 23.1277 -2.7903 190.2283 -0.5763 0.2630 0.7738 0.9397 0.0600
17 10.4833 6.7284 177.5754 -0.5763 0.2630 0.7738 0.9907 0.1099
17 9.2389 -14.9842 184.0287 -0.5763 0.2630 0.7738 0.9907 0.0097
stonegolem.jpg
17 23.1277 -2.7903 190.2283 -0.0335 0.7823 0.6220 0.9397 0.0600
17 29.8516 4.9981 180.7942 -0.0335 0.7823 0.6220 0.8904 0.1099
17 10.4833 6.7284 177.5754 -0.0335 0.7823 0.6220 0.9907 0.1099
stonegolem.jpg
17 23.1277 -2.7903 190.2283 0.5637 0.3932 0.7264 0.9397 0.0600
17 37.1890 -10.1938 183.3235 0.5637 0.3932 0.7264 0.8904 0.0097
17 29.8516 4.9981 180.7942 0.5637 0.3932 0.7264 0.8904 0.1099
stonegolem.jpg
17 37.1890 -10.1938 183.3235 -0.4044 -0.0110 -0.9145 0.8904 0.0097
17 9.2389 -14.9842 184.0287 0.3171 0.0792 -0.9451 0.9907 0.0097
17 22.2626 1.5495 189.7835 -0.0285 -0.4069 -0.9130 0.9406 0.0598
stonegolem.jpg
17 9.2389 -14.9842 184.0287 0.3171 0.0792 -0.9451 0.9907 0.0097
17 10.4833 6.7284 177.5754 0.3589 -0.6831 -0.6361 0.9907 0.1099
17 22.2626 1.5495 189.7835 -0.0285 -0.4069 -0.9130 0.9406 0.0598
stonegolem.jpg
17 10.4833 6.7284 177.5754 0.3589 -0.6831 -0.6361 0.9907 0.1099
17 29.8516 4.9981 180.7942 -0.3500 -0.7370 -0.5782 0.8904 0.1099
17 22.2626 1.5495 189.7835 -0.0285 -0.4069 -0.9130 0.9406 0.0598
stonegolem.jpg
17 29.8516 4.9981 180.7942 -0.3500 -0.7370 -0.5782 0.8904 0.1099
17 37.1890 -10.1938 183.3235 -0.4044 -0.0110 -0.9145 0.8904 0.0097
17 22.2626 1.5495 189.7835 -0.0285 -0.4069 -0.9130 0.9406 0.0598
stonegolem.jpg
17 13.6948 -39.0201 179.6439 -0.7219 -0.6879 0.0748 0.1167 0.6161
17 8.1104 -17.1289 187.6164 -0.7184 0.1839 0.6708 0.0923 0.7899
17 16.9317 -14.4080 158.6341 -0.7585 -0.0963 -0.6445 0.3524 0.7429
stonegolem.jpg
17 16.9317 -14.4080 158.6341 -0.7585 -0.0963 -0.6445 0.3524 0.7429
17 14.3399 -41.8069 163.1728 -0.8744 -0.3892 -0.2898 0.1961 0.5540
17 13.6948 -39.0201 179.6439 -0.7219 -0.6879 0.0748 0.1167 0.6161
stonegolem.jpg
17 0.4727 4.7672 178.9060 -0.9590 -0.2445 0.1430 0.1471 0.9030
17 1.2544 15.0328 165.9538 -0.5761 0.7225 0.3822 0.2270 0.9832
17 16.9317 -14.4080 158.6341 -0.7585 -0.0963 -0.6445 0.3524 0.7429
stonegolem.jpg
17 16.9317 -14.4080 158.6341 -0.7585 -0.0963 -0.6445 0.3524 0.7429
17 8.1104 -17.1289 187.6164 -0.7184 0.1839 0.6708 0.0923 0.7899
17 0.4727 4.7672 178.9060 -0.9590 -0.2445 0.1430 0.1471 0.9030
stonegolem.jpg
17 16.9317 -14.4080 158.6341 -0.7402 0.0751 -0.6682 0.3524 0.7429
17 28.7785 -38.8091 147.2540 0.0455 -0.4751 -0.8787 0.4216 0.4641
17 23.4371 -41.4257 148.3918 -0.1919 -0.6646 -0.7222 0.3304 0.4487
stonegolem.jpg
17 23.4371 -41.4257 148.3918 -0.1919 -0.6646 -0.7222 0.3304 0.4487
17 21.7836 -45.7288 157.0814 -0.1018 -0.9923 -0.0710 0.3190 0.5278
17 16.9317 -14.4080 158.6341 -0.7402 0.0751 -0.6682 0.3524 0.7429
stonegolem.jpg
17 14.3399 -41.8069 163.1728 -0.8744 -0.3892 -0.2898 0.2377 0.5054
17 16.9317 -14.4080 158.6341 -0.7585 -0.0963 -0.6445 0.1961 0.5540
17 21.7836 -45.7288 157.0814 -0.6519 -0.0635 -0.7557 0.3524 0.7429
stonegolem.jpg
17 16.9317 -14.4080 158.6341 -0.4017 -0.1638 -0.9010 0.3524 0.7429
17 6.2495 21.5615 153.9619 -0.6274 0.6873 -0.3660 0.2976 0.9887
17 14.3283 16.9464 146.6185 -0.1071 0.2379 -0.9654 0.5230 0.9753
stonegolem.jpg
17 14.3283 16.9464 146.6185 -0.1071 0.2379 -0.9654 0.5230 0.9753
17 43.6671 8.2676 160.2254 0.4800 0.5463 -0.6864 0.6051 0.8612
17 16.9317 -14.4080 158.6341 -0.4017 -0.1638 -0.9010 0.3524 0.7429
stonegolem.jpg
17 1.2544 15.0328 165.9538 -0.8202 0.5712 -0.0307 0.2270 0.9832
17 6.2495 21.5615 153.9619 -0.6274 0.6873 -0.3660 0.2976 0.9887
17 16.9317 -14.4080 158.6341 -0.4017 -0.1638 -0.9010 0.3524 0.7429
stonegolem.jpg
17 45.9889 -22.0350 152.6122 0.3551 -0.0665 -0.9325 0.5979 0.6693
17 28.7785 -38.8091 147.2540 0.4896 -0.3477 -0.7996 0.4216 0.4641
17 16.9317 -14.4080 158.6341 -0.4017 -0.1638 -0.9010 0.3524 0.7429
stonegolem.jpg
17 16.9317 -14.4080 158.6341 -0.7585 -0.0963 -0.6445 0.3524 0.7429
17 43.6671 8.2676 160.2254 0.3144 0.1010 -0.9439 0.6051 0.8612
17 48.3481 -1.1342 160.7789 0.3224 0.0578 -0.9448 0.6573 0.7954
stonegolem.jpg
17 48.3481 -1.1342 160.7789 0.3224 0.0578 -0.9448 0.6573 0.7954
17 45.9889 -22.0350 152.6122 0.4820 0.2712 -0.8332 0.5979 0.6693
17 16.9317 -14.4080 158.6341 -0.7585 -0.0963 -0.6445 0.3524 0.7429
stonegolem.jpg
17 -31.2637 -20.0055 123.8701 -0.5282 -0.2600 -0.8083 0.4662 0.7407
17 -46.4923 -19.5290 139.8637 -0.9738 -0.2243 0.0380 0.5127 0.9464
17 -39.6531 -10.9907 124.9860 -0.6091 0.0444 -0.7919 0.5324 0.7273
stonegolem.jpg
17 -46.4923 -19.5290 139.8637 -0.9738 -0.2243 0.0380 0.5127 0.9464
17 -31.2637 -20.0055 123.8701 -0.5282 -0.2600 -0.8083 0.4662 0.7407
17 -36.9413 -42.9590 137.1878 -0.8792 -0.4669 0.0951 0.4194 0.9339
stonegolem.jpg
17 -16.8416 -39.7226 118.5923 0.2883 -0.5704 -0.7691 0.2208 0.6746
17 1.9034 -44.0860 134.3668 0.7427 -0.6366 0.2077 0.1804 0.8978
17 -18.8562 -52.6475 140.6311 0.2008 -0.6239 0.7553 0.2804 0.9863
stonegolem.jpg
17 1.9034 -44.0860 134.3668 0.7427 -0.6366 0.2077 0.1804 0.8978
17 -16.8416 -39.7226 118.5923 0.2883 -0.5704 -0.7691 0.2208 0.6746
17 3.0912 -37.1123 124.6477 0.6103 0.0032 -0.7921 0.1666 0.7708
stonegolem.jpg
17 -36.9413 -42.9590 137.1878 -0.8792 -0.4669 0.0951 0.4194 0.9339
17 -16.8416 -39.7226 118.5923 -0.4348 -0.3557 -0.8273 0.2208 0.6746
17 -18.8562 -52.6475 140.6311 0.2008 -0.6239 0.7553 0.2804 0.9863
stonegolem.jpg
17 -24.5288 15.0853 126.4147 -0.5095 0.5953 -0.6212 0.7024 0.7488
17 -40.7018 6.9524 141.2561 -0.8447 0.5234 0.1117 0.6061 0.9588
17 -23.4056 17.0262 143.2867 -0.1660 0.5567 0.8140 0.6921 0.9364
stonegolem.jpg
17 -40.7018 6.9524 141.2561 -0.8447 0.5234 0.1117 0.6061 0.9588
17 -24.5288 15.0853 126.4147 -0.5095 0.5953 -0.6212 0.7024 0.7488
17 -33.9116 0.7475 125.3140 -0.4345 0.3481 -0.8307 0.6034 0.6945
stonegolem.jpg
17 4.0490 -11.0174 138.8717 0.9362 0.2331 0.2630 -0.0088 1.0288
17 3.0912 -37.1123 124.6477 0.6103 0.0032 -0.7921 0.1666 0.7708
17 -2.3423 -9.2515 129.4448 0.6643 0.3975 -0.6330 -0.0133 0.6943
stonegolem.jpg
17 3.0912 -37.1123 124.6477 0.6103 0.0032 -0.7921 0.1666 0.7708
17 4.0490 -11.0174 138.8717 0.9362 0.2331 0.2630 -0.0088 1.0288
17 1.9034 -44.0860 134.3668 0.7427 -0.6366 0.2077 0.1804 0.8978
stonegolem.jpg
17 -18.8562 -52.6475 140.6311 0.2008 -0.6239 0.7553 0.8294 0.6809
17 -3.1118 -23.2181 142.5776 0.4140 -0.0756 0.9071 0.8086 0.7930
17 -25.6364 -23.8676 151.4888 -0.1621 -0.0986 0.9818 0.8661 0.7867
stonegolem.jpg
17 -3.1118 -23.2181 142.5776 0.4140 -0.0756 0.9071 0.8086 0.7930
17 -18.8562 -52.6475 140.6311 0.2008 -0.6239 0.7553 0.8294 0.6809
17 1.9034 -44.0860 134.3668 0.7427 -0.6366 0.2077 0.7037 0.6789
stonegolem.jpg
17 4.0490 -11.0174 138.8717 0.9362 0.2331 0.2630 0.6231 0.8333
17 -3.1118 -23.2181 142.5776 0.4140 -0.0756 0.9071 0.8086 0.7930
17 1.9034 -44.0860 134.3668 0.7427 -0.6366 0.2077 0.7037 0.6789
stonegolem.jpg
17 -39.6531 -10.9907 124.9860 -0.6091 0.0444 -0.7919 0.8911 0.8619
17 -21.1562 -14.0986 122.5931 0.1315 0.1375 -0.9817 0.7575 0.8248
17 -31.2637 -20.0055 123.8701 -0.5282 -0.2600 -0.8083 0.9044 0.8200
stonegolem.jpg
17 -21.1562 -14.0986 122.5931 0.1315 0.1375 -0.9817 0.7575 0.8248
17 -39.6531 -10.9907 124.9860 -0.6091 0.0444 -0.7919 0.8911 0.8619
17 -33.9116 0.7475 125.3140 -0.4992 0.2672 -0.8243 0.8778 0.9039
stonegolem.jpg
17 -16.8416 -39.7226 118.5923 0.2883 -0.5704 -0.7691 0.7611 0.7116
17 -21.1562 -14.0986 122.5931 0.1315 0.1375 -0.9817 0.7575 0.8248
17 3.0912 -37.1123 124.6477 0.6103 0.0032 -0.7921 0.6949 0.6973
stonegolem.jpg
17 -31.2637 -20.0055 123.8701 -0.4344 -0.0775 -0.8974 0.9044 0.8200
17 -21.1562 -14.0986 122.5931 -0.1929 0.1196 -0.9739 0.7575 0.8248
17 -16.8416 -39.7226 118.5923 -0.4348 -0.3557 -0.8273 0.7611 0.7116
stonegolem.jpg
17 -24.5288 15.0853 126.4147 -0.5095 0.5953 -0.6212 0.8191 0.9714
17 -21.1562 -14.0986 122.5931 -0.0697 0.1216 -0.9901 0.7575 0.8248
17 -33.9116 0.7475 125.3140 -0.4345 0.3481 -0.8307 0.8778 0.9039
stonegolem.jpg
17 3.0912 -37.1123 124.6477 0.6103 0.0032 -0.7921 0.6949 0.6973
17 -14.6088 -12.2131 125.1760 0.1339 0.0745 -0.9882 0.7064 0.8298
17 -2.3423 -9.2515 129.4448 0.6643 0.3975 -0.6330 0.6386 0.8366
stonegolem.jpg
17 -14.6088 -12.2131 125.1760 0.1339 0.0745 -0.9882 0.7064 0.8298
17 3.0912 -37.1123 124.6477 0.6103 0.0032 -0.7921 0.6949 0.6973
17 -21.1562 -14.0986 122.5931 0.1315 0.1375 -0.9817 0.7575 0.8248
stonegolem.jpg
17 -3.1118 -23.2181 142.5776 0.4140 -0.0756 0.9071 0.8086 0.7930
17 4.0490 -11.0174 138.8717 0.9362 0.2331 0.2630 0.6231 0.8333
17 -23.4056 17.0262 143.2867 -0.1660 0.5567 0.8140 0.8382 0.9906
stonegolem.jpg
17 -23.4056 17.0262 143.2867 -0.1660 0.5567 0.8140 -0.3079 0.9364
17 -17.8419 9.2284 122.3181 0.4478 0.4725 -0.7591 -0.1659 0.7098
17 -24.5288 15.0853 126.4147 0.1501 0.3769 -0.9140 -0.2750 0.7208
stonegolem.jpg
17 -14.6088 -12.2131 125.1760 0.1339 0.0745 -0.9882 0.7064 0.8298
17 -24.5288 15.0853 126.4147 0.1501 0.3769 -0.9140 0.8191 0.9714
17 -17.8419 9.2284 122.3181 0.4478 0.4725 -0.7591 0.7439 0.9152
stonegolem.jpg
17 -24.5288 15.0853 126.4147 0.1501 0.3769 -0.9140 0.8191 0.9714
17 -14.6088 -12.2131 125.1760 0.1339 0.0745 -0.9882 0.7064 0.8298
17 -21.1562 -14.0986 122.5931 0.1315 0.1375 -0.9817 0.7575 0.8248
stonegolem.jpg
17 -18.8562 -52.6475 140.6311 0.2008 -0.6239 0.7553 0.8294 0.6809
17 -25.6364 -23.8676 151.4888 -0.1621 -0.0986 0.9818 0.8661 0.7867
17 -36.9413 -42.9590 137.1878 -0.8792 -0.4669 0.0951 0.9222 0.7806
stonegolem.jpg
17 -14.6088 -12.2131 125.1760 0.1339 0.0745 -0.9882 0.7064 0.8298
17 -17.8419 9.2284 122.3181 0.4478 0.4725 -0.7591 0.7439 0.9152
17 -2.3423 -9.2515 129.4448 0.6643 0.3975 -0.6330 0.6386 0.8366
stonegolem.jpg
17 -2.3423 -9.2515 129.4448 0.6643 0.3975 -0.6330 -0.0133 0.6943
17 -23.4056 17.0262 143.2867 -0.1660 0.5567 0.8140 -0.3079 0.9364
17 4.0490 -11.0174 138.8717 0.9362 0.2331 0.2630 -0.0088 1.0288
stonegolem.jpg
17 -23.4056 17.0262 143.2867 -0.1660 0.5567 0.8140 -0.3079 0.9364
17 -2.3423 -9.2515 129.4448 0.6643 0.3975 -0.6330 -0.0133 0.6943
17 -17.8419 9.2284 122.3181 0.4478 0.4725 -0.7591 -0.1659 0.7098
stonegolem.jpg
17 -23.4056 17.0262 143.2867 -0.1660 0.5567 0.8140 0.8382 0.9906
17 -25.6364 -23.8676 151.4888 -0.1621 -0.0986 0.9818 0.8659 0.7869
17 -3.1118 -23.2181 142.5776 0.4140 -0.0756 0.9071 0.8086 0.7930
stonegolem.jpg
17 -25.6364 -23.8676 151.4888 -0.1621 -0.0986 0.9818 0.8661 0.7867
17 -46.4923 -19.5290 139.8637 -0.9738 -0.2243 0.0380 0.9285 0.8641
17 -36.9413 -42.9590 137.1878 -0.8792 -0.4669 0.0951 0.9222 0.7806
stonegolem.jpg
17 -25.6364 -23.8676 151.4888 -0.1621 -0.0986 0.9818 0.8661 0.7867
17 -40.7018 6.9524 141.2561 -0.8447 0.5234 0.1117 0.9348 0.9476
17 -46.4923 -19.5290 139.8637 -0.9738 -0.2243 0.0380 0.9285 0.8641
stonegolem.jpg
17 -25.6364 -23.8676 151.4888 -0.1621 -0.0986 0.9818 0.8661 0.7867
17 -23.4056 17.0262 143.2867 -0.1660 0.5567 0.8140 0.8382 0.9906
17 -40.7018 6.9524 141.2561 -0.8447 0.5234 0.1117 0.9348 0.9476
stonegolem.jpg
17 -39.6531 -10.9907 124.9860 -0.6091 0.0444 -0.7919 0.5324 0.7273
17 -40.7018 6.9524 141.2561 -0.8447 0.5234 0.1117 0.6061 0.9588
17 -33.9116 0.7475 125.3140 -0.4992 0.2672 -0.8243 0.6034 0.6945
stonegolem.jpg
17 -40.7018 6.9524 141.2561 -0.8447 0.5234 0.1117 0.6061 0.9588
17 -39.6531 -10.9907 124.9860 -0.6091 0.0444 -0.7919 0.5324 0.7273
17 -46.4923 -19.5290 139.8637 -0.9738 -0.2243 0.0380 0.5127 0.9464
stonegolem.jpg
17 -16.8416 -39.7226 118.5923 -0.4348 -0.3557 -0.8273 0.2208 0.6746
17 -36.9413 -42.9590 137.1878 -0.8792 -0.4669 0.0951 0.4194 0.9339
17 -31.2637 -20.0055 123.8701 -0.4344 -0.0775 -0.8974 0.4662 0.7407
stonegolem.jpg
17 35.0499 -8.7109 126.8964 0.6538 -0.0587 -0.7544 0.4662 0.7407
17 39.8564 2.5514 128.6145 0.6278 0.2551 -0.7354 0.5348 0.7176
17 47.7868 -3.4712 144.1663 0.9858 0.1095 0.1274 0.5127 0.9464
stonegolem.jpg
17 47.7868 -3.4712 144.1663 0.9858 0.1095 0.1274 0.5127 0.9464
17 46.7893 -28.6979 141.0090 0.9720 -0.1517 0.1796 0.4194 0.9339
17 35.0499 -8.7109 126.8964 0.6538 -0.0587 -0.7544 0.4662 0.7407
stonegolem.jpg
17 28.4788 -32.0035 120.6606 -0.0144 -0.6219 -0.7829 0.2208 0.6746
17 32.6910 -43.8679 142.9836 -0.0494 -0.6665 0.7438 0.2804 0.9863
17 10.9094 -42.5521 134.7778 -0.5060 -0.8493 0.1507 0.1804 0.8978
stonegolem.jpg
17 10.9094 -42.5521 134.7778 -0.5060 -0.8493 0.1507 0.1804 0.8978
17 8.3496 -36.2166 124.8877 -0.5044 -0.1867 -0.8430 0.1666 0.7708
17 28.4788 -32.0035 120.6606 -0.0144 -0.6219 -0.7829 0.2208 0.6746
stonegolem.jpg
17 46.7893 -28.6979 141.0090 0.9720 -0.1517 0.1796 0.4194 0.9339
17 32.6910 -43.8679 142.9836 -0.0494 -0.6665 0.7438 0.2804 0.9863
17 28.4788 -32.0035 120.6606 0.5993 -0.1796 -0.7801 0.2208 0.6746
stonegolem.jpg
17 16.9030 22.1420 128.3056 0.3371 0.7395 -0.5826 0.7024 0.7488
17 13.7127 23.3483 144.9807 -0.1000 0.5679 0.8170 0.6921 0.9364
17 33.4736 19.5861 144.6412 0.6110 0.7713 0.1781 0.6061 0.9588
stonegolem.jpg
17 33.4736 19.5861 144.6412 0.6110 0.7713 0.1781 0.6061 0.9588
17 30.5541 11.7274 128.2560 0.3668 0.4846 -0.7941 0.6034 0.6945
17 16.9030 22.1420 128.3056 0.3371 0.7395 -0.5826 0.7024 0.7488
stonegolem.jpg
17 -2.4305 -12.1210 138.5760 -0.9800 -0.0933 0.1755 -0.0088 1.0288
17 3.8264 -8.2008 129.7263 -0.6996 0.1652 -0.6952 -0.0133 0.6943
17 8.3496 -36.2166 124.8877 -0.5044 -0.1867 -0.8430 0.1666 0.7708
stonegolem.jpg
17 8.3496 -36.2166 124.8877 -0.5044 -0.1867 -0.8430 0.1666 0.7708
17 10.9094 -42.5521 134.7778 -0.5060 -0.8493 0.1507 0.1804 0.8978
17 -2.4305 -12.1210 138.5760 -0.9800 -0.0933 0.1755 -0.0088 1.0288
stonegolem.jpg
17 32.6910 -43.8679 142.9836 -0.0494 -0.6665 0.7438 0.8294 0.6809
17 28.5930 -14.6312 153.9636 0.0979 -0.0543 0.9937 0.8661 0.7867
17 8.0011 -21.3254 143.0848 -0.4444 -0.2218 0.8679 0.8086 0.7930
stonegolem.jpg
17 8.0011 -21.3254 143.0848 -0.4444 -0.2218 0.8679 0.8086 0.7930
17 10.9094 -42.5521 134.7778 -0.5060 -0.8493 0.1507 0.7037 0.6789
17 32.6910 -43.8679 142.9836 -0.0494 -0.6665 0.7438 0.8294 0.6809
stonegolem.jpg
17 -2.4305 -12.1210 138.5760 -0.9800 -0.0933 0.1755 0.6231 0.8333
17 10.9094 -42.5521 134.7778 -0.5060 -0.8493 0.1507 0.7037 0.6789
17 8.0011 -21.3254 143.0848 -0.4444 -0.2218 0.8679 0.8086 0.7930
stonegolem.jpg
17 39.8564 2.5514 128.6145 0.6278 0.2551 -0.7354 0.8911 0.8619
17 35.0499 -8.7109 126.8964 0.6538 -0.0587 -0.7544 0.9044 0.8200
17 23.7135 -6.4563 124.6409 -0.0821 0.1011 -0.9915 0.7575 0.8248
stonegolem.jpg
17 23.7135 -6.4563 124.6409 -0.0821 0.1011 -0.9915 0.7575 0.8248
17 30.5541 11.7274 128.2560 0.4538 0.4295 -0.7808 0.8778 0.9039
17 39.8564 2.5514 128.6145 0.6278 0.2551 -0.7354 0.8911 0.8619
stonegolem.jpg
17 28.4788 -32.0035 120.6606 -0.0144 -0.6219 -0.7829 0.7611 0.7116
17 8.3496 -36.2166 124.8877 -0.5044 -0.1867 -0.8430 0.6949 0.6973
17 23.7135 -6.4563 124.6409 -0.0821 0.1011 -0.9915 0.7575 0.8248
stonegolem.jpg
17 35.0499 -8.7109 126.8964 0.5132 0.0839 -0.8542 0.9044 0.8200
17 28.4788 -32.0035 120.6606 0.5993 -0.1796 -0.7801 0.7611 0.7116
17 23.7135 -6.4563 124.6409 0.2280 0.1913 -0.9547 0.7575 0.8248
stonegolem.jpg
17 16.9030 22.1420 128.3056 0.3371 0.7395 -0.5826 0.8191 0.9714
17 30.5541 11.7274 128.2560 0.3668 0.4846 -0.7941 0.8778 0.9039
17 23.7135 -6.4563 124.6409 0.1129 0.1527 -0.9818 0.7575 0.8248
stonegolem.jpg
17 8.3496 -36.2166 124.8877 -0.5044 -0.1867 -0.8430 0.6949 0.6973
17 3.8264 -8.2008 129.7263 -0.6996 0.1652 -0.6952 0.6386 0.8366
17 16.7095 -6.8789 126.6052 -0.0629 0.0409 -0.9972 0.7064 0.8298
stonegolem.jpg
17 16.7095 -6.8789 126.6052 -0.0629 0.0409 -0.9972 0.7064 0.8298
17 23.7135 -6.4563 124.6409 -0.0821 0.1011 -0.9915 0.7575 0.8248
17 8.3496 -36.2166 124.8877 -0.5044 -0.1867 -0.8430 0.6949 0.6973
stonegolem.jpg
17 8.0011 -21.3254 143.0848 -0.4444 -0.2218 0.8679 0.8086 0.7930
17 13.7127 23.3483 144.9807 -0.1000 0.5679 0.8170 0.8382 0.9906
17 -2.4305 -12.1210 138.5760 -0.9800 -0.0933 0.1755 0.6231 0.8333
stonegolem.jpg
17 13.7127 23.3483 144.9807 -0.1000 0.5679 0.8170 -0.3079 0.9364
17 16.9030 22.1420 128.3056 -0.1846 0.3199 -0.9293 -0.2750 0.7208
17 12.9169 14.4673 123.7218 -0.5097 0.3094 -0.8028 -0.1659 0.7098
stonegolem.jpg
17 16.7095 -6.8789 126.6052 -0.0629 0.0409 -0.9972 0.7064 0.8298
17 12.9169 14.4673 123.7218 -0.5097 0.3094 -0.8028 0.7439 0.9152
17 16.9030 22.1420 128.3056 -0.1846 0.3199 -0.9293 0.8191 0.9714
stonegolem.jpg
17 16.9030 22.1420 128.3056 -0.1846 0.3199 -0.9293 0.8191 0.9714
17 23.7135 -6.4563 124.6409 -0.0821 0.1011 -0.9915 0.7575 0.8248
17 16.7095 -6.8789 126.6052 -0.0629 0.0409 -0.9972 0.7064 0.8298
stonegolem.jpg
17 32.6910 -43.8679 142.9836 -0.0494 -0.6665 0.7438 0.8294 0.6809
17 46.7893 -28.6979 141.0090 0.9720 -0.1517 0.1796 0.9222 0.7806
17 28.5930 -14.6312 153.9636 0.0979 -0.0543 0.9937 0.8661 0.7867
stonegolem.jpg
17 16.7095 -6.8789 126.6052 -0.0629 0.0409 -0.9972 0.7064 0.8298
17 3.8264 -8.2008 129.7263 -0.6996 0.1652 -0.6952 0.6386 0.8366
17 12.9169 14.4673 123.7218 -0.5097 0.3094 -0.8028 0.7439 0.9152
stonegolem.jpg
17 3.8264 -8.2008 129.7263 -0.6996 0.1652 -0.6952 -0.0133 0.6943
17 -2.4305 -12.1210 138.5760 -0.9800 -0.0933 0.1755 -0.0088 1.0288
17 13.7127 23.3483 144.9807 -0.1000 0.5679 0.8170 -0.3079 0.9364
stonegolem.jpg
17 13.7127 23.3483 144.9807 -0.1000 0.5679 0.8170 -0.3079 0.9364
17 12.9169 14.4673 123.7218 -0.5097 0.3094 -0.8028 -0.1659 0.7098
17 3.8264 -8.2008 129.7263 -0.6996 0.1652 -0.6952 -0.0133 0.6943
stonegolem.jpg
17 13.7127 23.3483 144.9807 -0.1000 0.5679 0.8170 0.8382 0.9906
17 8.0011 -21.3254 143.0848 -0.4444 -0.2218 0.8679 0.8086 0.7930
17 28.5930 -14.6312 153.9636 0.0979 -0.0543 0.9937 0.8659 0.7869
stonegolem.jpg
17 28.5930 -14.6312 153.9636 0.0979 -0.0543 0.9937 0.8661 0.7867
17 46.7893 -28.6979 141.0090 0.9720 -0.1517 0.1796 0.9222 0.7806
17 47.7868 -3.4712 144.1663 0.9858 0.1095 0.1274 0.9285 0.8641
stonegolem.jpg
17 28.5930 -14.6312 153.9636 0.0979 -0.0543 0.9937 0.8661 0.7867
17 47.7868 -3.4712 144.1663 0.9858 0.1095 0.1274 0.9285 0.8641
17 33.4736 19.5861 144.6412 0.6110 0.7713 0.1781 0.9348 0.9476
stonegolem.jpg
17 28.5930 -14.6312 153.9636 0.0979 -0.0543 0.9937 0.8661 0.7867
17 33.4736 19.5861 144.6412 0.6110 0.7713 0.1781 0.9348 0.9476
17 13.7127 23.3483 144.9807 -0.1000 0.5679 0.8170 0.8382 0.9906
stonegolem.jpg
17 39.8564 2.5514 128.6145 0.6278 0.2551 -0.7354 0.5348 0.7176
17 30.5541 11.7274 128.2560 0.4538 0.4295 -0.7808 0.6034 0.6945
17 33.4736 19.5861 144.6412 0.6110 0.7713 0.1781 0.6061 0.9588
stonegolem.jpg
17 33.4736 19.5861 144.6412 0.6110 0.7713 0.1781 0.6061 0.9588
17 47.7868 -3.4712 144.1663 0.9858 0.1095 0.1274 0.5127 0.9464
17 39.8564 2.5514 128.6145 0.6278 0.2551 -0.7354 0.5348 0.7176
stonegolem.jpg
17 28.4788 -32.0035 120.6606 0.5993 -0.1796 -0.7801 0.2208 0.6746
17 35.0499 -8.7109 126.8964 0.5132 0.0839 -0.8542 0.4662 0.7407
17 46.7893 -28.6979 141.0090 0.9720 -0.1517 0.1796 0.4194 0.9339
stonegolem.jpg
17 8.9040 23.7034 125.8956 0.8078 -0.5331 -0.2515 0.5577 0.2550
17 12.7471 18.7057 148.8321 0.8078 -0.5331 -0.2515 0.5586 0.3064
17 0.3136 6.2174 135.3672 0.8078 -0.5331 -0.2515 0.5097 0.3024
stonegolem.jpg
17 12.7471 18.7057 148.8321 0.5887 0.8047 0.0767 0.3501 0.6481
17 8.9040 23.7034 125.8956 0.5887 0.8047 0.0767 0.2030 0.7759
17 -4.3007 31.8633 141.6230 0.5887 0.8047 0.0767 0.3531 0.8034
stonegolem.jpg
17 0.3136 6.2174 135.3672 0.4113 -0.8257 0.3861 0.5097 0.3024
17 12.7471 18.7057 148.8321 0.4113 -0.8257 0.3861 0.5586 0.3064
17 -6.1319 13.4366 157.6741 0.4113 -0.8257 0.3861 0.5560 0.3414
stonegolem.jpg
17 -6.1319 13.4366 157.6741 0.1740 0.6369 0.7510 0.4986 0.7407
17 12.7471 18.7057 148.8321 0.1740 0.6369 0.7510 0.3501 0.6481
17 -4.3007 31.8633 141.6230 0.1740 0.6369 0.7510 0.3531 0.8034
stonegolem.jpg
17 8.9040 23.7034 125.8956 0.0589 -0.4977 -0.8654 0.7862 0.7146
17 0.3136 6.2174 135.3672 0.0589 -0.4977 -0.8654 0.6676 0.8497
17 -16.0238 18.5329 127.1713 0.0589 -0.4977 -0.8654 0.7667 0.8437
stonegolem.jpg
17 -4.3007 31.8633 141.6230 -0.1942 0.7945 -0.5753 0.3531 0.8034
17 8.9040 23.7034 125.8956 -0.1942 0.7945 -0.5753 0.2030 0.7759
17 -16.0238 18.5329 127.1713 -0.1942 0.7945 -0.5753 0.3256 0.9437
stonegolem.jpg
17 0.3136 6.2174 135.3672 -0.5442 -0.8385 0.0260 0.6676 0.8497
17 -6.1319 13.4366 157.6741 -0.5068 -0.8523 0.1294 0.7785 0.9772
17 -18.5265 18.7074 143.8515 -0.5442 -0.8385 0.0260 0.7655 0.9224
stonegolem.jpg
17 -6.1319 13.4366 157.6741 -0.4614 0.6083 0.6457 0.4986 0.7407
17 -4.3007 31.8633 141.6230 -0.6243 0.7246 0.2919 0.3531 0.8034
17 -18.5265 18.7074 143.8515 -0.6243 0.7246 0.2919 0.4492 0.8893
stonegolem.jpg
17 -18.5265 18.7074 143.8515 -0.6243 0.7246 0.2919 0.4492 0.8893
17 -4.3007 31.8633 141.6230 -0.6243 0.7246 0.2919 0.3531 0.8034
17 -16.0238 18.5329 127.1713 -0.6841 0.7210 -0.1102 0.3256 0.9437
stonegolem.jpg
17 0.3136 6.2174 135.3672 -0.5442 -0.8385 0.0260 0.6676 0.8497
17 -18.5265 18.7074 143.8515 -0.5442 -0.8385 0.0260 0.7655 0.9224
17 -16.0238 18.5329 127.1713 -0.5750 -0.8145 -0.0777 0.7667 0.8437
stonegolem.jpg
17 41.4079 11.7297 147.7237 0.0221 -0.3342 -0.9422 0.5577 0.2550
17 32.6430 9.6500 158.8447 -0.9557 -0.2503 0.1549 0.5586 0.3064
17 42.1992 19.4758 159.7508 -0.6440 0.6617 -0.3838 0.5097 0.3024
stonegolem.jpg
17 41.4079 11.7297 147.7237 0.0221 -0.3342 -0.9422 0.7862 0.7146
17 54.5229 13.8924 157.9340 0.8068 0.5309 -0.2592 0.7667 0.8437
17 50.2151 9.2076 171.1848 0.4408 -0.6293 0.6401 0.8765 0.8522
stonegolem.jpg
17 32.6430 9.6500 158.8447 -0.9557 -0.2503 0.1549 0.8168 0.7470
17 41.4079 11.7297 147.7237 0.0221 -0.3342 -0.9422 0.7862 0.7146
17 50.2151 9.2076 171.1848 0.4408 -0.6293 0.6401 0.8765 0.8522
stonegolem.jpg
17 32.6430 9.6500 158.8447 -0.9557 -0.2503 0.1549 0.8168 0.7470
17 50.2151 9.2076 171.1848 0.4408 -0.6293 0.6401 0.8765 0.8522
17 40.6228 13.4539 170.3957 -0.4653 0.4217 0.7783 0.8390 0.7804
stonegolem.jpg
17 42.1992 19.4758 159.7508 -0.7028 0.6587 0.2686 0.5097 0.3024
17 32.6430 9.6500 158.8447 -0.9557 -0.2503 0.1549 0.5586 0.3064
17 40.6228 13.4539 170.3957 -0.4653 0.4217 0.7783 0.5560 0.3414
stonegolem.jpg
17 41.4079 11.7297 147.7237 0.0221 -0.3342 -0.9422 0.7862 0.7146
17 42.1992 19.4758 159.7508 0.2829 0.7978 -0.5324 0.6676 0.8497
17 54.5229 13.8924 157.9340 0.8068 0.5309 -0.2592 0.7667 0.8437
stonegolem.jpg
17 42.1992 19.4758 159.7508 0.3710 0.8051 0.4629 0.6676 0.8497
17 40.6228 13.4539 170.3957 -0.4653 0.4217 0.7783 0.7785 0.9772
17 50.2151 9.2076 171.1848 0.4408 -0.6293 0.6401 0.7655 0.9224
stonegolem.jpg
17 42.1992 19.4758 159.7508 0.3710 0.8051 0.4629 0.6676 0.8497
17 50.2151 9.2076 171.1848 0.4408 -0.6293 0.6401 0.7655 0.9224
17 54.5229 13.8924 157.9340 0.8068 0.5309 -0.2592 0.7667 0.8437
stonegolem.jpg
17 -48.5406 -3.5904 143.6187 0.1730 -0.3085 -0.9354 0.5577 0.2550
17 -52.9079 3.2770 155.4104 0.4205 0.8431 -0.3352 0.5097 0.3024
17 -40.6017 -2.8251 155.5020 0.9670 0.0771 0.2427 0.5586 0.3064
stonegolem.jpg
17 -48.5406 -3.5904 143.6187 0.1730 -0.3085 -0.9354 0.7862 0.7146
17 -58.0603 -9.2340 166.2435 -0.2630 -0.7492 0.6079 0.8765 0.8522
17 -62.4830 -6.0361 152.5942 -0.9106 0.2384 -0.3376 0.7667 0.8437
stonegolem.jpg
17 -40.6017 -2.8251 155.5020 0.9670 0.0771 0.2427 0.8168 0.7470
17 -58.0603 -9.2340 166.2435 -0.2630 -0.7492 0.6079 0.8765 0.8522
17 -48.5406 -3.5904 143.6187 0.1730 -0.3085 -0.9354 0.7862 0.7146
stonegolem.jpg
17 -40.6017 -2.8251 155.5020 0.9670 0.0771 0.2427 0.8168 0.7470
17 -50.3795 -2.0457 166.2426 0.2290 0.5400 0.8099 0.8390 0.7804
17 -58.0603 -9.2340 166.2435 -0.2630 -0.7492 0.6079 0.8765 0.8522
stonegolem.jpg
17 -52.9079 3.2770 155.4104 0.4190 0.8498 0.3198 0.5097 0.3024
17 -50.3795 -2.0457 166.2426 0.2290 0.5400 0.8099 0.5560 0.3414
17 -40.6017 -2.8251 155.5020 0.9670 0.0771 0.2427 0.5586 0.3064
stonegolem.jpg
17 -48.5406 -3.5904 143.6187 0.1730 -0.3085 -0.9354 0.7862 0.7146
17 -62.4830 -6.0361 152.5942 -0.9106 0.2384 -0.3376 0.7667 0.8437
17 -52.9079 3.2770 155.4104 -0.4823 0.6674 -0.5674 0.6676 0.8497
stonegolem.jpg
17 -52.9079 3.2770 155.4104 -0.6555 0.6302 0.4160 0.6676 0.8497
17 -58.0603 -9.2340 166.2435 -0.2630 -0.7492 0.6079 0.7655 0.9224
17 -50.3795 -2.0457 166.2426 0.2290 0.5400 0.8099 0.7785 0.9772
stonegolem.jpg
17 -52.9079 3.2770 155.4104 -0.6555 0.6302 0.4160 0.6676 0.8497
17 -62.4830 -6.0361 152.5942 -0.9106 0.2384 -0.3376 0.7667 0.8437
17 -58.0603 -9.2340 166.2435 -0.2630 -0.7492 0.6079 0.7655 0.9224
stonegolem.jpg
9 -40.4366 -12.6251 74.5885 -0.4470 -0.7193 -0.5318 0.9155 0.4882
9 -40.1892 0.4048 56.7560 -0.5240 -0.0539 -0.8500 0.8486 0.5502
9 -35.4288 -4.2688 58.9538 0.1392 -0.1209 -0.9829 0.9154 0.5534
stonegolem.jpg
9 -40.1892 0.4048 56.7560 -0.5240 -0.0539 -0.8500 0.8486 0.5502
9 -40.4366 -12.6251 74.5885 -0.4470 -0.7193 -0.5318 0.9155 0.4882
9 -51.7010 -4.6784 73.0242 -0.9328 -0.1334 -0.3349 0.8541 0.4757
stonegolem.jpg
9 -27.0063 9.2811 87.6355 0.7874 0.3965 0.4720 0.8791 0.3017
9 -30.7785 -0.7022 90.2971 0.7552 -0.2098 0.6210 0.8959 0.3432
9 -20.7600 7.4425 72.2952 0.9980 -0.0586 0.0218 0.9280 0.3217
stonegolem.jpg
9 -30.7785 -0.7022 90.2971 0.7552 -0.2098 0.6210 0.8959 0.3432
9 -27.0063 9.2811 87.6355 0.7874 0.3965 0.4720 0.8791 0.3017
9 -33.8920 6.6282 89.6618 -0.2004 0.1571 0.9670 0.8425 0.3313
stonegolem.jpg
9 -38.7924 16.5662 84.9338 0.1343 0.5282 0.8385 0.7988 0.3163
9 -27.0063 9.2811 87.6355 0.7874 0.3965 0.4720 0.8791 0.3017
9 -32.7405 19.9555 80.9619 0.5221 0.8312 0.1908 0.8415 0.2554
stonegolem.jpg
9 -27.0063 9.2811 87.6355 0.7874 0.3965 0.4720 0.8791 0.3017
9 -38.7924 16.5662 84.9338 0.1343 0.5282 0.8385 0.7988 0.3163
9 -33.8920 6.6282 89.6618 -0.1832 0.1944 0.9637 0.8425 0.3313
stonegolem.jpg
9 -44.6441 1.1006 84.0109 -0.4266 -0.2575 0.8670 0.8090 0.3951
9 -30.7785 -0.7022 90.2971 -0.4266 -0.2575 0.8670 0.8959 0.3432
9 -33.8920 6.6282 89.6618 -0.1832 0.1944 0.9637 0.8425 0.3313
stonegolem.jpg
9 -30.7785 -0.7022 90.2971 -0.4266 -0.2575 0.8670 0.8959 0.3432
9 -44.6441 1.1006 84.0109 -0.4266 -0.2575 0.8670 0.8090 0.3951
9 -34.2791 -10.1821 83.7185 0.1296 -0.8796 0.4577 0.8894 0.4104
stonegolem.jpg
9 -38.7924 16.5662 84.9338 -0.4251 0.8105 0.4029 0.7988 0.3163
9 -38.9088 17.5267 71.6254 -0.2240 0.9263 -0.3029 0.8208 0.1938
9 -44.8606 15.2629 74.0459 -0.3293 0.9416 0.0708 0.7778 0.1901
stonegolem.jpg
9 -38.9088 17.5267 71.6254 -0.2240 0.9263 -0.3029 0.8208 0.1938
9 -38.7924 16.5662 84.9338 -0.4251 0.8105 0.4029 0.7988 0.3163
9 -32.7405 19.9555 80.9619 0.5221 0.8312 0.1908 0.8415 0.2554
stonegolem.jpg
9 -51.7010 -4.6784 73.0242 -0.9328 -0.1334 -0.3349 0.8541 0.4757
9 -34.2791 -10.1821 83.7185 -0.5488 -0.5935 0.5887 0.8894 0.4104
9 -44.6441 1.1006 84.0109 -0.7940 -0.0384 0.6067 0.8090 0.3951
stonegolem.jpg
9 -34.2791 -10.1821 83.7185 -0.5488 -0.5935 0.5887 0.8894 0.4104
9 -51.7010 -4.6784 73.0242 -0.9328 -0.1334 -0.3349 0.8541 0.4757
9 -40.4366 -12.6251 74.5885 -0.5352 -0.6532 0.5357 0.9155 0.4882
stonegolem.jpg
9 -33.8920 6.6282 89.6618 -0.2004 0.1571 0.9670 0.8425 0.3313
9 -44.5286 12.6568 84.0806 -0.3978 0.1379 0.9071 0.7655 0.3733
9 -44.6441 1.1006 84.0109 -0.7940 -0.0384 0.6067 0.8090 0.3951
stonegolem.jpg
9 -44.5286 12.6568 84.0806 -0.3978 0.1379 0.9071 0.7655 0.3733
9 -33.8920 6.6282 89.6618 -0.2004 0.1571 0.9670 0.8425 0.3313
9 -38.7924 16.5662 84.9338 -0.4251 0.8105 0.4029 0.7988 0.3163
stonegolem.jpg
9 -44.6441 1.1006 84.0109 -0.7940 -0.0384 0.6067 0.8090 0.3951
9 -49.0415 4.1570 69.7465 -0.8878 0.4305 -0.1629 0.7997 0.4848
9 -51.7010 -4.6784 73.0242 -0.9328 -0.1334 -0.3349 0.8541 0.4757
stonegolem.jpg
9 -49.0415 4.1570 69.7465 -0.8878 0.4305 -0.1629 0.7997 0.4848
9 -44.6441 1.1006 84.0109 -0.7940 -0.0384 0.6067 0.8090 0.3951
9 -44.5286 12.6568 84.0806 -0.9551 0.0078 0.2961 0.7713 0.4072
stonegolem.jpg
9 -40.1892 0.4048 56.7560 -0.5240 -0.0539 -0.8500 0.8460 0.5523
9 -49.0415 4.1570 69.7465 -0.8987 0.2261 -0.3758 0.7997 0.4848
9 -45.4168 5.3384 65.7325 -0.4458 0.5420 -0.7123 0.7892 0.6041
stonegolem.jpg
9 -49.0415 4.1570 69.7465 -0.8987 0.2261 -0.3758 0.7997 0.4848
9 -40.1892 0.4048 56.7560 -0.5240 -0.0539 -0.8500 0.8460 0.5523
9 -51.7010 -4.6784 73.0242 -0.9328 -0.1334 -0.3349 0.8541 0.4757
stonegolem.jpg
9 -38.7924 16.5662 84.9338 -0.5714 0.7895 0.2239 0.7988 0.3163
9 -44.8606 15.2629 74.0459 -0.6115 0.7315 -0.3015 0.7778 0.1901
9 -44.5286 12.6568 84.0806 -0.5714 0.7895 0.2239 0.7655 0.3733
stonegolem.jpg
9 -44.5286 12.6568 84.0806 -0.9435 0.3118 0.1122 0.7655 0.3733
9 -44.8606 15.2629 74.0459 -0.9435 0.3118 0.1122 0.7256 0.5196
9 -49.0415 4.1570 69.7465 -0.8987 0.2261 -0.3758 0.7765 0.4795
stonegolem.jpg
9 -49.0415 4.1570 69.7465 -0.8878 0.4305 -0.1629 0.7765 0.4795
9 -38.9088 17.5267 71.6254 -0.2240 0.9263 -0.3029 0.7361 0.6343
9 -45.4168 5.3384 65.7325 -0.4458 0.5420 -0.7123 0.7892 0.6041
stonegolem.jpg
9 -38.9088 17.5267 71.6254 -0.2240 0.9263 -0.3029 0.7361 0.6343
9 -49.0415 4.1570 69.7465 -0.8878 0.4305 -0.1629 0.7765 0.4795
9 -44.8606 15.2629 74.0459 -0.6115 0.7315 -0.3015 0.7256 0.5196
stonegolem.jpg
9 -34.2791 -10.1821 83.7185 0.8212 -0.5606 0.1070 0.8894 0.4104
9 -20.7600 7.4425 72.2952 0.9980 -0.0586 0.0218 0.9280 0.3217
9 -30.7785 -0.7022 90.2971 0.7552 -0.2098 0.6210 0.8959 0.3432
stonegolem.jpg
9 -20.7600 7.4425 72.2952 0.9980 -0.0586 0.0218 0.9280 0.3217
9 -34.2791 -10.1821 83.7185 0.8212 -0.5606 0.1070 0.8894 0.4104
9 -26.4035 0.9318 63.0868 0.7382 -0.0206 -0.6742 0.9442 0.4102
stonegolem.jpg
9 -26.4035 0.9318 63.0868 0.7382 -0.0206 -0.6742 0.9694 0.5529
9 -40.4366 -12.6251 74.5885 0.5804 -0.7849 -0.2169 0.9155 0.4882
9 -35.4288 -4.2688 58.9538 0.1392 -0.1209 -0.9829 0.9154 0.5534
stonegolem.jpg
9 -40.4366 -12.6251 74.5885 0.5804 -0.7849 -0.2169 0.9155 0.4882
9 -26.4035 0.9318 63.0868 0.7382 -0.0206 -0.6742 0.9694 0.5529
9 -34.2791 -10.1821 83.7185 0.1296 -0.8796 0.4577 0.9728 0.4857
stonegolem.jpg
9 -35.4288 -4.2688 58.9538 0.1392 -0.1209 -0.9829 0.7408 0.8480
9 -28.2798 13.1497 66.4181 0.4058 0.6594 -0.6328 0.8054 0.7678
9 -26.4035 0.9318 63.0868 0.7382 -0.0206 -0.6742 0.7128 0.7870
stonegolem.jpg
9 -28.2798 13.1497 66.4181 0.4058 0.6594 -0.6328 0.8054 0.7678
9 -35.4288 -4.2688 58.9538 0.1392 -0.1209 -0.9829 0.7408 0.8480
9 -40.1892 0.4048 56.7560 -0.5240 -0.0539 -0.8500 0.8243 0.8675
stonegolem.jpg
9 -28.2798 13.1497 66.4181 0.4058 0.6594 -0.6328 0.8054 0.7678
9 -20.7600 7.4425 72.2952 0.9980 -0.0586 0.0218 0.7349 0.6899
9 -26.4035 0.9318 63.0868 0.7382 -0.0206 -0.6742 0.7128 0.7870
stonegolem.jpg
9 -20.7600 7.4425 72.2952 0.9980 -0.0586 0.0218 0.7349 0.6899
9 -28.2798 13.1497 66.4181 0.4058 0.6594 -0.6328 0.8054 0.7678
9 -27.0063 9.2811 87.6355 0.7874 0.3965 0.4720 0.7797 0.6767
stonegolem.jpg
9 -32.7405 19.9555 80.9619 0.5221 0.8312 0.1908 0.8551 0.6664
9 -28.2798 13.1497 66.4181 0.4058 0.6594 -0.6328 0.8054 0.7678
9 -38.9088 17.5267 71.6254 -0.2240 0.9263 -0.3029 0.9139 0.7501
stonegolem.jpg
9 -28.2798 13.1497 66.4181 0.4058 0.6594 -0.6328 0.8054 0.7678
9 -32.7405 19.9555 80.9619 0.5221 0.8312 0.1908 0.8551 0.6664
9 -27.0063 9.2811 87.6355 0.7874 0.3965 0.4720 0.7797 0.6767
stonegolem.jpg
9 -28.2798 13.1497 66.4181 0.4058 0.6594 -0.6328 0.8054 0.7678
9 -45.4168 5.3384 65.7325 -0.4458 0.5420 -0.7123 0.8819 0.8570
9 -38.9088 17.5267 71.6254 -0.2240 0.9263 -0.3029 0.9139 0.7501
stonegolem.jpg
9 -45.4168 5.3384 65.7325 -0.4458 0.5420 -0.7123 0.8819 0.8570
9 -28.2798 13.1497 66.4181 0.4058 0.6594 -0.6328 0.8054 0.7678
9 -40.1892 0.4048 56.7560 -0.5240 -0.0539 -0.8500 0.8243 0.8675
stonegolem.jpg
9 -55.9810 -12.0493 65.4400 0.2430 0.8048 -0.5415 0.1266 0.7116
9 -49.6812 -25.2711 48.6150 0.2430 0.8048 -0.5415 0.1968 0.9029
9 -59.8887 -20.0828 51.7455 0.2430 0.8048 -0.5415 0.2348 0.8108
stonegolem.jpg
9 -43.4585 -16.7385 69.7801 0.4451 0.7775 -0.4443 0.0291 0.7842
9 -49.6812 -25.2711 48.6150 0.4451 0.7775 -0.4443 0.1968 0.9029
9 -55.9810 -12.0493 65.4400 0.4451 0.7775 -0.4443 0.1266 0.7116
stonegolem.jpg
9 -43.4585 -16.7385 69.7801 0.3271 0.8392 -0.4345 0.0291 0.7842
9 -35.6232 -25.0562 59.6135 0.3271 0.8392 -0.4345 0.0486 0.9173
9 -49.6812 -25.2711 48.6150 0.3271 0.8392 -0.4345 0.1968 0.9029
stonegolem.jpg
9 -55.9810 -12.0493 65.4400 -0.3312 -0.0111 0.9435 0.1266 0.7116
9 -52.6788 -28.1389 66.4098 -0.3312 -0.0111 0.9435 0.1223 0.8281
9 -43.4585 -16.7385 69.7801 -0.3312 -0.0111 0.9435 0.0291 0.7842
stonegolem.jpg
9 -59.8887 -20.0828 51.7455 -0.9180 -0.1667 0.3598 0.2348 0.8108
9 -52.6788 -28.1389 66.4098 -0.9180 -0.1667 0.3598 0.1223 0.8281
9 -55.9810 -12.0493 65.4400 -0.9180 -0.1667 0.3598 0.1266 0.7116
stonegolem.jpg
9 -52.6788 -28.1389 66.4098 0.3941 -0.5388 0.7446 0.1223 0.8281
9 -35.6232 -25.0562 59.6135 0.3941 -0.5388 0.7446 0.0486 0.9173
9 -43.4585 -16.7385 69.7801 0.3941 -0.5388 0.7446 0.0291 0.7842
stonegolem.jpg
9 -59.8887 -20.0828 51.7455 -0.4946 -0.8411 -0.2189 0.2348 0.8108
9 -49.6812 -25.2711 48.6150 -0.4946 -0.8411 -0.2189 0.1968 0.9029
9 -52.6788 -28.1389 66.4098 -0.4946 -0.8411 -0.2189 0.1223 0.8281
stonegolem.jpg
9 -49.6812 -25.2711 48.6150 0.1228 -0.9828 -0.1377 0.1968 0.9029
9 -35.6232 -25.0562 59.6135 0.1228 -0.9828 -0.1377 0.0486 0.9173
9 -52.6788 -28.1389 66.4098 0.1228 -0.9828 -0.1377 0.1223 0.8281
stonegolem.jpg
9 -18.2389 -12.0811 67.2057 0.6379 -0.0073 -0.7701 0.2001 0.7924
9 -24.9419 -0.4998 87.1327 -0.0358 0.9988 -0.0323 0.0766 0.7709
9 -11.7020 -5.9554 81.3204 0.9222 0.0047 0.3866 0.1944 0.8687
stonegolem.jpg
9 -24.9419 -0.4998 87.1327 -0.0358 0.9988 -0.0323 0.0766 0.7709
9 -37.1154 -19.7131 66.0547 -0.3138 0.0367 -0.9488 0.1982 0.6804
9 -36.5478 -7.9302 75.7589 -0.8743 0.0308 0.4844 0.1172 0.7109
stonegolem.jpg
9 -18.2389 -12.0811 67.2057 0.6379 -0.0073 -0.7701 0.2001 0.7924
9 -37.1154 -19.7131 66.0547 -0.3138 0.0367 -0.9488 0.1982 0.6804
9 -24.9419 -0.4998 87.1327 -0.0358 0.9988 -0.0323 0.0766 0.7709
stonegolem.jpg
9 -18.2389 -12.0811 67.2057 0.6379 -0.0073 -0.7701 0.3705 0.7218
9 -24.3220 -16.8762 84.8251 0.3784 -0.9179 -0.1192 0.3717 0.8377
9 -37.1154 -19.7131 66.0547 -0.3138 0.0367 -0.9488 0.2779 0.8112
stonegolem.jpg
9 -11.7020 -5.9554 81.3204 0.9222 0.0047 0.3866 0.4457 0.7690
9 -24.3220 -16.8762 84.8251 0.6577 -0.7529 0.0222 0.3717 0.8377
9 -18.2389 -12.0811 67.2057 0.6379 -0.0073 -0.7701 0.3705 0.7218
stonegolem.jpg
9 -24.3220 -16.8762 84.8251 -0.7186 -0.4212 0.5534 0.3717 0.8377
9 -36.5478 -7.9302 75.7589 -0.8743 0.0308 0.4844 0.3446 0.8839
9 -37.1154 -19.7131 66.0547 -0.3138 0.0367 -0.9488 0.2779 0.8112
stonegolem.jpg
9 -24.3220 -16.8762 84.8251 -0.1699 -0.1438 0.9749 0.3717 0.8377
9 -24.9419 -0.4998 87.1327 -0.0358 0.9988 -0.0323 0.4352 0.8897
9 -36.5478 -7.9302 75.7589 -0.8743 0.0308 0.4844 0.3446 0.8839
stonegolem.jpg
9 -24.9419 -0.4998 87.1327 -0.0358 0.9988 -0.0323 0.4352 0.8897
9 -24.3220 -16.8762 84.8251 -0.1699 -0.1438 0.9749 0.3717 0.8377
9 -11.7020 -5.9554 81.3204 0.9222 0.0047 0.3866 0.4457 0.7690
stonegolem.jpg
9 -55.3362 -0.8752 61.5537 0.4011 -0.9147 -0.0499 0.3391 0.6773
9 -40.0320 6.3865 51.4729 0.4011 -0.9147 -0.0499 0.3985 0.8218
9 -43.1146 4.4100 62.9146 0.4011 -0.9147 -0.0499 0.4280 0.7328
stonegolem.jpg
9 -57.3400 -4.0321 47.2268 0.4898 -0.8633 0.1217 0.2510 0.7539
9 -40.0320 6.3865 51.4729 0.4898 -0.8633 0.1217 0.3985 0.8218
9 -55.3362 -0.8752 61.5537 0.4898 -0.8633 0.1217 0.3391 0.6773
stonegolem.jpg
9 -57.3400 -4.0321 47.2268 0.3930 -0.8214 0.4134 0.2510 0.7539
9 -42.8218 0.8023 43.0302 0.3930 -0.8214 0.4134 0.3245 0.8544
9 -40.0320 6.3865 51.4729 0.3930 -0.8214 0.4134 0.3985 0.8218
stonegolem.jpg
9 -55.3362 -0.8752 61.5537 -0.9203 0.3887 0.0431 0.3391 0.6773
9 -52.0514 8.0594 51.1033 -0.9203 0.3887 0.0431 0.3410 0.7703
9 -57.3400 -4.0321 47.2268 -0.9203 0.3887 0.0431 0.2510 0.7539
stonegolem.jpg
9 -43.1146 4.4100 62.9146 -0.3862 0.7575 0.5263 0.4280 0.7328
9 -52.0514 8.0594 51.1033 -0.3862 0.7575 0.5263 0.3410 0.7703
9 -55.3362 -0.8752 61.5537 -0.3862 0.7575 0.5263 0.3391 0.6773
stonegolem.jpg
9 -52.0514 8.0594 51.1033 -0.3797 0.4289 -0.8197 0.3410 0.7703
9 -42.8218 0.8023 43.0302 -0.3797 0.4289 -0.8197 0.3245 0.8544
9 -57.3400 -4.0321 47.2268 -0.3797 0.4289 -0.8197 0.2510 0.7539
stonegolem.jpg
9 -43.1146 4.4100 62.9146 0.1289 0.9708 0.2024 0.4280 0.7328
9 -40.0320 6.3865 51.4729 0.1289 0.9708 0.2024 0.3985 0.8218
9 -52.0514 8.0594 51.1033 0.1289 0.9708 0.2024 0.3410 0.7703
stonegolem.jpg
9 -40.0320 6.3865 51.4729 0.1300 0.8067 -0.5765 0.3985 0.8218
9 -42.8218 0.8023 43.0302 0.1300 0.8067 -0.5765 0.3245 0.8544
9 -52.0514 8.0594 51.1033 0.1300 0.8067 -0.5765 0.3410 0.7703
stonegolem.jpg
9 -40.8447 -2.8124 27.6074 -0.9446 0.3238 -0.0540 0.5577 0.2550
9 -42.5761 -5.0857 44.2735 -0.9446 0.3238 -0.0540 0.5097 0.3023
9 -36.9254 10.6488 39.7809 -0.9446 0.3238 -0.0540 0.5586 0.3064
stonegolem.jpg
9 -36.9254 10.6488 39.7809 0.2256 0.6165 -0.7543 0.1910 0.6682
9 -24.8899 -0.9582 33.8944 0.2256 0.6165 -0.7543 0.1929 0.7610
9 -40.8447 -2.8124 27.6074 0.2256 0.6165 -0.7543 0.1031 0.7445
stonegolem.jpg
9 -42.5761 -5.0857 44.2735 -0.6121 0.4125 0.6747 0.5097 0.3023
9 -27.8303 3.8906 52.1633 -0.6121 0.4125 0.6747 0.5560 0.3414
9 -36.9254 10.6488 39.7809 -0.6121 0.4125 0.6747 0.5586 0.3064
stonegolem.jpg
9 -27.8303 3.8906 52.1633 0.6688 0.7382 -0.0883 0.2798 0.7235
9 -24.8899 -0.9582 33.8944 0.6688 0.7382 -0.0883 0.1929 0.7610
9 -36.9254 10.6488 39.7809 0.6688 0.7382 -0.0883 0.1910 0.6682
stonegolem.jpg
9 -40.8447 -2.8124 27.6074 -0.7712 -0.6151 -0.1640 0.1944 0.6252
9 -27.5775 -22.4615 38.9059 -0.7712 -0.6151 -0.1640 0.1750 0.7543
9 -42.5761 -5.0857 44.2735 -0.7712 -0.6151 -0.1640 0.0759 0.7603
stonegolem.jpg
9 -24.8899 -0.9582 33.8944 0.3800 -0.2547 -0.8892 0.1929 0.7610
9 -27.5775 -22.4615 38.9059 0.3800 -0.2547 -0.8892 0.1764 0.8448
9 -40.8447 -2.8124 27.6074 0.3800 -0.2547 -0.8892 0.1031 0.7445
stonegolem.jpg
9 -42.5761 -5.0857 44.2735 -0.3072 -0.4420 0.8428 0.0759 0.7603
9 -20.3244 -15.1478 47.1074 -0.3072 -0.4420 0.8428 0.1738 0.8331
9 -27.8303 3.8906 52.1633 -0.2706 -0.3453 0.8986 0.1868 0.8879
stonegolem.jpg
9 -27.8303 3.8906 52.1633 0.9339 0.3531 0.0566 0.2798 0.7235
9 -20.3244 -15.1478 47.1074 0.9637 0.0704 -0.2574 0.2503 0.8123
9 -24.8899 -0.9582 33.8944 0.9637 0.0704 -0.2574 0.1929 0.7610
stonegolem.jpg
9 -20.3244 -15.1478 47.1074 0.9637 0.0704 -0.2574 0.2503 0.8123
9 -27.5775 -22.4615 38.9059 0.8207 -0.2250 -0.5252 0.1764 0.8448
9 -24.8899 -0.9582 33.8944 0.9637 0.0704 -0.2574 0.1929 0.7610
stonegolem.jpg
9 -42.5761 -5.0857 44.2735 -0.3072 -0.4420 0.8428 0.0759 0.7603
9 -27.5775 -22.4615 38.9059 -0.3396 -0.5326 0.7753 0.1750 0.7543
9 -20.3244 -15.1478 47.1074 -0.3072 -0.4420 0.8428 0.1738 0.8331
stonegolem.jpg
9 -29.5415 6.7631 53.7845 -0.8465 0.4843 -0.2211 0.2980 0.6296
9 -12.4532 4.0028 71.6489 -0.3415 -0.1294 0.9309 0.4481 0.8898
9 -19.0631 15.4423 62.9967 0.1662 0.9852 -0.0419 0.4424 0.6875
stonegolem.jpg
9 -25.8312 -8.0497 48.0319 -0.8439 -0.5044 -0.1828 0.1880 0.7880
9 -12.4532 4.0028 71.6489 -0.3415 -0.1294 0.9309 0.4481 0.8898
9 -29.5415 6.7631 53.7845 -0.8465 0.4843 -0.2211 0.2980 0.6296
stonegolem.jpg
9 -25.8312 -8.0497 48.0319 -0.8439 -0.5044 -0.1828 0.1880 0.7880
9 -20.7728 -6.2137 57.8803 0.5621 -0.8251 0.0577 0.2753 0.8546
9 -12.4532 4.0028 71.6489 -0.3415 -0.1294 0.9309 0.4481 0.8898
stonegolem.jpg
9 -29.5415 6.7631 53.7845 -0.8465 0.4843 -0.2211 0.2980 0.6296
9 -13.7244 4.9140 53.0836 0.0010 0.3622 -0.9321 0.3395 0.8101
9 -25.8312 -8.0497 48.0319 -0.8439 -0.5044 -0.1828 0.1880 0.7880
stonegolem.jpg
9 -19.0631 15.4423 62.9967 0.1662 0.9852 -0.0419 0.4424 0.6875
9 -13.7244 4.9140 53.0836 0.0499 0.6980 -0.7144 0.3395 0.8101
9 -29.5415 6.7631 53.7845 -0.8465 0.4843 -0.2211 0.2980 0.6296
stonegolem.jpg
9 -13.7244 4.9140 53.0836 0.7538 -0.5964 -0.2760 0.3395 0.8101
9 -20.7728 -6.2137 57.8803 0.5621 -0.8251 0.0577 0.2753 0.8546
9 -25.8312 -8.0497 48.0319 -0.8439 -0.5044 -0.1828 0.1880 0.7880
stonegolem.jpg
9 -13.7244 4.9140 53.0836 0.9964 -0.0466 -0.0705 0.3395 0.8101
9 -12.4532 4.0028 71.6489 -0.3415 -0.1294 0.9309 0.4481 0.8898
9 -20.7728 -6.2137 57.8803 0.5621 -0.8251 0.0577 0.2753 0.8546
stonegolem.jpg
9 -12.4532 4.0028 71.6489 -0.3415 -0.1294 0.9309 0.4481 0.8898
9 -13.7244 4.9140 53.0836 0.9964 -0.0466 -0.0705 0.3395 0.8101
9 -19.0631 15.4423 62.9967 0.1662 0.9852 -0.0419 0.4424 0.6875
stonegolem.jpg
9 -44.2358 8.8883 65.9368 -0.7232 -0.3972 0.5651 0.3190 0.6660
9 -21.5666 18.4056 67.0406 0.7097 -0.4280 0.5596 0.4323 0.8519
9 -34.8453 18.3707 72.7543 -0.3045 0.6613 0.6856 0.4272 0.7238
stonegolem.jpg
9 -40.2561 5.5410 47.7583 -0.3696 -0.8269 -0.4239 0.2064 0.7843
9 -21.5666 18.4056 67.0406 0.7097 -0.4280 0.5596 0.4323 0.8519
9 -44.2358 8.8883 65.9368 -0.7232 -0.3972 0.5651 0.3190 0.6660
stonegolem.jpg
9 -40.2561 5.5410 47.7583 -0.3696 -0.8269 -0.4239 0.2064 0.7843
9 -24.6882 9.5699 50.9498 0.5080 0.4056 -0.7599 0.2889 0.8919
9 -21.5666 18.4056 67.0406 0.7097 -0.4280 0.5596 0.4323 0.8519
stonegolem.jpg
9 -44.2358 8.8883 65.9368 -0.7232 -0.3972 0.5651 0.3190 0.6660
9 -35.6364 20.6720 58.5908 -0.8501 0.4524 -0.2694 0.3477 0.8011
9 -40.2561 5.5410 47.7583 -0.3696 -0.8269 -0.4239 0.2064 0.7843
stonegolem.jpg
9 -34.8453 18.3707 72.7543 -0.3045 0.6613 0.6856 0.4272 0.7238
9 -35.6364 20.6720 58.5908 -0.7535 0.6410 0.1462 0.3477 0.8011
9 -44.2358 8.8883 65.9368 -0.7232 -0.3972 0.5651 0.3190 0.6660
stonegolem.jpg
9 -35.6364 20.6720 58.5908 0.0175 0.5785 -0.8155 0.3477 0.8011
9 -24.6882 9.5699 50.9498 0.5080 0.4056 -0.7599 0.2889 0.8919
9 -40.2561 5.5410 47.7583 -0.3696 -0.8269 -0.4239 0.2064 0.7843
stonegolem.jpg
9 -35.6364 20.6720 58.5908 0.2638 0.9466 -0.1854 0.3477 0.8011
9 -21.5666 18.4056 67.0406 0.7097 -0.4280 0.5596 0.4323 0.8519
9 -24.6882 9.5699 50.9498 0.5080 0.4056 -0.7599 0.2889 0.8919
stonegolem.jpg
9 -21.5666 18.4056 67.0406 0.7097 -0.4280 0.5596 0.4323 0.8519
9 -35.6364 20.6720 58.5908 0.2638 0.9466 -0.1854 0.3477 0.8011
9 -34.8453 18.3707 72.7543 -0.3045 0.6613 0.6856 0.4272 0.7238
stonegolem.jpg
27 85.2341 38.1882 50.8049 -0.8846 0.1644 -0.4364 0.5577 0.2550
27 68.3820 25.3555 80.1327 -0.8846 0.1644 -0.4364 0.5586 0.3064
27 71.9425 49.3359 81.9520 -0.8846 0.1644 -0.4364 0.5097 0.3023
stonegolem.jpg
27 68.3820 25.3555 80.1327 0.0941 -0.9308 -0.3532 0.5586 0.3064
27 85.2341 38.1882 50.8049 0.0941 -0.9308 -0.3532 0.5577 0.2550
27 102.7784 27.1699 84.5179 0.0941 -0.9308 -0.3532 0.5881 0.3062
stonegolem.jpg
27 71.9425 49.3359 81.9520 -0.9842 0.1529 -0.0896 0.5097 0.3023
27 68.3820 25.3555 80.1327 -0.9842 0.1529 -0.0896 0.5586 0.3064
27 67.8517 36.7956 105.4901 -0.9842 0.1529 -0.0896 0.5560 0.3414
stonegolem.jpg
27 67.8517 36.7956 105.4901 -0.0043 -0.9115 0.4112 0.5560 0.3414
27 68.3820 25.3555 80.1327 -0.0043 -0.9115 0.4112 0.5586 0.3064
27 102.7784 27.1699 84.5179 -0.0043 -0.9115 0.4112 0.5881 0.3062
stonegolem.jpg
27 85.2341 38.1882 50.8049 -0.1202 0.9173 -0.3796 0.7862 0.7146
27 71.9425 49.3359 81.9520 -0.1202 0.9173 -0.3796 0.6676 0.8497
27 95.5472 53.6159 84.8175 -0.1202 0.9173 -0.3796 0.7667 0.8437
stonegolem.jpg
27 102.7784 27.1699 84.5179 0.8902 0.2477 -0.3823 0.8717 0.8575
27 85.2341 38.1882 50.8049 0.8902 0.2477 -0.3823 0.7862 0.7146
27 95.5472 53.6159 84.8175 0.8902 0.2477 -0.3823 0.7667 0.8437
stonegolem.jpg
27 71.9425 49.3359 81.9520 -0.2640 0.8840 0.3858 0.6676 0.8497
27 67.8517 36.7956 105.4901 -0.3180 0.8586 0.4022 0.7785 0.9772
27 85.1177 40.3965 111.4542 -0.2640 0.8840 0.3858 0.7656 0.9224
stonegolem.jpg
27 67.8517 36.7956 105.4901 0.0282 -0.8898 0.4555 0.7785 0.9772
27 102.7784 27.1699 84.5179 0.6216 -0.4605 0.6337 0.8717 0.8575
27 85.1177 40.3965 111.4542 0.6216 -0.4605 0.6337 0.7656 0.9224
stonegolem.jpg
27 85.1177 40.3965 111.4542 0.6216 -0.4605 0.6337 0.7656 0.9224
27 102.7784 27.1699 84.5179 0.6216 -0.4605 0.6337 0.8717 0.8575
27 95.5472 53.6159 84.8175 0.8618 0.2305 0.4518 0.7667 0.8437
stonegolem.jpg
27 71.9425 49.3359 81.9520 -0.2640 0.8840 0.3858 0.6676 0.8497
27 85.1177 40.3965 111.4542 -0.2640 0.8840 0.3858 0.7656 0.9224
27 95.5472 53.6159 84.8175 -0.2089 0.9061 0.3679 0.7667 0.8437
stonegolem.jpg
27 97.5756 23.9992 111.6298 0.1960 -0.9780 -0.0710 0.2001 0.7924
27 92.5712 29.3910 124.3671 0.4034 -0.1260 0.9063 0.1944 0.8687
27 84.5614 38.1905 119.7038 -0.9052 -0.2678 0.3299 0.0766 0.7709
stonegolem.jpg
27 92.8671 34.2666 95.1771 -0.1309 -0.6060 -0.7846 0.1982 0.6804
27 97.5756 23.9992 111.6298 0.1960 -0.9780 -0.0710 0.2001 0.7924
27 84.5614 38.1905 119.7038 -0.9052 -0.2678 0.3299 0.0766 0.7709
stonegolem.jpg
27 92.8671 34.2666 95.1771 -0.1309 -0.6060 -0.7846 0.1982 0.6804
27 84.5614 38.1905 119.7038 -0.9052 -0.2678 0.3299 0.0766 0.7709
27 81.9567 40.3911 103.9756 -0.2755 0.9297 -0.2443 0.1172 0.7109
stonegolem.jpg
27 97.5756 23.9992 111.6298 0.1960 -0.9780 -0.0710 0.5586 0.3064
27 92.8671 34.2666 95.1771 -0.1309 -0.6060 -0.7846 0.5577 0.2550
27 99.9491 39.3737 111.3509 0.9222 -0.1488 -0.3568 0.5881 0.3062
stonegolem.jpg
27 92.5712 29.3910 124.3671 0.4034 -0.1260 0.9063 0.5560 0.3414
27 97.5756 23.9992 111.6298 0.1960 -0.9780 -0.0710 0.5586 0.3064
27 99.9491 39.3737 111.3509 0.9024 -0.1319 0.4103 0.5881 0.3062
stonegolem.jpg
27 99.9491 39.3737 111.3509 0.2049 0.9040 -0.3752 0.8717 0.8575
27 92.8671 34.2666 95.1771 -0.1309 -0.6060 -0.7846 0.7862 0.7146
27 81.9567 40.3911 103.9756 -0.2755 0.9297 -0.2443 0.7667 0.8437
stonegolem.jpg
27 99.9491 39.3737 111.3509 0.1715 0.8811 0.4407 0.8717 0.8575
27 81.9567 40.3911 103.9756 -0.2755 0.9297 -0.2443 0.7667 0.8437
27 84.5614 38.1905 119.7038 -0.9052 -0.2678 0.3299 0.7656 0.9224
stonegolem.jpg
27 84.5614 38.1905 119.7038 -0.9052 -0.2678 0.3299 0.7656 0.9224
27 92.5712 29.3910 124.3671 0.4034 -0.1260 0.9063 0.7785 0.9772
27 99.9491 39.3737 111.3509 0.1715 0.8811 0.4407 0.8717 0.8575
stonegolem.jpg
27 93.2404 18.9160 90.9991 -0.2599 0.4962 -0.8284 0.2001 0.7924
27 83.2247 6.7758 101.0822 -0.4037 -0.8358 -0.3722 0.1944 0.8687
27 83.8247 9.9296 114.4371 -0.9408 0.1900 0.2807 0.0766 0.7709
stonegolem.jpg
27 100.8837 26.8642 109.3588 0.1789 0.9763 -0.1219 0.1982 0.6804
27 93.2404 18.9160 90.9991 -0.2599 0.4962 -0.8284 0.2001 0.7924
27 83.8247 9.9296 114.4371 -0.9408 0.1900 0.2807 0.0766 0.7709
stonegolem.jpg
27 100.8837 26.8642 109.3588 0.1789 0.9763 -0.1219 0.1982 0.6804
27 83.8247 9.9296 114.4371 -0.9408 0.1900 0.2807 0.0766 0.7709
27 92.6267 23.4488 120.6699 0.3127 0.0893 0.9456 0.1172 0.7109
stonegolem.jpg
27 93.2404 18.9160 90.9991 -0.2599 0.4962 -0.8284 0.5586 0.3064
27 100.8837 26.8642 109.3588 0.1789 0.9763 -0.1219 0.5577 0.2550
27 102.9454 8.3823 107.2210 0.8882 0.1493 -0.4344 0.5881 0.3062
stonegolem.jpg
27 83.2247 6.7758 101.0822 -0.4037 -0.8358 -0.3722 0.5560 0.3414
27 93.2404 18.9160 90.9991 -0.2599 0.4962 -0.8284 0.5586 0.3064
27 102.9454 8.3823 107.2210 0.2557 -0.7338 -0.6295 0.5881 0.3062
stonegolem.jpg
27 102.9454 8.3823 107.2210 0.8045 0.0211 0.5936 0.8717 0.8575
27 100.8837 26.8642 109.3588 0.1789 0.9763 -0.1219 0.7862 0.7146
27 92.6267 23.4488 120.6699 0.3127 0.0893 0.9456 0.7667 0.8437
stonegolem.jpg
27 102.9454 8.3823 107.2210 0.1443 -0.8174 0.5577 0.8717 0.8575
27 92.6267 23.4488 120.6699 0.3127 0.0893 0.9456 0.7667 0.8437
27 83.8247 9.9296 114.4371 -0.9408 0.1900 0.2807 0.7656 0.9224
stonegolem.jpg
27 83.8247 9.9296 114.4371 -0.9408 0.1900 0.2807 0.7656 0.9224
27 83.2247 6.7758 101.0822 -0.4037 -0.8358 -0.3722 0.7785 0.9772
27 102.9454 8.3823 107.2210 0.1443 -0.8174 0.5577 0.8717 0.8575
stonegolem.jpg
27 83.0156 26.8187 60.0135 0.9274 0.3416 -0.1527 0.5577 0.2550
27 84.8532 37.7321 95.5930 0.9274 0.3416 -0.1527 0.5586 0.3064
27 95.9039 4.6974 88.8029 0.9274 0.3416 -0.1527 0.5097 0.3023
stonegolem.jpg
27 84.8532 37.7321 95.5930 -0.3638 0.8956 -0.2559 0.5586 0.3064
27 83.0156 26.8187 60.0135 -0.3638 0.8956 -0.2559 0.5577 0.2550
27 57.4443 24.9976 89.9924 -0.3638 0.8956 -0.2559 0.5881 0.3062
stonegolem.jpg
27 95.9039 4.6974 88.8029 0.8570 0.1881 0.4797 0.5097 0.3023
27 84.8532 37.7321 95.5930 0.8570 0.1881 0.4797 0.5586 0.3064
27 78.4018 18.8924 114.5047 0.8570 0.1881 0.4797 0.5560 0.3414
stonegolem.jpg
27 78.4018 18.8924 114.5047 -0.4413 0.7065 0.5533 0.5560 0.3414
27 84.8532 37.7321 95.5930 -0.4413 0.7065 0.5533 0.5586 0.3064
27 57.4443 24.9976 89.9924 -0.4413 0.7065 0.5533 0.5881 0.3062
stonegolem.jpg
27 83.0156 26.8187 60.0135 0.3832 -0.6415 -0.6645 0.7862 0.7146
27 95.9039 4.6974 88.8029 0.3832 -0.6415 -0.6645 0.6676 0.8497
27 70.2089 -4.9657 83.3125 0.3832 -0.6415 -0.6645 0.7667 0.8437
stonegolem.jpg
27 57.4443 24.9976 89.9924 -0.7441 -0.1732 -0.6452 0.8717 0.8575
27 83.0156 26.8187 60.0135 -0.7441 -0.1732 -0.6452 0.7862 0.7146
27 70.2089 -4.9657 83.3125 -0.7441 -0.1732 -0.6452 0.7667 0.8437
stonegolem.jpg
27 95.9039 4.6974 88.8029 0.4764 -0.7103 0.5182 0.6676 0.8497
27 78.4018 18.8924 114.5047 0.6208 -0.4260 0.6581 0.7785 0.9772
27 74.0340 5.4228 109.9048 0.4764 -0.7103 0.5182 0.7656 0.9224
stonegolem.jpg
27 78.4018 18.8924 114.5047 -0.7571 0.0225 0.6529 0.7785 0.9772
27 57.4443 24.9976 89.9924 -0.8433 -0.2127 0.4935 0.8717 0.8575
27 74.0340 5.4228 109.9048 -0.8433 -0.2127 0.4935 0.7656 0.9224
stonegolem.jpg
27 74.0340 5.4228 109.9048 -0.8433 -0.2127 0.4935 0.7656 0.9224
27 57.4443 24.9976 89.9924 -0.8433 -0.2127 0.4935 0.8717 0.8575
27 70.2089 -4.9657 83.3125 -0.8552 -0.4291 0.2907 0.7667 0.8437
stonegolem.jpg
27 95.9039 4.6974 88.8029 0.4764 -0.7103 0.5182 0.6676 0.8497
27 74.0340 5.4228 109.9048 0.4764 -0.7103 0.5182 0.7656 0.9224
27 70.2089 -4.9657 83.3125 0.2742 -0.9085 0.3154 0.7667 0.8437
stonegolem.jpg
27 97.1694 18.8606 70.6537 -0.7459 0.5636 -0.3549 0.5577 0.2550
27 88.2070 22.3698 95.0651 -0.7459 0.5636 -0.3549 0.5586 0.3064
27 104.8450 40.6586 89.1420 -0.7459 0.5636 -0.3549 0.5097 0.3023
stonegolem.jpg
27 88.2070 22.3698 95.0651 -0.5968 -0.7955 -0.1048 0.5586 0.3064
27 97.1694 18.8606 70.6537 -0.5968 -0.7955 -0.1048 0.5577 0.2550
27 104.5824 10.4778 92.0743 -0.5968 -0.7955 -0.1048 0.5881 0.3062
stonegolem.jpg
27 104.8450 40.6586 89.1420 -0.6273 0.6885 0.3640 0.5097 0.3023
27 88.2070 22.3698 95.0651 -0.6273 0.6885 0.3640 0.5586 0.3064
27 101.3111 27.2451 108.4265 -0.6273 0.6885 0.3640 0.5560 0.3414
stonegolem.jpg
27 101.3111 27.2451 108.4265 -0.3817 -0.6824 0.6234 0.5560 0.3414
27 88.2070 22.3698 95.0651 -0.3817 -0.6824 0.6234 0.5586 0.3064
27 104.5824 10.4778 92.0743 -0.3817 -0.6824 0.6234 0.5881 0.3062
stonegolem.jpg
27 97.1694 18.8606 70.6537 -0.1531 0.6700 -0.7264 0.7862 0.7146
27 104.8450 40.6586 89.1420 -0.1531 0.6700 -0.7264 0.6676 0.8497
27 112.9957 29.4644 77.0989 -0.1531 0.6700 -0.7264 0.7667 0.8437
stonegolem.jpg
27 104.5824 10.4778 92.0743 0.6158 -0.6378 -0.4627 0.8717 0.8575
27 97.1694 18.8606 70.6537 0.6158 -0.6378 -0.4627 0.7862 0.7146
27 112.9957 29.4644 77.0989 0.6158 -0.6378 -0.4627 0.7667 0.8437
stonegolem.jpg
27 104.8450 40.6586 89.1420 0.5678 0.7746 0.2785 0.6676 0.8497
27 101.3111 27.2451 108.4265 0.2668 0.7676 0.5828 0.7785 0.9772
27 114.2344 30.5206 98.1967 0.5678 0.7746 0.2785 0.7656 0.9224
stonegolem.jpg
27 101.3111 27.2451 108.4265 0.6149 -0.4859 0.6212 0.7785 0.9772
27 104.5824 10.4778 92.0743 0.8136 -0.4882 0.3157 0.8717 0.8575
27 114.2344 30.5206 98.1967 0.8136 -0.4882 0.3157 0.7656 0.9224
stonegolem.jpg
27 114.2344 30.5206 98.1967 0.8136 -0.4882 0.3157 0.7656 0.9224
27 104.5824 10.4778 92.0743 0.8136 -0.4882 0.3157 0.8717 0.8575
27 112.9957 29.4644 77.0989 0.9043 -0.4258 -0.0318 0.7667 0.8437
stonegolem.jpg
27 104.8450 40.6586 89.1420 0.5678 0.7746 0.2785 0.6676 0.8497
27 114.2344 30.5206 98.1967 0.5678 0.7746 0.2785 0.7656 0.9224
27 112.9957 29.4644 77.0989 0.7648 0.6396 -0.0769 0.7667 0.8437
stonegolem.jpg
27 111.9081 5.4688 49.2550 0.7488 -0.6440 0.1568 0.4535 0.7875
27 125.7259 21.7426 54.2959 0.7339 -0.6654 0.1363 0.3291 0.7731
27 109.6940 18.1702 81.2156 0.6844 -0.6600 0.3097 0.3268 0.8528
stonegolem.jpg
27 109.6940 18.1702 81.2156 0.6844 -0.6600 0.3097 0.3268 0.8528
27 95.5739 4.3111 83.7942 0.6947 -0.6507 0.3067 0.4493 0.9334
27 111.9081 5.4688 49.2550 0.7488 -0.6440 0.1568 0.4535 0.7875
stonegolem.jpg
27 96.0409 6.1913 23.9976 0.0446 -0.9974 -0.0566 0.5549 0.7133
27 115.6767 8.7630 22.5669 0.1216 -0.9870 -0.1047 0.4540 0.7066
27 111.9081 5.4688 49.2550 0.0221 -0.9984 -0.0525 0.4535 0.7875
stonegolem.jpg
27 111.9081 5.4688 49.2550 0.0221 -0.9984 -0.0525 0.4535 0.7875
27 99.4531 5.9037 45.9097 -0.0279 -0.9993 -0.0262 0.5040 0.7908
27 96.0409 6.1913 23.9976 0.0446 -0.9974 -0.0566 0.5549 0.7133
stonegolem.jpg
27 113.8817 33.5355 13.7448 0.2617 -0.4839 -0.8351 0.3287 0.6159
27 115.6767 8.7630 22.5669 -0.0244 -0.3370 -0.9412 0.4540 0.7066
27 96.0409 6.1913 23.9976 0.2617 -0.4839 -0.8351 0.5549 0.7133
stonegolem.jpg
27 96.0409 6.1913 23.9976 0.2617 -0.4839 -0.8351 0.5549 0.7133
27 99.8160 28.9990 6.3640 0.5178 -0.5753 -0.6332 0.3678 0.5369
27 113.8817 33.5355 13.7448 0.2617 -0.4839 -0.8351 0.3287 0.6159
stonegolem.jpg
27 113.8817 33.5355 13.7448 0.8297 -0.1330 -0.5422 0.3287 0.6159
27 124.0817 21.3042 32.3525 0.8297 -0.1330 -0.5422 0.3314 0.6934
27 115.6767 8.7630 22.5669 0.8297 -0.1330 -0.5422 0.4540 0.7066
stonegolem.jpg
27 95.5739 4.3111 83.7942 0.1762 0.0767 0.9814 0.4493 0.9334
27 109.6940 18.1702 81.2156 0.0865 0.0964 0.9916 0.3268 0.8528
27 100.7271 29.3011 80.9156 0.1762 0.0767 0.9814 0.3168 0.8784
stonegolem.jpg
27 100.7271 29.3011 80.9156 0.1762 0.0767 0.9814 0.3168 0.8784
27 91.2731 23.2534 83.8654 0.2643 0.0564 0.9628 0.2978 0.9267
27 95.5739 4.3111 83.7942 0.1762 0.0767 0.9814 0.4493 0.9334
stonegolem.jpg
27 92.2317 25.5715 44.7673 -0.9727 -0.2267 -0.0506 0.2917 0.7222
27 99.4531 5.9037 45.9097 -0.9389 -0.3438 0.0155 0.5040 0.7908
27 95.5739 4.3111 83.7942 -0.9555 -0.2855 -0.0737 0.4493 0.9334
stonegolem.jpg
27 95.5739 4.3111 83.7942 -0.9555 -0.2855 -0.0737 0.4493 0.9334
27 91.2731 23.2534 83.8654 -0.9745 -0.2211 -0.0370 0.2978 0.9267
27 92.2317 25.5715 44.7673 -0.9727 -0.2267 -0.0506 0.2917 0.7222
stonegolem.jpg
27 113.8817 33.5355 13.7448 0.3387 0.9406 -0.0214 0.3287 0.6159
27 99.8160 28.9990 6.3640 -0.3173 0.9481 0.0220 0.2857 0.5176
27 92.2317 25.5715 44.7673 -0.3359 0.9417 0.0213 0.2917 0.7222
stonegolem.jpg
27 92.2317 25.5715 44.7673 -0.3359 0.9417 0.0213 0.2917 0.7222
27 118.6646 32.1028 50.0398 0.4080 0.8895 0.2060 0.3096 0.7465
27 113.8817 33.5355 13.7448 0.3387 0.9406 -0.0214 0.3287 0.6159
stonegolem.jpg
27 124.0817 21.3042 32.3525 0.7924 -0.6099 -0.0007 0.3314 0.6934
27 125.7259 21.7426 54.2959 0.7339 -0.6654 0.1363 0.3291 0.7731
27 111.9081 5.4688 49.2550 0.7488 -0.6440 0.1568 0.4535 0.7875
stonegolem.jpg
27 111.9081 5.4688 49.2550 0.7488 -0.6440 0.1568 0.4535 0.7875
27 115.6767 8.7630 22.5669 0.8139 -0.5794 0.0434 0.4540 0.7066
27 124.0817 21.3042 32.3525 0.7924 -0.6099 -0.0007 0.3314 0.6934
stonegolem.jpg
27 111.9081 5.4688 49.2550 0.0221 -0.9984 -0.0525 0.4535 0.7875
27 95.5739 4.3111 83.7942 -0.0230 -0.9988 -0.0443 0.4493 0.9334
27 99.4531 5.9037 45.9097 -0.0279 -0.9993 -0.0262 0.5040 0.7908
stonegolem.jpg
27 100.7271 29.3011 80.9156 -0.0298 0.9828 0.1824 0.3168 0.8784
27 118.6646 32.1028 50.0398 0.4080 0.8895 0.2060 0.3096 0.7465
27 92.2317 25.5715 44.7673 -0.3359 0.9417 0.0213 0.2917 0.7222
stonegolem.jpg
27 92.2317 25.5715 44.7673 -0.3359 0.9417 0.0213 0.2917 0.7222
27 91.2731 23.2534 83.8654 -0.5302 0.8470 0.0372 0.2978 0.9267
27 100.7271 29.3011 80.9156 -0.0298 0.9828 0.1824 0.3168 0.8784
stonegolem.jpg
27 96.0409 6.1913 23.9976 -0.9859 -0.1652 -0.0267 0.5549 0.7133
27 99.4531 5.9037 45.9097 -0.9389 -0.3438 0.0155 0.5040 0.7908
27 92.2317 25.5715 44.7673 -0.9727 -0.2267 -0.0506 0.2917 0.7222
stonegolem.jpg
27 92.2317 25.5715 44.7673 -0.9727 -0.2267 -0.0506 0.2917 0.7222
27 99.8160 28.9990 6.3640 -0.9812 0.0135 -0.1926 0.2857 0.5176
27 96.0409 6.1913 23.9976 -0.9859 -0.1652 -0.0267 0.5549 0.7133
stonegolem.jpg
27 109.6940 18.1702 81.2156 0.6620 0.5946 0.4562 0.3268 0.8528
27 125.7259 21.7426 54.2959 0.7941 0.5989 0.1033 0.3291 0.7731
27 118.6646 32.1028 50.0398 0.4080 0.8895 0.2060 0.3096 0.7465
stonegolem.jpg
27 118.6646 32.1028 50.0398 0.4080 0.8895 0.2060 0.3096 0.7465
27 100.7271 29.3011 80.9156 -0.0298 0.9828 0.1824 0.3168 0.8784
27 109.6940 18.1702 81.2156 0.6620 0.5946 0.4562 0.3268 0.8528
stonegolem.jpg
27 113.8817 33.5355 13.7448 0.3387 0.9406 -0.0214 0.3287 0.6159
27 118.6646 32.1028 50.0398 0.4080 0.8895 0.2060 0.3096 0.7465
27 125.7259 21.7426 54.2959 0.7941 0.5989 0.1033 0.3291 0.7731
stonegolem.jpg
27 125.7259 21.7426 54.2959 0.7941 0.5989 0.1033 0.3291 0.7731
27 124.0817 21.3042 32.3525 0.8176 0.5712 -0.0727 0.3314 0.6934
27 113.8817 33.5355 13.7448 0.3387 0.9406 -0.0214 0.3287 0.6159
stonegolem.jpg
27 79.4840 5.0748 63.4628 -0.8422 -0.5328 0.0829 0.1889 0.4748
27 63.8332 30.4368 67.4712 -0.8422 -0.5328 0.0829 0.2724 0.4545
27 60.8505 31.5176 44.1230 -0.8422 -0.5328 0.0829 0.2695 0.4065
stonegolem.jpg
27 60.8505 31.5176 44.1230 -0.8563 -0.4945 0.1489 0.2695 0.4065
27 75.9239 4.7910 42.0411 -0.8563 -0.4945 0.1489 0.2096 0.4168
27 79.4840 5.0748 63.4628 -0.8563 -0.4945 0.1489 0.1889 0.4748
stonegolem.jpg
27 75.3394 25.2262 82.3179 -0.7514 -0.5266 0.3976 0.2457 0.5055
27 63.8332 30.4368 67.4712 -0.7514 -0.5266 0.3976 0.2724 0.4545
27 79.4840 5.0748 63.4628 -0.7514 -0.5266 0.3976 0.1889 0.4748
stonegolem.jpg
27 79.0413 8.8751 18.7038 -0.6341 -0.3202 -0.7038 0.2304 0.3589
27 64.1477 32.2594 21.4857 -0.6341 -0.3202 -0.7038 0.2666 0.3584
27 89.3353 16.6945 5.8722 -0.6341 -0.3202 -0.7038 0.2313 0.3469
stonegolem.jpg
27 89.3353 16.6945 5.8722 -0.3444 0.3258 -0.8805 0.2990 0.3466
27 64.1477 32.2594 21.4857 -0.3444 0.3258 -0.8805 0.2666 0.3584
27 77.5975 54.2226 24.3515 -0.3444 0.3258 -0.8805 0.3207 0.3667
stonegolem.jpg
27 60.8505 31.5176 44.1230 -0.7802 0.6231 0.0547 0.2695 0.4065
27 76.0388 50.3682 46.0363 -0.7802 0.6231 0.0547 0.3224 0.4136
27 77.5975 54.2226 24.3515 -0.7802 0.6231 0.0547 0.3207 0.3667
stonegolem.jpg
27 77.5975 54.2226 24.3515 -0.8419 0.5293 -0.1053 0.3207 0.3667
27 64.1477 32.2594 21.4857 -0.8419 0.5293 -0.1053 0.2666 0.3584
27 60.8505 31.5176 44.1230 -0.8419 0.5293 -0.1053 0.2695 0.4065
stonegolem.jpg
27 75.3394 25.2262 82.3179 -0.6848 0.4494 0.5737 0.2457 0.5055
27 91.6229 47.6351 84.1992 -0.6848 0.4494 0.5737 0.2681 0.4966
27 72.9564 41.5293 66.7022 -0.6848 0.4494 0.5737 0.3241 0.4606
stonegolem.jpg
27 72.9564 41.5293 66.7022 -0.5778 0.5189 0.6299 0.3241 0.4606
27 63.8332 30.4368 67.4712 -0.5778 0.5189 0.6299 0.2724 0.4545
27 75.3394 25.2262 82.3179 -0.5778 0.5189 0.6299 0.2457 0.5055
stonegolem.jpg
27 91.6229 47.6351 84.1992 0.4445 -0.3907 0.8061 0.2681 0.4966
27 75.3394 25.2262 82.3179 0.4445 -0.3907 0.8061 0.2457 0.5055
27 89.4639 13.2469 68.7242 0.4445 -0.3907 0.8061 0.3007 0.5075
stonegolem.jpg
27 89.4639 13.2469 68.7242 0.1508 -0.6587 0.7371 0.2361 0.5225
27 75.3394 25.2262 82.3179 0.1508 -0.6587 0.7371 0.2457 0.5055
27 79.4840 5.0748 63.4628 0.1508 -0.6587 0.7371 0.1912 0.4784
stonegolem.jpg
27 93.0221 15.6339 45.1891 0.9396 0.3329 -0.0791 0.2497 0.4218
27 89.3353 16.6945 5.8722 0.9396 0.3329 -0.0791 0.2313 0.3469
27 77.5975 54.2226 24.3515 0.9396 0.3329 -0.0791 0.3207 0.3667
stonegolem.jpg
27 77.5975 54.2226 24.3515 0.8908 0.4321 0.1408 0.3207 0.3667
27 76.0388 50.3682 46.0363 0.8908 0.4321 0.1408 0.3224 0.4136
27 93.0221 15.6339 45.1891 0.8908 0.4321 0.1408 0.2497 0.4218
stonegolem.jpg
27 89.4639 13.2469 68.7242 0.9830 -0.1230 0.1361 0.3007 0.5075
27 93.0221 15.6339 45.1891 0.9830 -0.1230 0.1361 0.2497 0.4218
27 91.6229 47.6351 84.1992 0.9830 -0.1230 0.1361 0.2681 0.4966
stonegolem.jpg
27 75.9239 4.7910 42.0411 -0.8669 -0.4779 -0.1419 0.2096 0.4168
27 60.8505 31.5176 44.1230 -0.8669 -0.4779 -0.1419 0.2695 0.4065
27 64.1477 32.2594 21.4857 -0.8669 -0.4779 -0.1419 0.2666 0.3584
stonegolem.jpg
27 64.1477 32.2594 21.4857 -0.8369 -0.5091 -0.2009 0.2666 0.3584
27 79.0413 8.8751 18.7038 -0.8369 -0.5091 -0.2009 0.2304 0.3589
27 75.9239 4.7910 42.0411 -0.8369 -0.5091 -0.2009 0.2096 0.4168
stonegolem.jpg
27 76.0388 50.3682 46.0363 -0.7786 0.6144 0.1279 0.3224 0.4136
27 60.8505 31.5176 44.1230 -0.7786 0.6144 0.1279 0.2695 0.4065
27 63.8332 30.4368 67.4712 -0.7786 0.6144 0.1279 0.2724 0.4545
stonegolem.jpg
27 63.8332 30.4368 67.4712 -0.7572 0.6337 0.1581 0.2724 0.4545
27 72.9564 41.5293 66.7022 -0.7572 0.6337 0.1581 0.3241 0.4606
27 76.0388 50.3682 46.0363 -0.7572 0.6337 0.1581 0.3224 0.4136
stonegolem.jpg
27 93.0221 15.6339 45.1891 0.5437 -0.8360 -0.0737 0.2497 0.4218
27 75.9239 4.7910 42.0411 0.5437 -0.8360 -0.0737 0.2108 0.4187
27 79.0413 8.8751 18.7038 0.5437 -0.8360 -0.0737 0.2304 0.3589
stonegolem.jpg
27 79.0413 8.8751 18.7038 0.5435 -0.8362 -0.0735 0.2304 0.3589
27 89.3353 16.6945 5.8722 0.5435 -0.8362 -0.0735 0.2313 0.3469
27 93.0221 15.6339 45.1891 0.5435 -0.8362 -0.0735 0.2497 0.4218
stonegolem.jpg
27 93.0221 15.6339 45.1891 0.8586 0.4124 0.3045 0.2497 0.4218
27 76.0388 50.3682 46.0363 0.8586 0.4124 0.3045 0.3224 0.4136
27 72.9564 41.5293 66.7022 0.8586 0.4124 0.3045 0.3241 0.4606
stonegolem.jpg
27 72.9564 41.5293 66.7022 0.3159 0.7391 -0.5950 0.3241 0.4606
27 91.6229 47.6351 84.1992 0.3159 0.7391 -0.5950 0.2681 0.4966
27 93.0221 15.6339 45.1891 0.3159 0.7391 -0.5950 0.2497 0.4218
stonegolem.jpg
27 79.4840 5.0748 63.4628 0.5442 -0.8352 -0.0794 0.1912 0.4784
27 75.9239 4.7910 42.0411 0.5442 -0.8352 -0.0794 0.2108 0.4187
27 93.0221 15.6339 45.1891 0.5442 -0.8352 -0.0794 0.2497 0.4218
stonegolem.jpg
27 93.0221 15.6339 45.1891 0.6284 -0.7778 0.0161 0.2497 0.4218
27 89.4639 13.2469 68.7242 0.6284 -0.7778 0.0161 0.3007 0.5075
27 79.4840 5.0748 63.4628 0.6284 -0.7778 0.0161 0.1912 0.4784
stonegolem.jpg
27 110.5425 38.6002 71.7331 0.3979 0.8677 0.2980 0.4331 0.8842
27 122.0020 46.2753 33.7227 0.4016 0.8666 0.2961 0.4377 0.7248
27 93.6279 62.0463 26.0491 0.3979 0.8677 0.2980 0.3136 0.7049
stonegolem.jpg
27 93.6279 62.0463 26.0491 0.3979 0.8677 0.2980 0.3136 0.7049
27 87.9279 52.0575 62.4795 0.3942 0.8687 0.2999 0.3305 0.8732
27 110.5425 38.6002 71.7331 0.3979 0.8677 0.2980 0.4331 0.8842
stonegolem.jpg
27 93.6279 62.0463 26.0491 -0.6848 0.7252 0.0715 0.3136 0.7049
27 80.0760 47.2219 20.8993 -0.7425 0.6693 0.0272 0.2606 0.7034
27 81.9536 47.7451 59.2714 -0.6848 0.7252 0.0715 0.2566 0.9027
stonegolem.jpg
27 81.9536 47.7451 59.2714 -0.6848 0.7252 0.0715 0.2566 0.9027
27 87.9279 52.0575 62.4795 -0.6213 0.7750 0.1153 0.3305 0.8732
27 93.6279 62.0463 26.0491 -0.6848 0.7252 0.0715 0.3136 0.7049
stonegolem.jpg
27 93.6279 62.0463 26.0491 0.5249 0.7888 -0.3197 0.3136 0.7049
27 122.0020 46.2753 33.7227 0.5249 0.7888 -0.3197 0.4377 0.7248
27 114.3189 42.9926 13.0093 0.5249 0.7888 -0.3197 0.4495 0.6449
stonegolem.jpg
27 99.9376 41.5104 9.0455 -0.0868 0.6194 -0.7803 0.4500 0.5756
27 80.0760 47.2219 20.8993 -0.3059 0.5497 -0.7774 0.2606 0.7034
27 93.6279 62.0463 26.0491 -0.0868 0.6194 -0.7803 0.3136 0.7049
stonegolem.jpg
27 93.6279 62.0463 26.0491 -0.0868 0.6194 -0.7803 0.3136 0.7049
27 114.3189 42.9926 13.0093 0.1368 0.6564 -0.7419 0.4495 0.6449
27 99.9376 41.5104 9.0455 -0.0868 0.6194 -0.7803 0.4500 0.5756
stonegolem.jpg
27 110.5425 38.6002 71.7331 0.2184 0.3887 0.8951 0.4331 0.8842
27 87.9279 52.0575 62.4795 0.1111 0.6831 0.7218 0.3305 0.8732
27 82.0555 33.5937 80.8576 0.1237 -0.1107 0.9861 0.3688 0.9477
stonegolem.jpg
27 82.0555 33.5937 80.8576 0.1237 -0.1107 0.9861 0.3688 0.9477
27 89.7790 28.8492 69.1945 -0.1638 -0.9469 0.2767 0.4901 0.9150
27 106.5354 27.2127 73.5155 0.0874 -0.5891 0.8033 0.4617 0.8996
stonegolem.jpg
27 110.5425 38.6002 71.7331 0.2184 0.3887 0.8951 0.4331 0.8842
27 82.0555 33.5937 80.8576 0.1237 -0.1107 0.9861 0.3688 0.9477
27 106.5354 27.2127 73.5155 0.0874 -0.5891 0.8033 0.4617 0.8996
stonegolem.jpg
27 87.9279 52.0575 62.4795 -0.6683 0.6207 0.4101 0.3305 0.8732
27 81.9536 47.7451 59.2714 -0.6683 0.6207 0.4101 0.2566 0.9027
27 82.0555 33.5937 80.8576 -0.6683 0.6207 0.4101 0.3688 0.9477
stonegolem.jpg
27 81.9536 47.7451 59.2714 -0.6866 -0.7002 -0.1955 0.2566 0.9027
27 80.0760 47.2219 20.8993 -0.2619 -0.9647 0.0260 0.2606 0.7034
27 99.9376 41.5104 9.0455 -0.6044 -0.7878 -0.1186 0.4500 0.5756
stonegolem.jpg
27 81.9536 47.7451 59.2714 -0.6866 -0.7002 -0.1955 0.2566 0.9027
27 99.9376 41.5104 9.0455 -0.6044 -0.7878 -0.1186 0.4500 0.5756
27 89.7790 28.8492 69.1945 -0.8235 -0.4906 -0.2848 0.4901 0.9150
stonegolem.jpg
27 81.9536 47.7451 59.2714 -0.6866 -0.7002 -0.1955 0.2566 0.9027
27 89.7790 28.8492 69.1945 -0.8235 -0.4906 -0.2848 0.4901 0.9150
27 82.0555 33.5937 80.8576 -0.8007 -0.5027 -0.3258 0.3688 0.9477
stonegolem.jpg
27 115.4821 32.8343 15.6290 0.6140 -0.6019 -0.5105 0.4492 0.6438
27 114.3189 42.9926 13.0093 0.6829 -0.1081 -0.7225 0.4495 0.6449
27 122.0020 46.2753 33.7227 0.9594 -0.2814 -0.0169 0.4377 0.7248
stonegolem.jpg
27 122.0020 46.2753 33.7227 0.9594 -0.2814 -0.0169 0.4377 0.7248
27 110.5425 38.6002 71.7331 0.9302 -0.2927 0.2214 0.4331 0.8842
27 106.5354 27.2127 73.5155 0.4386 -0.8984 -0.0212 0.4617 0.8996
stonegolem.jpg
27 115.4821 32.8343 15.6290 0.6140 -0.6019 -0.5105 0.4492 0.6438
27 122.0020 46.2753 33.7227 0.9594 -0.2814 -0.0169 0.4377 0.7248
27 106.5354 27.2127 73.5155 0.4386 -0.8984 -0.0212 0.4617 0.8996
stonegolem.jpg
27 99.9376 41.5104 9.0455 -0.0782 -0.8444 -0.5300 0.4500 0.5756
27 114.3189 42.9926 13.0093 0.6829 -0.1081 -0.7225 0.4495 0.6449
27 115.4821 32.8343 15.6290 0.6140 -0.6019 -0.5105 0.4492 0.6438
stonegolem.jpg
27 106.5354 27.2127 73.5155 0.4386 -0.8984 -0.0212 0.4617 0.8996
27 89.7790 28.8492 69.1945 -0.0406 -0.9763 -0.2124 0.4901 0.9150
27 99.9376 41.5104 9.0455 -0.0782 -0.8444 -0.5300 0.4500 0.5756
stonegolem.jpg
27 99.9376 41.5104 9.0455 -0.0782 -0.8444 -0.5300 0.4500 0.5756
27 115.4821 32.8343 15.6290 0.6140 -0.6019 -0.5105 0.4492 0.6438
27 106.5354 27.2127 73.5155 0.4386 -0.8984 -0.0212 0.4617 0.8996
stonegolem.jpg
25 61.1155 20.7827 180.7380 -0.8697 0.2285 0.4374 0.0079 0.8886
25 52.8750 30.1109 159.4858 -0.8620 0.2469 0.4426 0.0157 0.7491
25 49.4256 -1.0763 166.3210 -0.8840 0.1914 0.4266 0.1328 0.8289
stonegolem.jpg
25 49.4256 -1.0763 166.3210 -0.8840 0.1914 0.4266 0.1328 0.8289
25 57.1930 -6.4269 184.8246 -0.8840 0.1915 0.4265 0.1267 0.9740
25 61.1155 20.7827 180.7380 -0.8697 0.2285 0.4374 0.0079 0.8886
stonegolem.jpg
25 91.6148 -16.3461 154.9781 0.9170 0.2748 -0.2892 0.3855 0.7936
25 92.2601 8.6298 179.1870 0.9943 0.0601 -0.0885 0.4442 0.8255
25 90.1882 5.2206 183.4826 0.9977 0.0681 -0.0016 0.4435 0.8428
stonegolem.jpg
25 90.1882 5.2206 183.4826 0.9977 0.0681 -0.0016 0.4435 0.8428
25 94.8007 -20.9572 159.2696 0.8894 0.3849 -0.2467 0.3629 0.8009
25 91.6148 -16.3461 154.9781 0.9170 0.2748 -0.2892 0.3855 0.7936
stonegolem.jpg
25 61.1155 20.7827 180.7380 0.3411 0.7691 0.5406 0.5667 0.9004
25 90.1882 5.2206 183.4826 0.2965 0.6733 0.6773 0.4435 0.8428
25 92.2601 8.6298 179.1870 0.3515 0.8509 0.3904 0.4442 0.8255
stonegolem.jpg
25 91.6148 -16.3461 154.9781 -0.0120 -0.2285 -0.9735 0.3864 0.7576
25 94.8007 -20.9572 159.2696 0.1878 -0.5965 -0.7803 0.3629 0.8009
25 75.9440 -23.8304 156.9282 0.0018 -0.0904 -0.9959 0.3222 0.7881
stonegolem.jpg
25 61.1155 20.7827 180.7380 -0.0088 0.1431 0.9897 0.5667 0.9004
25 57.1930 -6.4269 184.8246 0.0021 0.1482 0.9890 0.5269 0.9537
25 77.2341 -12.7196 185.7248 -0.0088 0.1431 0.9897 0.4125 0.9295
stonegolem.jpg
25 77.2341 -12.7196 185.7248 -0.0088 0.1431 0.9897 0.4125 0.9295
25 90.1882 5.2206 183.4826 -0.0196 0.1379 0.9903 0.4435 0.8428
25 61.1155 20.7827 180.7380 -0.0088 0.1431 0.9897 0.5667 0.9004
stonegolem.jpg
25 94.8007 -20.9572 159.2696 0.6884 -0.4234 0.5889 0.3629 0.8009
25 90.1882 5.2206 183.4826 0.6884 -0.4234 0.5889 0.4435 0.8428
25 77.2341 -12.7196 185.7248 0.6884 -0.4234 0.5889 0.4125 0.9295
stonegolem.jpg
25 57.1930 -6.4269 184.8246 -0.2391 -0.6597 0.7125 0.1267 0.9740
25 65.1276 -23.0517 172.0960 -0.2391 -0.6597 0.7125 0.2440 0.8941
25 77.2341 -12.7196 185.7248 -0.2391 -0.6597 0.7125 0.4125 0.9295
stonegolem.jpg
25 58.9919 8.1519 146.5804 -0.9440 -0.0509 -0.3261 0.1406 0.7066
25 49.4256 -1.0763 166.3210 -0.9007 0.0044 -0.4344 0.1328 0.8289
25 52.8750 30.1109 159.4858 -0.9195 -0.0257 -0.3922 0.0157 0.7491
stonegolem.jpg
25 49.4256 -1.0763 166.3210 -0.8082 -0.1538 -0.5685 0.1328 0.8289
25 58.9919 8.1519 146.5804 -0.7889 -0.3132 -0.5287 0.1406 0.7066
25 68.4959 -5.2544 140.3406 -0.8082 -0.1538 -0.5685 0.2807 0.7070
stonegolem.jpg
25 68.4959 -5.2544 140.3406 -0.8082 -0.1538 -0.5685 0.2807 0.7070
25 61.7524 -22.6953 149.2121 -0.8053 0.0099 -0.5927 0.2753 0.8033
25 49.4256 -1.0763 166.3210 -0.8082 -0.1538 -0.5685 0.1328 0.8289
stonegolem.jpg
25 68.4959 -5.2544 140.3406 0.2296 -0.2745 -0.9338 0.2807 0.7070
25 88.5282 5.1297 142.2127 0.2296 -0.2745 -0.9338 0.4122 0.6749
25 95.0547 -3.4227 146.3313 0.2296 -0.2745 -0.9338 0.4050 0.7196
stonegolem.jpg
25 88.5282 5.1297 142.2127 0.7546 0.1828 -0.6303 0.4122 0.6749
25 91.1089 22.1397 149.5690 0.7910 0.1378 -0.5961 0.4769 0.6954
25 96.2573 22.1566 156.4037 0.7546 0.1828 -0.6303 0.4794 0.7502
stonegolem.jpg
25 96.2573 22.1566 156.4037 0.7546 0.1828 -0.6303 0.4794 0.7502
25 95.0547 -3.4227 146.3313 0.7148 0.2269 -0.6615 0.4050 0.7196
25 88.5282 5.1297 142.2127 0.7546 0.1828 -0.6303 0.4122 0.6749
stonegolem.jpg
25 77.5906 25.8708 147.5698 0.1485 0.9811 -0.1237 0.4250 0.7867
25 61.7261 27.9817 146.0484 0.1226 0.9882 0.0923 0.3280 0.8182
25 56.0024 28.1920 151.4025 0.0812 0.9868 -0.1401 0.2965 0.8375
stonegolem.jpg
25 65.0605 30.5026 158.1765 0.1879 0.9581 -0.2163 0.3611 0.8493
25 96.2573 22.1566 156.4037 0.2440 0.9517 -0.1862 0.5425 0.7561
25 91.1089 22.1397 149.5690 0.2610 0.9554 -0.1383 0.5054 0.7508
stonegolem.jpg
25 77.2341 -12.7196 185.7248 0.3058 -0.8838 0.3541 0.4125 0.9295
25 65.1276 -23.0517 172.0960 0.4076 -0.8647 0.2934 0.2440 0.8941
25 63.9584 -28.1901 158.5785 0.3514 -0.9189 -0.1791 0.2590 0.8505
stonegolem.jpg
25 63.9584 -28.1901 158.5785 0.3514 -0.9189 -0.1791 0.2590 0.8505
25 75.9440 -23.8304 156.9282 0.0165 -0.3934 -0.9192 0.3222 0.7881
25 94.8007 -20.9572 159.2696 0.2292 -0.9659 -0.1207 0.3629 0.8009
stonegolem.jpg
25 77.2341 -12.7196 185.7248 0.3058 -0.8838 0.3541 0.4125 0.9295
25 63.9584 -28.1901 158.5785 0.3514 -0.9189 -0.1791 0.2590 0.8505
25 94.8007 -20.9572 159.2696 0.2292 -0.9659 -0.1207 0.3629 0.8009
stonegolem.jpg
25 49.4256 -1.0763 166.3210 -0.8507 -0.5084 0.1332 0.1328 0.8289
25 61.7524 -22.6953 149.2121 -0.8868 -0.4582 -0.0599 0.2753 0.8033
25 63.9584 -28.1901 158.5785 -0.8638 -0.4928 0.1044 0.2627 0.8397
stonegolem.jpg
25 49.4256 -1.0763 166.3210 -0.8507 -0.5084 0.1332 0.1328 0.8289
25 63.9584 -28.1901 158.5785 -0.8638 -0.4928 0.1044 0.2627 0.8397
25 65.1276 -23.0517 172.0960 -0.8196 -0.5257 0.2278 0.2440 0.8941
stonegolem.jpg
25 49.4256 -1.0763 166.3210 -0.8507 -0.5084 0.1332 0.1328 0.8289
25 65.1276 -23.0517 172.0960 -0.8196 -0.5257 0.2278 0.2440 0.8941
25 57.1930 -6.4269 184.8246 -0.8218 -0.5374 0.1896 0.1267 0.9740
stonegolem.jpg
25 63.9584 -28.1901 158.5785 0.3514 -0.9189 -0.1791 0.2622 0.8032
25 61.7524 -22.6953 149.2121 0.0266 -0.8595 -0.5105 0.2748 0.7668
25 72.8208 -23.7502 151.5641 0.5493 -0.8166 0.1772 0.3222 0.7881
stonegolem.jpg
25 68.4959 -5.2544 140.3406 0.2292 -0.5493 -0.8036 0.2807 0.7070
25 95.0547 -3.4227 146.3313 0.2166 -0.5851 -0.7815 0.4050 0.7196
25 94.4784 -8.4781 149.9563 0.4619 -0.8358 -0.2969 0.3953 0.7378
stonegolem.jpg
25 94.4784 -8.4781 149.9563 0.4619 -0.8358 -0.2969 0.3953 0.7378
25 72.8208 -23.7502 151.5641 0.5738 -0.8180 -0.0406 0.3222 0.7881
25 61.7524 -22.6953 149.2121 0.2047 -0.4251 -0.8817 0.2748 0.7668
stonegolem.jpg
25 68.4959 -5.2544 140.3406 0.2292 -0.5493 -0.8036 0.2807 0.7070
25 94.4784 -8.4781 149.9563 0.4619 -0.8358 -0.2969 0.3953 0.7378
25 61.7524 -22.6953 149.2121 0.2047 -0.4251 -0.8817 0.2748 0.7668
stonegolem.jpg
25 96.0807 15.4669 167.8703 0.8183 -0.5236 0.2372 0.4551 0.8034
25 94.4784 -8.4781 149.9563 0.6858 -0.4649 0.5600 0.3864 0.7576
25 95.0547 -3.4227 146.3313 0.9977 -0.0669 0.0111 0.4050 0.7196
stonegolem.jpg
25 95.0547 -3.4227 146.3313 0.9977 -0.0669 0.0111 0.4050 0.7196
25 96.2573 22.1566 156.4037 0.9990 -0.0431 -0.0098 0.4794 0.7502
25 96.0807 15.4669 167.8703 0.8183 -0.5236 0.2372 0.4551 0.8034
stonegolem.jpg
25 61.1155 20.7827 180.7380 0.3411 0.7691 0.5406 0.5682 0.8373
25 96.0807 15.4669 167.8703 0.3563 0.5905 0.7241 0.4551 0.8034
25 96.2573 22.1566 156.4037 0.2724 0.8549 0.4416 0.4794 0.7502
stonegolem.jpg
25 96.2573 22.1566 156.4037 0.2724 0.8549 0.4416 0.4794 0.7502
25 54.5943 32.0594 161.3483 0.2567 0.8705 0.4199 0.5692 0.7646
25 61.1155 20.7827 180.7380 0.3411 0.7691 0.5406 0.5682 0.8373
stonegolem.jpg
25 63.9584 -28.1901 158.5785 0.3514 -0.9189 -0.1791 0.2585 0.8140
25 68.2636 -5.9155 159.6467 0.8827 -0.1492 -0.4456 0.2602 0.8090
25 75.9440 -23.8304 156.9282 0.0165 -0.3934 -0.9192 0.3222 0.7881
stonegolem.jpg
25 80.0859 7.1550 162.0973 0.0890 -0.0607 -0.9942 0.3864 0.7576
25 91.6148 -16.3461 154.9781 -0.0120 -0.2285 -0.9735 0.3953 0.7378
25 75.9440 -23.8304 156.9282 0.0018 -0.0904 -0.9959 0.3222 0.7881
stonegolem.jpg
25 75.9440 -23.8304 156.9282 0.0018 -0.0904 -0.9959 0.3222 0.7881
25 68.2636 -5.9155 159.6467 0.5291 -0.5105 0.6778 0.3222 0.7881
25 80.0859 7.1550 162.0973 0.0890 -0.0607 -0.9942 0.3864 0.7576
stonegolem.jpg
25 88.3169 10.5821 172.7393 0.8642 -0.0058 -0.5031 0.4498 0.8137
25 92.2601 8.6298 179.1870 0.9943 0.0601 -0.0885 0.4442 0.8255
25 91.6148 -16.3461 154.9781 0.9170 0.2748 -0.2892 0.3855 0.7936
stonegolem.jpg
25 91.6148 -16.3461 154.9781 0.9170 0.2748 -0.2892 0.3855 0.7936
25 80.0859 7.1550 162.0973 0.7504 -0.6590 0.0515 0.3844 0.7771
25 88.3169 10.5821 172.7393 0.8642 -0.0058 -0.5031 0.4498 0.8137
stonegolem.jpg
25 92.2601 8.6298 179.1870 0.3515 0.8509 0.3904 0.4442 0.8255
25 88.3169 10.5821 172.7393 0.4302 0.7155 0.5505 0.4498 0.8137
25 61.1155 20.7827 180.7380 0.3411 0.7691 0.5406 0.5667 0.9004
stonegolem.jpg
25 63.9584 -28.1901 158.5785 0.3514 -0.9189 -0.1791 0.2602 0.8090
25 72.8208 -23.7502 151.5641 0.5493 -0.8166 0.1772 0.2622 0.8032
25 68.2636 -5.9155 159.6467 0.8827 -0.1492 -0.4456 0.3222 0.7881
stonegolem.jpg
25 94.4784 -8.4781 149.9563 0.4619 -0.8358 -0.2969 0.3953 0.7378
25 80.0859 7.1550 162.0973 0.0890 -0.0607 -0.9942 0.3864 0.7576
25 68.2636 -5.9155 159.6467 0.5291 -0.5105 0.6778 0.3222 0.7881
stonegolem.jpg
25 68.2636 -5.9155 159.6467 0.5291 -0.5105 0.6778 0.3222 0.7881
25 72.8208 -23.7502 151.5641 0.5738 -0.8180 -0.0406 0.3222 0.7881
25 94.4784 -8.4781 149.9563 0.4619 -0.8358 -0.2969 0.3953 0.7378
stonegolem.jpg
25 96.0807 15.4669 167.8703 0.8183 -0.5236 0.2372 0.4551 0.8034
25 88.3169 10.5821 172.7393 0.8642 -0.0058 -0.5031 0.4498 0.8137
25 80.0859 7.1550 162.0973 0.7504 -0.6590 0.0515 0.3844 0.7771
stonegolem.jpg
25 80.0859 7.1550 162.0973 0.7504 -0.6590 0.0515 0.3844 0.7771
25 94.4784 -8.4781 149.9563 0.6858 -0.4649 0.5600 0.3864 0.7576
25 96.0807 15.4669 167.8703 0.8183 -0.5236 0.2372 0.4551 0.8034
stonegolem.jpg
25 88.3169 10.5821 172.7393 0.4302 0.7155 0.5505 0.4498 0.8137
25 96.0807 15.4669 167.8703 0.3563 0.5905 0.7241 0.4551 0.8034
25 61.1155 20.7827 180.7380 0.3411 0.7691 0.5406 0.5667 0.9004
stonegolem.jpg
25 77.5906 25.8708 147.5698 0.2644 0.5241 -0.8096 0.4250 0.7867
25 91.1089 22.1397 149.5690 0.2644 0.5241 -0.8096 0.5054 0.7508
25 73.9107 14.4015 138.9424 0.2644 0.5241 -0.8096 0.3795 0.7145
stonegolem.jpg
25 54.5943 32.0594 161.3483 0.0301 0.9330 -0.3585 0.3003 0.8786
25 65.0605 30.5026 158.1765 0.0301 0.9330 -0.3585 0.3611 0.8493
25 56.0024 28.1920 151.4025 0.0301 0.9330 -0.3585 0.2965 0.8375
stonegolem.jpg
25 54.5943 32.0594 161.3483 -0.4869 0.7886 -0.3756 0.3003 0.8786
25 56.0024 28.1920 151.4025 -0.4869 0.7886 -0.3756 0.2965 0.8375
25 52.8750 30.1109 159.4858 -0.4869 0.7886 -0.3756 0.2855 0.8672
stonegolem.jpg
25 61.7261 27.9817 146.0484 -0.0954 0.3930 -0.9146 0.3280 0.8182
25 73.9107 14.4015 138.9424 -0.0954 0.3930 -0.9146 0.3795 0.7145
25 57.8372 23.3650 144.4704 -0.0954 0.3930 -0.9146 0.2960 0.7961
stonegolem.jpg
25 73.9107 14.4015 138.9424 -0.3977 -0.1556 -0.9042 0.3795 0.7145
25 58.9919 8.1519 146.5804 -0.3977 -0.1556 -0.9042 0.2830 0.7165
25 57.8372 23.3650 144.4704 -0.3977 -0.1556 -0.9042 0.2960 0.7961
stonegolem.jpg
25 61.1155 20.7827 180.7380 -0.8697 0.2285 0.4374 0.0079 0.8886
25 54.5943 32.0594 161.3483 -0.8368 0.3017 0.4569 0.0157 0.7491
25 52.8750 30.1109 159.4858 -0.8620 0.2469 0.4426 0.5000 0.5000
stonegolem.jpg
25 96.2573 22.1566 156.4037 0.2724 0.8549 0.4416 0.4794 0.7502
25 65.0605 30.5026 158.1765 0.2567 0.8705 0.4199 0.5000 0.5000
25 54.5943 32.0594 161.3483 0.2567 0.8705 0.4199 0.0157 0.7491
stonegolem.jpg
25 88.5282 5.1297 142.2127 0.3927 0.3142 -0.8643 0.4598 0.6495
25 73.9107 14.4015 138.9424 0.3927 0.3142 -0.8643 0.3795 0.7145
25 91.1089 22.1397 149.5690 0.3927 0.3142 -0.8643 0.5054 0.7508
stonegolem.jpg
25 61.7261 27.9817 146.0484 -0.5166 0.6324 -0.5771 0.3280 0.8182
25 57.8372 23.3650 144.4704 -0.5166 0.6324 -0.5771 0.2960 0.7961
25 56.0024 28.1920 151.4025 -0.5166 0.6324 -0.5771 0.2965 0.8375
stonegolem.jpg
25 52.8750 30.1109 159.4858 -0.9195 -0.0257 -0.3922 0.2855 0.8672
25 56.0024 28.1920 151.4025 -0.9598 -0.0783 -0.2697 0.2965 0.8375
25 58.9919 8.1519 146.5804 -0.9440 -0.0509 -0.3261 0.2830 0.7165
stonegolem.jpg
25 57.8372 23.3650 144.4704 -0.9769 -0.1003 -0.1887 0.2960 0.7961
25 58.9919 8.1519 146.5804 -0.9440 -0.0509 -0.3261 0.2830 0.7165
25 56.0024 28.1920 151.4025 -0.9598 -0.0783 -0.2697 0.2965 0.8375
stonegolem.jpg
25 58.9919 8.1519 146.5804 -0.4775 0.0692 -0.8759 0.2830 0.7165
25 73.9107 14.4015 138.9424 -0.4775 0.0692 -0.8759 0.3795 0.7145
25 68.4959 -5.2544 140.3406 -0.4775 0.0692 -0.8759 0.3186 0.6192
stonegolem.jpg
25 68.4959 -5.2544 140.3406 0.1494 -0.1110 -0.9825 0.3186 0.6192
25 73.9107 14.4015 138.9424 0.1494 -0.1110 -0.9825 0.3795 0.7145
25 88.5282 5.1297 142.2127 0.1494 -0.1110 -0.9825 0.4598 0.6495
stonegolem.jpg
25 77.5906 25.8708 147.5698 0.1528 0.5623 -0.8127 0.4250 0.7867
25 73.9107 14.4015 138.9424 0.1528 0.5623 -0.8127 0.3795 0.7145
25 61.7261 27.9817 146.0484 0.1528 0.5623 -0.8127 0.3280 0.8182
stonegolem.jpg
25 91.1089 22.1397 149.5690 0.2610 0.9554 -0.1383 0.5054 0.7508
25 77.5906 25.8708 147.5698 0.1485 0.9811 -0.1237 0.4250 0.7867
25 65.0605 30.5026 158.1765 0.1879 0.9581 -0.2163 0.3611 0.8493
stonegolem.jpg
25 56.0024 28.1920 151.4025 0.0812 0.9868 -0.1401 0.2965 0.8375
25 65.0605 30.5026 158.1765 0.1879 0.9581 -0.2163 0.3611 0.8493
25 77.5906 25.8708 147.5698 0.1485 0.9811 -0.1237 0.4250 0.7867
stonegolem.jpg
25 86.9375 12.5574 124.9890 -0.7049 0.2427 -0.6665 0.2001 0.7924
25 86.4218 1.5221 130.5457 -0.0848 -0.8928 -0.4424 0.1944 0.8687
25 89.9927 4.4396 140.2509 -0.7509 -0.2039 0.6282 0.0766 0.7709
stonegolem.jpg
25 94.9639 24.7291 133.2912 -0.4145 0.8940 -0.1704 0.1982 0.6804
25 86.9375 12.5574 124.9890 -0.7049 0.2427 -0.6665 0.2001 0.7924
25 89.9927 4.4396 140.2509 -0.7509 -0.2039 0.6282 0.0766 0.7709
stonegolem.jpg
25 94.9639 24.7291 133.2912 -0.4145 0.8940 -0.1704 0.1982 0.6804
25 89.9927 4.4396 140.2509 -0.7509 -0.2039 0.6282 0.0766 0.7709
25 93.1152 17.1864 143.5413 0.6881 0.0810 0.7210 0.1172 0.7109
stonegolem.jpg
25 86.9375 12.5574 124.9890 -0.7049 0.2427 -0.6665 0.5586 0.3064
25 94.9639 24.7291 133.2912 -0.4145 0.8940 -0.1704 0.5577 0.2550
25 98.8204 10.1542 129.9027 0.4161 0.3089 -0.8552 0.5881 0.3062
stonegolem.jpg
25 86.4218 1.5221 130.5457 -0.0848 -0.8928 -0.4424 0.5560 0.3414
25 86.9375 12.5574 124.9890 -0.7049 0.2427 -0.6665 0.5586 0.3064
25 98.8204 10.1542 129.9027 0.2644 -0.4436 -0.8564 0.5881 0.3062
stonegolem.jpg
25 98.8204 10.1542 129.9027 0.9371 0.1782 0.3001 0.8717 0.8575
25 94.9639 24.7291 133.2912 -0.4145 0.8940 -0.1704 0.7862 0.7146
25 93.1152 17.1864 143.5413 0.6881 0.0810 0.7210 0.7667 0.8437
stonegolem.jpg
25 98.8204 10.1542 129.9027 0.7352 -0.6134 0.2885 0.8717 0.8575
25 93.1152 17.1864 143.5413 0.6881 0.0810 0.7210 0.7667 0.8437
25 89.9927 4.4396 140.2509 -0.7509 -0.2039 0.6282 0.7656 0.9224
stonegolem.jpg
25 89.9927 4.4396 140.2509 -0.7509 -0.2039 0.6282 0.7656 0.9224
25 86.4218 1.5221 130.5457 -0.0848 -0.8928 -0.4424 0.7785 0.9772
25 98.8204 10.1542 129.9027 0.7352 -0.6134 0.2885 0.8717 0.8575
stonegolem.jpg
25 63.5434 1.7738 128.9466 -0.5587 0.8210 -0.1178 0.2001 0.7924
25 67.9615 0.8828 141.0438 -0.7858 -0.5457 0.2910 0.1944 0.8687
25 75.7881 -9.5134 140.0509 0.6948 0.5546 0.4578 0.0766 0.7709
stonegolem.jpg
25 75.3992 6.7574 111.2257 0.2598 0.9399 -0.2218 0.1982 0.6804
25 63.5434 1.7738 128.9466 -0.5587 0.8210 -0.1178 0.2001 0.7924
25 75.7881 -9.5134 140.0509 0.6948 0.5546 0.4578 0.0766 0.7709
stonegolem.jpg
25 75.3992 6.7574 111.2257 0.2598 0.9399 -0.2218 0.1982 0.6804
25 75.7881 -9.5134 140.0509 0.6948 0.5546 0.4578 0.0766 0.7709
25 79.3743 -2.9122 126.5687 0.8369 -0.4824 -0.2586 0.1172 0.7109
stonegolem.jpg
25 63.5434 1.7738 128.9466 -0.5587 0.8210 -0.1178 0.5586 0.3064
25 75.3992 6.7574 111.2257 0.2598 0.9399 -0.2218 0.5577 0.2550
25 68.8071 -8.0697 124.0751 -0.8034 -0.1436 -0.5779 0.5881 0.3062
stonegolem.jpg
25 67.9615 0.8828 141.0438 -0.7858 -0.5457 0.2910 0.5560 0.3414
25 63.5434 1.7738 128.9466 -0.5587 0.8210 -0.1178 0.5586 0.3064
25 68.8071 -8.0697 124.0751 -0.7967 -0.5500 0.2505 0.5881 0.3062
stonegolem.jpg
25 68.8071 -8.0697 124.0751 0.4670 -0.6885 -0.5549 0.8717 0.8575
25 75.3992 6.7574 111.2257 0.2598 0.9399 -0.2218 0.7862 0.7146
25 79.3743 -2.9122 126.5687 0.8369 -0.4824 -0.2586 0.7667 0.8437
stonegolem.jpg
25 68.8071 -8.0697 124.0751 -0.1931 -0.9812 -0.0043 0.8717 0.8575
25 79.3743 -2.9122 126.5687 0.8369 -0.4824 -0.2586 0.7667 0.8437
25 75.7881 -9.5134 140.0509 0.6948 0.5546 0.4578 0.7656 0.9224
stonegolem.jpg
25 75.7881 -9.5134 140.0509 0.6948 0.5546 0.4578 0.7656 0.9224
25 67.9615 0.8828 141.0438 -0.7858 -0.5457 0.2910 0.7785 0.9772
25 68.8071 -8.0697 124.0751 -0.1931 -0.9812 -0.0043 0.8717 0.8575
stonegolem.jpg
25 68.7994 26.2201 135.6835 0.4037 0.6471 0.6467 0.5586 0.3064
25 65.5095 10.5373 141.8428 -0.5605 -0.0709 0.8251 0.5560 0.3414
25 66.1334 3.2839 134.9572 0.7371 -0.6628 0.1317 0.4820 0.3103
stonegolem.jpg
25 68.5130 30.7743 113.7500 0.5932 0.6678 -0.4496 0.5577 0.2550
25 68.7994 26.2201 135.6835 0.4037 0.6471 0.6467 0.5586 0.3064
25 66.1334 3.2839 134.9572 0.7371 -0.6628 0.1317 0.4820 0.3103
stonegolem.jpg
25 68.5130 30.7743 113.7500 0.5932 0.6678 -0.4496 0.5577 0.2550
25 66.1334 3.2839 134.9572 0.7371 -0.6628 0.1317 0.4820 0.3103
25 68.5014 11.9335 112.1035 -0.3947 -0.4990 -0.7715 0.5132 0.2676
stonegolem.jpg
25 68.7994 26.2201 135.6835 0.4037 0.6471 0.6467 0.5586 0.3064
25 68.5130 30.7743 113.7500 0.5932 0.6678 -0.4496 0.5577 0.2550
25 57.3627 18.4190 124.7353 -0.6569 0.7364 0.1615 0.5881 0.3062
stonegolem.jpg
25 65.5095 10.5373 141.8428 -0.5605 -0.0709 0.8251 0.5560 0.3414
25 68.7994 26.2201 135.6835 0.4037 0.6471 0.6467 0.5586 0.3064
25 57.3627 18.4190 124.7353 -0.7616 0.3690 0.5327 0.5881 0.3062
stonegolem.jpg
25 57.3627 18.4190 124.7353 -0.7333 0.0596 -0.6773 0.8717 0.8575
25 68.5130 30.7743 113.7500 0.5932 0.6678 -0.4496 0.7862 0.7146
25 68.5014 11.9335 112.1035 -0.3947 -0.4990 -0.7715 0.7667 0.8437
stonegolem.jpg
25 65.5095 10.5373 141.8428 -0.5605 -0.0709 0.8251 0.7785 0.9772
25 57.3627 18.4190 124.7353 -0.8592 -0.5112 -0.0197 0.8717 0.8575
25 66.1334 3.2839 134.9572 0.7371 -0.6628 0.1317 0.7656 0.9224
stonegolem.jpg
25 66.1334 3.2839 134.9572 0.7371 -0.6628 0.1317 0.7656 0.9224
25 57.3627 18.4190 124.7353 -0.8592 -0.5112 -0.0197 0.8717 0.8575
25 68.5014 11.9335 112.1035 -0.3947 -0.4990 -0.7715 0.7667 0.8437
stonegolem.jpg
25 85.6024 30.0018 132.4655 0.8009 -0.5750 -0.1670 0.2001 0.7924
25 79.2402 28.6556 143.2252 0.3757 0.0142 0.9266 0.1944 0.8687
25 69.1558 30.3591 139.3864 -0.4962 -0.8495 0.1793 0.0766 0.7709
stonegolem.jpg
25 76.8663 36.2466 119.2124 0.3155 -0.3925 -0.8639 0.1982 0.6804
25 85.6024 30.0018 132.4655 0.8009 -0.5750 -0.1670 0.2001 0.7924
25 69.1558 30.3591 139.3864 -0.4962 -0.8495 0.1793 0.0766 0.7709
stonegolem.jpg
25 76.8663 36.2466 119.2124 0.3155 -0.3925 -0.8639 0.1982 0.6804
25 69.1558 30.3591 139.3864 -0.4962 -0.8495 0.1793 0.0766 0.7709
25 66.3655 32.6280 126.1095 -0.8248 0.5426 -0.1592 0.1172 0.7109
stonegolem.jpg
25 85.6024 30.0018 132.4655 0.8009 -0.5750 -0.1670 0.5586 0.3064
25 76.8663 36.2466 119.2124 0.3155 -0.3925 -0.8639 0.5577 0.2550
25 78.3147 41.0038 134.1147 0.7880 0.5602 -0.2554 0.5881 0.3062
stonegolem.jpg
25 79.2402 28.6556 143.2252 0.3757 0.0142 0.9266 0.5560 0.3414
25 85.6024 30.0018 132.4655 0.8009 -0.5750 -0.1670 0.5586 0.3064
25 78.3147 41.0038 134.1147 0.7548 0.4251 0.4995 0.5881 0.3062
stonegolem.jpg
25 78.3147 41.0038 134.1147 -0.4495 0.8627 -0.2317 0.8717 0.8575
25 76.8663 36.2466 119.2124 0.3155 -0.3925 -0.8639 0.7862 0.7146
25 66.3655 32.6280 126.1095 -0.8248 0.5426 -0.1592 0.7667 0.8437
stonegolem.jpg
25 78.3147 41.0038 134.1147 -0.4664 0.6809 0.5646 0.8717 0.8575
25 66.3655 32.6280 126.1095 -0.8248 0.5426 -0.1592 0.7667 0.8437
25 69.1558 30.3591 139.3864 -0.4962 -0.8495 0.1793 0.7656 0.9224
stonegolem.jpg
25 69.1558 30.3591 139.3864 -0.4962 -0.8495 0.1793 0.7656 0.9224
25 79.2402 28.6556 143.2252 0.3757 0.0142 0.9266 0.7785 0.9772
25 78.3147 41.0038 134.1147 -0.4664 0.6809 0.5646 0.8717 0.8575
stonegolem.jpg
25 78.3908 -3.5055 133.4428 -0.8754 -0.4097 0.2566 0.2001 0.7924
25 85.0167 0.1405 141.2771 0.1996 -0.4706 0.8595 0.1944 0.8687
25 88.6970 6.2962 138.6065 -0.2827 0.7815 0.5561 0.0766 0.7709
stonegolem.jpg
25 80.7169 2.6691 123.1228 -0.7642 0.3658 -0.5312 0.1982 0.6804
25 78.3908 -3.5055 133.4428 -0.8754 -0.4097 0.2566 0.2001 0.7924
25 88.6970 6.2962 138.6065 -0.2827 0.7815 0.5561 0.0766 0.7709
stonegolem.jpg
25 80.7169 2.6691 123.1228 -0.7642 0.3658 -0.5312 0.1982 0.6804
25 88.6970 6.2962 138.6065 -0.2827 0.7815 0.5561 0.0766 0.7709
25 86.0894 7.6640 131.1073 0.5686 0.7218 -0.3945 0.1172 0.7109
stonegolem.jpg
25 78.3908 -3.5055 133.4428 -0.8754 -0.4097 0.2566 0.5586 0.3064
25 80.7169 2.6691 123.1228 -0.7642 0.3658 -0.5312 0.5577 0.2550
25 90.1337 -1.7389 131.9884 0.0678 -0.8628 -0.5010 0.5881 0.3062
stonegolem.jpg
25 85.0167 0.1405 141.2771 0.1996 -0.4706 0.8595 0.5560 0.3414
25 78.3908 -3.5055 133.4428 -0.8754 -0.4097 0.2566 0.5586 0.3064
25 90.1337 -1.7389 131.9884 0.1773 -0.9411 0.2880 0.5881 0.3062
stonegolem.jpg
25 90.1337 -1.7389 131.9884 0.7232 0.2508 -0.6435 0.8717 0.8575
25 80.7169 2.6691 123.1228 -0.7642 0.3658 -0.5312 0.7862 0.7146
25 86.0894 7.6640 131.1073 0.5686 0.7218 -0.3945 0.7667 0.8437
stonegolem.jpg
25 90.1337 -1.7389 131.9884 0.9873 0.0535 0.1493 0.8717 0.8575
25 86.0894 7.6640 131.1073 0.5686 0.7218 -0.3945 0.7667 0.8437
25 88.6970 6.2962 138.6065 -0.2827 0.7815 0.5561 0.7656 0.9224
stonegolem.jpg
25 88.6970 6.2962 138.6065 -0.2827 0.7815 0.5561 0.7656 0.9224
25 85.0167 0.1405 141.2771 0.1996 -0.4706 0.8595 0.7785 0.9772
25 90.1337 -1.7389 131.9884 0.9873 0.0535 0.1493 0.8717 0.8575
stonegolem.jpg
38 -93.3569 -19.7108 52.9789 -0.9773 0.1670 -0.1303 0.5577 0.2550
38 -100.6339 -35.4689 87.3749 -0.9773 0.1670 -0.1303 0.5097 0.3023
38 -94.3587 -0.6195 84.9625 -0.9773 0.1670 -0.1303 0.5586 0.3064
stonegolem.jpg
38 -94.3587 -0.6195 84.9625 0.2026 0.8436 -0.4972 0.5586 0.3064
38 -65.7730 -10.6054 79.6666 0.2026 0.8436 -0.4972 0.5881 0.3062
38 -93.3569 -19.7108 52.9789 0.2026 0.8436 -0.4972 0.5577 0.2550
stonegolem.jpg
38 -100.6339 -35.4689 87.3749 -0.8400 0.1865 0.5095 0.5097 0.3023
38 -83.7715 -13.1303 106.9996 -0.8400 0.1865 0.5095 0.5560 0.3414
38 -94.3587 -0.6195 84.9625 -0.8400 0.1865 0.5095 0.5586 0.3064
stonegolem.jpg
38 -83.7715 -13.1303 106.9996 0.3648 0.8740 0.3209 0.5560 0.3414
38 -65.7730 -10.6054 79.6666 0.3648 0.8740 0.3209 0.5881 0.3062
38 -94.3587 -0.6195 84.9625 0.3648 0.8740 0.3209 0.5586 0.3064
stonegolem.jpg
38 -93.3569 -19.7108 52.9789 -0.3254 -0.8317 -0.4499 0.7862 0.7146
38 -74.2031 -42.7072 81.6408 -0.3254 -0.8317 -0.4499 0.7667 0.8437
38 -100.6339 -35.4689 87.3749 -0.3254 -0.8317 -0.4499 0.6676 0.8497
stonegolem.jpg
38 -65.7730 -10.6054 79.6666 0.7148 -0.2284 -0.6609 0.8717 0.8575
38 -74.2031 -42.7072 81.6408 0.7148 -0.2284 -0.6609 0.7667 0.8437
38 -93.3569 -19.7108 52.9789 0.7148 -0.2284 -0.6609 0.7862 0.7146
stonegolem.jpg
38 -100.6339 -35.4689 87.3749 -0.3237 -0.6154 0.7186 0.6676 0.8497
38 -77.7123 -26.6215 105.2772 -0.3237 -0.6154 0.7186 0.7656 0.9224
38 -83.7715 -13.1303 106.9996 -0.5001 -0.3270 0.8019 0.7785 0.9772
stonegolem.jpg
38 -83.7715 -13.1303 106.9996 0.7884 0.2845 0.5454 0.7785 0.9772
38 -77.7123 -26.6215 105.2772 0.8985 0.0305 0.4379 0.7656 0.9224
38 -65.7730 -10.6054 79.6666 0.8985 0.0305 0.4379 0.8717 0.8575
stonegolem.jpg
38 -77.7123 -26.6215 105.2772 0.8985 0.0305 0.4379 0.7656 0.9224
38 -74.2031 -42.7072 81.6408 0.9293 -0.2261 0.2919 0.7667 0.8437
38 -65.7730 -10.6054 79.6666 0.8985 0.0305 0.4379 0.8717 0.8575
stonegolem.jpg
38 -100.6339 -35.4689 87.3749 -0.3237 -0.6154 0.7186 0.6676 0.8497
38 -74.2031 -42.7072 81.6408 -0.1081 -0.8293 0.5483 0.7667 0.8437
38 -77.7123 -26.6215 105.2772 -0.3237 -0.6154 0.7186 0.7656 0.9224
stonegolem.jpg
38 -100.0465 -20.9272 85.8560 0.1216 0.3040 -0.9449 0.2001 0.7924
38 -87.7396 -22.4643 109.6243 0.9176 0.3767 0.1269 0.0766 0.7709
38 -87.5973 -28.7377 97.4060 0.5006 -0.8411 -0.2047 0.1944 0.8687
stonegolem.jpg
38 -107.5195 -9.7391 102.5199 -0.3353 0.8826 -0.3295 0.1982 0.6804
38 -87.7396 -22.4643 109.6243 0.9176 0.3767 0.1269 0.0766 0.7709
38 -100.0465 -20.9272 85.8560 0.1216 0.3040 -0.9449 0.2001 0.7924
stonegolem.jpg
38 -107.5195 -9.7391 102.5199 -0.3353 0.8826 -0.3295 0.1982 0.6804
38 -98.0625 -9.1054 113.3806 -0.2557 0.2798 0.9254 0.1172 0.7109
38 -87.7396 -22.4643 109.6243 0.9176 0.3767 0.1269 0.0766 0.7709
stonegolem.jpg
38 -100.0465 -20.9272 85.8560 0.1216 0.3040 -0.9449 0.5586 0.3064
38 -106.8523 -28.2771 105.0388 -0.9288 -0.0825 -0.3612 0.5881 0.3062
38 -107.5195 -9.7391 102.5199 -0.3353 0.8826 -0.3295 0.5577 0.2550
stonegolem.jpg
38 -87.5973 -28.7377 97.4060 0.5006 -0.8411 -0.2047 0.5560 0.3414
38 -106.8523 -28.2771 105.0388 -0.1830 -0.8946 -0.4077 0.5881 0.3062
38 -100.0465 -20.9272 85.8560 0.1216 0.3040 -0.9449 0.5586 0.3064
stonegolem.jpg
38 -106.8523 -28.2771 105.0388 -0.7545 0.0616 0.6534 0.8717 0.8575
38 -98.0625 -9.1054 113.3806 -0.2557 0.2798 0.9254 0.7667 0.8437
38 -107.5195 -9.7391 102.5199 -0.3353 0.8826 -0.3295 0.7862 0.7146
stonegolem.jpg
38 -106.8523 -28.2771 105.0388 0.0228 -0.6644 0.7471 0.8717 0.8575
38 -87.7396 -22.4643 109.6243 0.9176 0.3767 0.1269 0.7656 0.9224
38 -98.0625 -9.1054 113.3806 -0.2557 0.2798 0.9254 0.7667 0.8437
stonegolem.jpg
38 -87.7396 -22.4643 109.6243 0.9176 0.3767 0.1269 0.7656 0.9224
38 -106.8523 -28.2771 105.0388 0.0228 -0.6644 0.7471 0.8717 0.8575
38 -87.5973 -28.7377 97.4060 0.5006 -0.8411 -0.2047 0.7785 0.9772
stonegolem.jpg
38 -105.3355 -26.5688 66.6315 0.6234 0.5511 -0.5547 0.5577 0.2550
38 -114.9660 -2.0647 80.1511 0.6234 0.5511 -0.5547 0.5097 0.3023
38 -95.3332 -15.9344 88.4360 0.6234 0.5511 -0.5547 0.5586 0.3064
stonegolem.jpg
38 -95.3332 -15.9344 88.4360 0.7035 -0.7103 0.0237 0.5586 0.3064
38 -109.8496 -30.2565 90.0858 0.7035 -0.7103 0.0237 0.5881 0.3062
38 -105.3355 -26.5688 66.6315 0.7035 -0.7103 0.0237 0.5577 0.2550
stonegolem.jpg
38 -114.9660 -2.0647 80.1511 0.5376 0.8342 0.1227 0.5097 0.3023
38 -108.0648 -9.6626 101.5744 0.5376 0.8342 0.1227 0.5560 0.3414
38 -95.3332 -15.9344 88.4360 0.5376 0.8342 0.1227 0.5586 0.3064
stonegolem.jpg
38 -108.0648 -9.6626 101.5744 0.5250 -0.4489 0.7231 0.5560 0.3414
38 -109.8496 -30.2565 90.0858 0.5250 -0.4489 0.7231 0.5881 0.3062
38 -95.3332 -15.9344 88.4360 0.5250 -0.4489 0.7231 0.5586 0.3064
stonegolem.jpg
38 -105.3355 -26.5688 66.6315 -0.0033 0.4821 -0.8761 0.7862 0.7146
38 -122.1174 -16.8839 72.0235 -0.0033 0.4821 -0.8761 0.7667 0.8437
38 -114.9660 -2.0647 80.1511 -0.0033 0.4821 -0.8761 0.6676 0.8497
stonegolem.jpg
38 -109.8496 -30.2565 90.0858 -0.5410 -0.8086 -0.2313 0.8717 0.8575
38 -122.1174 -16.8839 72.0235 -0.5410 -0.8086 -0.2313 0.7667 0.8437
38 -105.3355 -26.5688 66.6315 -0.5410 -0.8086 -0.2313 0.7862 0.7146
stonegolem.jpg
38 -114.9660 -2.0647 80.1511 -0.6595 0.7374 0.1459 0.6676 0.8497
38 -122.0236 -10.7787 92.2840 -0.6595 0.7374 0.1459 0.7656 0.9224
38 -108.0648 -9.6626 101.5744 -0.3404 0.8463 0.4098 0.7785 0.9772
stonegolem.jpg
38 -108.0648 -9.6626 101.5744 -0.4876 -0.3927 0.7798 0.7785 0.9772
38 -122.0236 -10.7787 92.2840 -0.7045 -0.4975 0.5062 0.7656 0.9224
38 -109.8496 -30.2565 90.0858 -0.7045 -0.4975 0.5062 0.8717 0.8575
stonegolem.jpg
38 -122.0236 -10.7787 92.2840 -0.7045 -0.4975 0.5062 0.7656 0.9224
38 -122.1174 -16.8839 72.0235 -0.8278 -0.5361 0.1654 0.7667 0.8437
38 -109.8496 -30.2565 90.0858 -0.7045 -0.4975 0.5062 0.8717 0.8575
stonegolem.jpg
38 -114.9660 -2.0647 80.1511 -0.6595 0.7374 0.1459 0.6676 0.8497
38 -122.1174 -16.8839 72.0235 -0.8578 0.4933 -0.1447 0.7667 0.8437
38 -122.0236 -10.7787 92.2840 -0.6595 0.7374 0.1459 0.7656 0.9224
stonegolem.jpg
38 -119.1435 -46.6996 50.6485 -0.6278 -0.6778 0.3827 0.4535 0.7875
38 -116.6809 -26.2581 78.2861 -0.5511 -0.6466 0.5274 0.3268 0.8528
38 -134.9182 -31.6586 53.1324 -0.6112 -0.7016 0.3663 0.3291 0.7731
stonegolem.jpg
38 -116.6809 -26.2581 78.2861 -0.5511 -0.6466 0.5274 0.3268 0.8528
38 -119.1435 -46.6996 50.6485 -0.6278 -0.6778 0.3827 0.4535 0.7875
38 -100.4468 -37.0442 82.5599 -0.5628 -0.6398 0.5233 0.4493 0.9334
stonegolem.jpg
38 -105.3846 -50.1984 24.4049 0.1058 -0.9769 0.1857 0.5549 0.7133
38 -119.1435 -46.6996 50.6485 0.1285 -0.9738 0.1875 0.4535 0.7875
38 -125.2348 -50.6862 24.4891 0.0249 -0.9891 0.1449 0.4540 0.7066
stonegolem.jpg
38 -119.1435 -46.6996 50.6485 0.1285 -0.9738 0.1875 0.4535 0.7875
38 -105.3846 -50.1984 24.4049 0.1058 -0.9769 0.1857 0.5549 0.7133
38 -107.1689 -45.4672 45.9991 0.1797 -0.9615 0.2078 0.5040 0.7908
stonegolem.jpg
38 -127.9019 -28.8783 9.9256 -0.2418 -0.7069 -0.6647 0.3287 0.6159
38 -105.3846 -50.1984 24.4049 -0.2418 -0.7069 -0.6647 0.5549 0.7133
38 -125.2348 -50.6862 24.4891 0.0101 -0.5545 -0.8321 0.4540 0.7066
stonegolem.jpg
38 -105.3846 -50.1984 24.4049 -0.2418 -0.7069 -0.6647 0.5549 0.7133
38 -127.9019 -28.8783 9.9256 -0.2418 -0.7069 -0.6647 0.3287 0.6159
38 -113.8560 -33.2079 2.3825 -0.4660 -0.7782 -0.4211 0.3678 0.5369
stonegolem.jpg
38 -127.9019 -28.8783 9.9256 -0.8352 -0.3724 -0.4047 0.3287 0.6159
38 -125.2348 -50.6862 24.4891 -0.8352 -0.3724 -0.4047 0.4540 0.7066
38 -134.7668 -37.3281 31.8663 -0.8352 -0.3724 -0.4047 0.3314 0.6934
stonegolem.jpg
38 -100.4468 -37.0442 82.5599 -0.1167 0.2947 0.9484 0.4493 0.9334
38 -109.5797 -14.4665 74.4199 -0.1167 0.2947 0.9484 0.3168 0.8784
38 -116.6809 -26.2581 78.2861 -0.0306 0.3280 0.9442 0.3268 0.8528
stonegolem.jpg
38 -109.5797 -14.4665 74.4199 -0.1167 0.2947 0.9484 0.3168 0.8784
38 -100.4468 -37.0442 82.5599 -0.1167 0.2947 0.9484 0.4493 0.9334
38 -99.1227 -18.2829 77.6995 -0.2017 0.2589 0.9446 0.2978 0.9267
stonegolem.jpg
38 -103.1630 -25.9257 39.4866 0.9900 -0.1013 -0.0981 0.2917 0.7222
38 -100.4468 -37.0442 82.5599 0.9806 -0.1658 -0.1046 0.4493 0.9334
38 -107.1689 -45.4672 45.9991 0.9794 -0.2017 -0.0029 0.5040 0.7908
stonegolem.jpg
38 -100.4468 -37.0442 82.5599 0.9806 -0.1658 -0.1046 0.4493 0.9334
38 -103.1630 -25.9257 39.4866 0.9900 -0.1013 -0.0981 0.2917 0.7222
38 -99.1227 -18.2829 77.6995 0.9920 -0.0924 -0.0864 0.2978 0.9267
stonegolem.jpg
38 -127.9019 -28.8783 9.9256 -0.4803 0.8523 -0.2072 0.3287 0.6159
38 -103.1630 -25.9257 39.4866 0.1874 0.9532 -0.2373 0.2917 0.7222
38 -113.8560 -33.2079 2.3825 0.1681 0.9570 -0.2363 0.2857 0.5176
stonegolem.jpg
38 -103.1630 -25.9257 39.4866 0.1874 0.9532 -0.2373 0.2917 0.7222
38 -127.9019 -28.8783 9.9256 -0.4803 0.8523 -0.2072 0.3287 0.6159
38 -129.8535 -21.8441 45.8281 -0.5248 0.8506 0.0319 0.3096 0.7465
stonegolem.jpg
38 -134.7668 -37.3281 31.8663 -0.6870 -0.6902 0.2271 0.3314 0.6934
38 -119.1435 -46.6996 50.6485 -0.6278 -0.6778 0.3827 0.4535 0.7875
38 -134.9182 -31.6586 53.1324 -0.6112 -0.7016 0.3663 0.3291 0.7731
stonegolem.jpg
38 -119.1435 -46.6996 50.6485 -0.6278 -0.6778 0.3827 0.4535 0.7875
38 -134.7668 -37.3281 31.8663 -0.6870 -0.6902 0.2271 0.3314 0.6934
38 -125.2348 -50.6862 24.4891 -0.7098 -0.6527 0.2648 0.4540 0.7066
stonegolem.jpg
38 -119.1435 -46.6996 50.6485 0.1285 -0.9738 0.1875 0.4535 0.7875
38 -107.1689 -45.4672 45.9991 0.1797 -0.9615 0.2078 0.5040 0.7908
38 -100.4468 -37.0442 82.5599 0.1735 -0.9662 0.1907 0.4493 0.9334
stonegolem.jpg
38 -109.5797 -14.4665 74.4199 -0.1093 0.9922 -0.0591 0.3168 0.8784
38 -103.1630 -25.9257 39.4866 0.1874 0.9532 -0.2373 0.2917 0.7222
38 -129.8535 -21.8441 45.8281 -0.5248 0.8506 0.0319 0.3096 0.7465
stonegolem.jpg
38 -103.1630 -25.9257 39.4866 0.1874 0.9532 -0.2373 0.2917 0.7222
38 -109.5797 -14.4665 74.4199 -0.1093 0.9922 -0.0591 0.3168 0.8784
38 -99.1227 -18.2829 77.6995 0.3946 0.8921 -0.2201 0.2978 0.9267
stonegolem.jpg
38 -105.3846 -50.1984 24.4049 0.9953 -0.0346 -0.0909 0.5549 0.7133
38 -103.1630 -25.9257 39.4866 0.9900 -0.1013 -0.0981 0.2917 0.7222
38 -107.1689 -45.4672 45.9991 0.9794 -0.2017 -0.0029 0.5040 0.7908
stonegolem.jpg
38 -103.1630 -25.9257 39.4866 0.9900 -0.1013 -0.0981 0.2917 0.7222
38 -105.3846 -50.1984 24.4049 0.9953 -0.0346 -0.0909 0.5549 0.7133
38 -113.8560 -33.2079 2.3825 0.9515 0.0949 -0.2928 0.2857 0.5176
stonegolem.jpg
38 -116.6809 -26.2581 78.2861 -0.7122 0.5965 0.3701 0.3268 0.8528
38 -129.8535 -21.8441 45.8281 -0.5248 0.8506 0.0319 0.3096 0.7465
38 -134.9182 -31.6586 53.1324 -0.8678 0.4952 0.0421 0.3291 0.7731
stonegolem.jpg
38 -129.8535 -21.8441 45.8281 -0.5248 0.8506 0.0319 0.3096 0.7465
38 -116.6809 -26.2581 78.2861 -0.7122 0.5965 0.3701 0.3268 0.8528
38 -109.5797 -14.4665 74.4199 -0.1093 0.9922 -0.0591 0.3168 0.8784
stonegolem.jpg
38 -127.9019 -28.8783 9.9256 -0.4803 0.8523 -0.2072 0.3287 0.6159
38 -134.9182 -31.6586 53.1324 -0.8678 0.4952 0.0421 0.3291 0.7731
38 -129.8535 -21.8441 45.8281 -0.5248 0.8506 0.0319 0.3096 0.7465
stonegolem.jpg
38 -134.9182 -31.6586 53.1324 -0.8678 0.4952 0.0421 0.3291 0.7731
38 -127.9019 -28.8783 9.9256 -0.4803 0.8523 -0.2072 0.3287 0.6159
38 -134.7668 -37.3281 31.8663 -0.8989 0.4217 -0.1188 0.3314 0.6934
stonegolem.jpg
38 -86.1297 -39.2468 61.0414 0.9179 -0.3791 0.1171 0.1889 0.4748
38 -73.1945 -16.2278 34.1455 0.9179 -0.3791 0.1171 0.2695 0.4065
38 -74.3326 -11.8431 57.2689 0.9179 -0.3791 0.1171 0.2724 0.4545
stonegolem.jpg
38 -73.1945 -16.2278 34.1455 0.9306 -0.3240 0.1702 0.2695 0.4065
38 -86.1297 -39.2468 61.0414 0.9306 -0.3240 0.1702 0.1889 0.4748
38 -84.0773 -44.3844 40.0403 0.9306 -0.3240 0.1702 0.2096 0.4168
stonegolem.jpg
38 -83.8305 -14.6667 74.0561 0.8496 -0.3067 0.4291 0.2457 0.5055
38 -86.1297 -39.2468 61.0414 0.8496 -0.3067 0.4291 0.1889 0.4748
38 -74.3326 -11.8431 57.2689 0.8496 -0.3067 0.4291 0.2724 0.4545
stonegolem.jpg
38 -89.4138 -46.6922 16.8622 0.6250 -0.3986 -0.6712 0.2304 0.3589
38 -101.6637 -43.7488 3.7075 0.6250 -0.3986 -0.6712 0.2313 0.3469
38 -78.1439 -21.5919 12.4522 0.6250 -0.3986 -0.6712 0.2666 0.3584
stonegolem.jpg
38 -101.6637 -43.7488 3.7075 0.2276 0.1388 -0.9638 0.2990 0.3466
38 -94.5852 -1.5853 11.4522 0.2276 0.1388 -0.9638 0.3207 0.3667
38 -78.1439 -21.5919 12.4522 0.2276 0.1388 -0.9638 0.2666 0.3584
stonegolem.jpg
38 -73.1945 -16.2278 34.1455 0.6768 0.7147 -0.1768 0.2695 0.4065
38 -94.5852 -1.5853 11.4522 0.6768 0.7147 -0.1768 0.3207 0.3667
38 -90.9362 0.3249 33.1444 0.6768 0.7147 -0.1768 0.3224 0.4136
stonegolem.jpg
38 -94.5852 -1.5853 11.4522 0.7408 0.5930 -0.3156 0.3207 0.3667
38 -73.1945 -16.2278 34.1455 0.7408 0.5930 -0.3156 0.2695 0.4065
38 -78.1439 -21.5919 12.4522 0.7408 0.5930 -0.3156 0.2666 0.3584
stonegolem.jpg
38 -83.8305 -14.6667 74.0561 0.6458 0.6647 0.3757 0.2457 0.5055
38 -85.0884 -2.5994 54.8690 0.6458 0.6647 0.3757 0.3241 0.4606
38 -103.2025 5.1471 72.2989 0.6458 0.6647 0.3757 0.2681 0.4966
stonegolem.jpg
38 -85.0884 -2.5994 54.8690 0.5336 0.7312 0.4249 0.3241 0.4606
38 -83.8305 -14.6667 74.0561 0.5336 0.7312 0.4249 0.2457 0.5055
38 -74.3326 -11.8431 57.2689 0.5336 0.7312 0.4249 0.2724 0.4545
stonegolem.jpg
38 -103.2025 5.1471 72.2989 -0.3214 -0.2328 0.9179 0.2681 0.4966
38 -96.8575 -31.4162 65.2469 -0.3214 -0.2328 0.9179 0.3007 0.5075
38 -83.8305 -14.6667 74.0561 -0.3214 -0.2328 0.9179 0.2457 0.5055
stonegolem.jpg
38 -96.8575 -31.4162 65.2469 0.0046 -0.4683 0.8836 0.2361 0.5225
38 -86.1297 -39.2468 61.0414 0.0046 -0.4683 0.8836 0.1912 0.4784
38 -83.8305 -14.6667 74.0561 0.0046 -0.4683 0.8836 0.2457 0.5055
stonegolem.jpg
38 -102.3806 -35.4599 42.3252 -0.9829 0.1753 -0.0559 0.2497 0.4218
38 -94.5852 -1.5853 11.4522 -0.9829 0.1753 -0.0559 0.3207 0.3667
38 -101.6637 -43.7488 3.7075 -0.9829 0.1753 -0.0559 0.2313 0.3469
stonegolem.jpg
38 -94.5852 -1.5853 11.4522 -0.9346 0.3318 0.1280 0.3207 0.3667
38 -102.3806 -35.4599 42.3252 -0.9346 0.3318 0.1280 0.2497 0.4218
38 -90.9362 0.3249 33.1444 -0.9346 0.3318 0.1280 0.3224 0.4136
stonegolem.jpg
38 -96.8575 -31.4162 65.2469 -0.9403 -0.2142 0.2644 0.3007 0.5075
38 -103.2025 5.1471 72.2989 -0.9403 -0.2142 0.2644 0.2681 0.4966
38 -102.3806 -35.4599 42.3252 -0.9403 -0.2142 0.2644 0.2497 0.4218
stonegolem.jpg
38 -84.0773 -44.3844 40.0403 0.9181 -0.3791 -0.1157 0.2096 0.4168
38 -78.1439 -21.5919 12.4522 0.9181 -0.3791 -0.1157 0.2666 0.3584
38 -73.1945 -16.2278 34.1455 0.9181 -0.3791 -0.1157 0.2695 0.4065
stonegolem.jpg
38 -78.1439 -21.5919 12.4522 0.8893 -0.4277 -0.1621 0.2666 0.3584
38 -84.0773 -44.3844 40.0403 0.8893 -0.4277 -0.1621 0.2096 0.4168
38 -89.4138 -46.6922 16.8622 0.8893 -0.4277 -0.1621 0.2304 0.3589
stonegolem.jpg
38 -90.9362 0.3249 33.1444 0.6816 0.7243 -0.1038 0.3224 0.4136
38 -74.3326 -11.8431 57.2689 0.6816 0.7243 -0.1038 0.2724 0.4545
38 -73.1945 -16.2278 34.1455 0.6816 0.7243 -0.1038 0.2695 0.4065
stonegolem.jpg
38 -74.3326 -11.8431 57.2689 0.6597 0.7476 -0.0769 0.2724 0.4545
38 -90.9362 0.3249 33.1444 0.6597 0.7476 -0.0769 0.3224 0.4136
38 -85.0884 -2.5994 54.8690 0.6597 0.7476 -0.0769 0.3241 0.4606
stonegolem.jpg
38 -102.3806 -35.4599 42.3252 -0.4122 -0.8924 0.1838 0.2497 0.4218
38 -89.4138 -46.6922 16.8622 -0.4122 -0.8924 0.1838 0.2304 0.3589
38 -84.0773 -44.3844 40.0403 -0.4122 -0.8924 0.1838 0.2108 0.4187
stonegolem.jpg
38 -89.4138 -46.6922 16.8622 -0.4119 -0.8925 0.1839 0.2304 0.3589
38 -102.3806 -35.4599 42.3252 -0.4119 -0.8925 0.1839 0.2497 0.4218
38 -101.6637 -43.7488 3.7075 -0.4119 -0.8925 0.1839 0.2313 0.3469
stonegolem.jpg
38 -102.3806 -35.4599 42.3252 -0.8885 0.3579 0.2873 0.2497 0.4218
38 -85.0884 -2.5994 54.8690 -0.8885 0.3579 0.2873 0.3241 0.4606
38 -90.9362 0.3249 33.1444 -0.8885 0.3579 0.2873 0.3224 0.4136
stonegolem.jpg
38 -85.0884 -2.5994 54.8690 -0.4669 0.5190 -0.7159 0.3241 0.4606
38 -102.3806 -35.4599 42.3252 -0.4669 0.5190 -0.7159 0.2497 0.4218
38 -103.2025 5.1471 72.2989 -0.4669 0.5190 -0.7159 0.2681 0.4966
stonegolem.jpg
38 -86.1297 -39.2468 61.0414 -0.4132 -0.8931 0.1781 0.1912 0.4784
38 -102.3806 -35.4599 42.3252 -0.4132 -0.8931 0.1781 0.2497 0.4218
38 -84.0773 -44.3844 40.0403 -0.4132 -0.8931 0.1781 0.2108 0.4187
stonegolem.jpg
38 -102.3806 -35.4599 42.3252 -0.4983 -0.8253 0.2657 0.2497 0.4218
38 -86.1297 -39.2468 61.0414 -0.4983 -0.8253 0.2657 0.1912 0.4784
38 -96.8575 -31.4162 65.2469 -0.4983 -0.8253 0.2657 0.3007 0.5075
stonegolem.jpg
38 -123.3539 -6.6620 64.5695 -0.5051 0.8540 0.1249 0.4331 0.8842
38 -113.4959 6.6914 13.1162 -0.5051 0.8540 0.1249 0.3136 0.7049
38 -138.4937 -10.2839 27.2507 -0.5087 0.8520 0.1237 0.4377 0.7248
stonegolem.jpg
38 -113.4959 6.6914 13.1162 -0.5051 0.8540 0.1249 0.3136 0.7049
38 -123.3539 -6.6620 64.5695 -0.5051 0.8540 0.1249 0.4331 0.8842
38 -103.7867 6.9376 50.0636 -0.5014 0.8560 0.1261 0.3305 0.8732
stonegolem.jpg
38 -113.4959 6.6914 13.1162 0.5681 0.8042 -0.1745 0.3136 0.7049
38 -97.4583 2.7915 47.3527 0.5681 0.8042 -0.1745 0.2566 0.9027
38 -98.2143 -7.0212 10.2128 0.6305 0.7472 -0.2102 0.2606 0.7034
stonegolem.jpg
38 -97.4583 2.7915 47.3527 0.5681 0.8042 -0.1745 0.2566 0.9027
38 -113.4959 6.6914 13.1162 0.5681 0.8042 -0.1745 0.3136 0.7049
38 -103.7867 6.9376 50.0636 0.5010 0.8545 -0.1373 0.3305 0.8732
stonegolem.jpg
38 -113.4959 6.6914 13.1162 -0.6580 0.6439 -0.3904 0.3136 0.7049
38 -132.4423 -17.8567 4.5605 -0.6580 0.6439 -0.3904 0.4495 0.6449
38 -138.4937 -10.2839 27.2507 -0.6580 0.6439 -0.3904 0.4377 0.7248
stonegolem.jpg
38 -118.3168 -18.3628 -0.4369 -0.0273 0.4797 -0.8770 0.4500 0.5756
38 -113.4959 6.6914 13.1162 -0.0273 0.4797 -0.8770 0.3136 0.7049
38 -98.2143 -7.0212 10.2128 0.2204 0.4309 -0.8751 0.2606 0.7034
stonegolem.jpg
38 -113.4959 6.6914 13.1162 -0.0273 0.4797 -0.8770 0.3136 0.7049
38 -118.3168 -18.3628 -0.4369 -0.0273 0.4797 -0.8770 0.4500 0.5756
38 -132.4423 -17.8567 4.5605 -0.2734 0.4978 -0.8231 0.4495 0.6449
stonegolem.jpg
38 -123.3539 -6.6620 64.5695 -0.2124 0.5670 0.7958 0.4331 0.8842
38 -93.8656 -5.4221 71.5576 -0.0358 0.1230 0.9918 0.3688 0.9477
38 -103.7867 6.9376 50.0636 -0.1643 0.8205 0.5476 0.3305 0.8732
stonegolem.jpg
38 -93.8656 -5.4221 71.5576 -0.0358 0.1230 0.9918 0.3688 0.9477
38 -117.5242 -16.6134 68.5582 0.0610 -0.3767 0.9243 0.4617 0.8996
38 -101.5636 -13.9019 62.2282 0.3268 -0.8178 0.4737 0.4901 0.9150
stonegolem.jpg
38 -123.3539 -6.6620 64.5695 -0.2124 0.5670 0.7958 0.4331 0.8842
38 -117.5242 -16.6134 68.5582 0.0610 -0.3767 0.9243 0.4617 0.8996
38 -93.8656 -5.4221 71.5576 -0.0358 0.1230 0.9918 0.3688 0.9477
stonegolem.jpg
38 -103.7867 6.9376 50.0636 0.5917 0.7861 0.1789 0.3305 0.8732
38 -93.8656 -5.4221 71.5576 0.5917 0.7861 0.1789 0.3688 0.9477
38 -97.4583 2.7915 47.3527 0.5917 0.7861 0.1789 0.2566 0.9027
stonegolem.jpg
38 -97.4583 2.7915 47.3527 0.7661 -0.6358 -0.0944 0.2566 0.9027
38 -118.3168 -18.3628 -0.4369 0.6998 -0.7142 0.0107 0.4500 0.5756
38 -98.2143 -7.0212 10.2128 0.3837 -0.8947 0.2286 0.2606 0.7034
stonegolem.jpg
38 -97.4583 2.7915 47.3527 0.7661 -0.6358 -0.0944 0.2566 0.9027
38 -101.5636 -13.9019 62.2282 0.8680 -0.4319 -0.2451 0.4901 0.9150
38 -118.3168 -18.3628 -0.4369 0.6998 -0.7142 0.0107 0.4500 0.5756
stonegolem.jpg
38 -97.4583 2.7915 47.3527 0.7661 -0.6358 -0.0944 0.2566 0.9027
38 -93.8656 -5.4221 71.5576 0.8438 -0.4575 -0.2805 0.3688 0.9477
38 -101.5636 -13.9019 62.2282 0.8680 -0.4319 -0.2451 0.4901 0.9150
stonegolem.jpg
38 -131.8394 -27.1044 9.6136 -0.5561 -0.7849 -0.2733 0.4492 0.6438
38 -138.4937 -10.2839 27.2507 -0.9042 -0.3938 0.1652 0.4377 0.7248
38 -132.4423 -17.8567 4.5605 -0.7247 -0.3662 -0.5837 0.4495 0.6449
stonegolem.jpg
38 -138.4937 -10.2839 27.2507 -0.9042 -0.3938 0.1652 0.4377 0.7248
38 -117.5242 -16.6134 68.5582 -0.2938 -0.9261 0.2368 0.4617 0.8996
38 -123.3539 -6.6620 64.5695 -0.8562 -0.3488 0.3812 0.4331 0.8842
stonegolem.jpg
38 -131.8394 -27.1044 9.6136 -0.5561 -0.7849 -0.2733 0.4492 0.6438
38 -117.5242 -16.6134 68.5582 -0.2938 -0.9261 0.2368 0.4617 0.8996
38 -138.4937 -10.2839 27.2507 -0.9042 -0.3938 0.1652 0.4377 0.7248
stonegolem.jpg
38 -118.3168 -18.3628 -0.4369 0.1700 -0.9318 -0.3207 0.4500 0.5756
38 -131.8394 -27.1044 9.6136 -0.5561 -0.7849 -0.2733 0.4492 0.6438
38 -132.4423 -17.8567 4.5605 -0.7247 -0.3662 -0.5837 0.4495 0.6449
stonegolem.jpg
38 -117.5242 -16.6134 68.5582 -0.2938 -0.9261 0.2368 0.4617 0.8996
38 -118.3168 -18.3628 -0.4369 0.1700 -0.9318 -0.3207 0.4500 0.5756
38 -101.5636 -13.9019 62.2282 0.1763 -0.9841 0.0229 0.4901 0.9150
stonegolem.jpg
38 -118.3168 -18.3628 -0.4369 0.1700 -0.9318 -0.3207 0.4500 0.5756
38 -117.5242 -16.6134 68.5582 -0.2938 -0.9261 0.2368 0.4617 0.8996
38 -131.8394 -27.1044 9.6136 -0.5561 -0.7849 -0.2733 0.4492 0.6438
stonegolem.jpg
38 -101.7501 -11.4900 104.6258 -0.0474 -0.9819 0.1832 0.2001 0.7924
38 -90.5450 5.8598 107.6979 0.9565 -0.0550 0.2864 0.0766 0.7709
38 -96.7568 -2.4813 115.1270 -0.3146 0.0515 0.9478 0.1944 0.8687
stonegolem.jpg
38 -99.8442 -5.1143 85.8106 0.1675 -0.7595 -0.6286 0.1982 0.6804
38 -90.5450 5.8598 107.6979 0.9565 -0.0550 0.2864 0.0766 0.7709
38 -101.7501 -11.4900 104.6258 -0.0474 -0.9819 0.1832 0.2001 0.7924
stonegolem.jpg
38 -99.8442 -5.1143 85.8106 0.1675 -0.7595 -0.6286 0.1982 0.6804
38 -89.4185 4.3977 91.7104 0.1111 0.8676 -0.4847 0.1172 0.7109
38 -90.5450 5.8598 107.6979 0.9565 -0.0550 0.2864 0.0766 0.7709
stonegolem.jpg
38 -101.7501 -11.4900 104.6258 -0.0474 -0.9819 0.1832 0.5586 0.3064
38 -106.4789 2.8776 100.9750 -0.9110 -0.3537 -0.2121 0.5881 0.3062
38 -99.8442 -5.1143 85.8106 0.1675 -0.7595 -0.6286 0.5577 0.2550
stonegolem.jpg
38 -96.7568 -2.4813 115.1270 -0.3146 0.0515 0.9478 0.5560 0.3414
38 -106.4789 2.8776 100.9750 -0.8402 -0.1437 0.5228 0.5881 0.3062
38 -101.7501 -11.4900 104.6258 -0.0474 -0.9819 0.1832 0.5586 0.3064
stonegolem.jpg
38 -106.4789 2.8776 100.9750 -0.3676 0.7467 -0.5544 0.8717 0.8575
38 -89.4185 4.3977 91.7104 0.1111 0.8676 -0.4847 0.7667 0.8437
38 -99.8442 -5.1143 85.8106 0.1675 -0.7595 -0.6286 0.7862 0.7146
stonegolem.jpg
38 -106.4789 2.8776 100.9750 -0.2740 0.9324 0.2357 0.8717 0.8575
38 -90.5450 5.8598 107.6979 0.9565 -0.0550 0.2864 0.7656 0.9224
38 -89.4185 4.3977 91.7104 0.1111 0.8676 -0.4847 0.7667 0.8437
stonegolem.jpg
38 -90.5450 5.8598 107.6979 0.9565 -0.0550 0.2864 0.7656 0.9224
38 -106.4789 2.8776 100.9750 -0.2740 0.9324 0.2357 0.8717 0.8575
38 -96.7568 -2.4813 115.1270 -0.3146 0.0515 0.9478 0.7785 0.9772
stonegolem.jpg
38 -97.9410 -11.3899 41.6323 0.8159 0.1661 -0.5538 0.5577 0.2550
38 -84.3774 8.8243 67.6814 0.8159 0.1661 -0.5538 0.5097 0.3023
38 -77.2991 -14.1658 71.2132 0.8159 0.1661 -0.5538 0.5586 0.3064
stonegolem.jpg
38 -77.2991 -14.1658 71.2132 0.0260 -0.9934 -0.1113 0.5586 0.3064
38 -111.1736 -15.8850 78.6528 0.0260 -0.9934 -0.1113 0.5881 0.3062
38 -97.9410 -11.3899 41.6323 0.0260 -0.9934 -0.1113 0.5577 0.2550
stonegolem.jpg
38 -84.3774 8.8243 67.6814 0.9401 0.2546 -0.2266 0.5097 0.3023
38 -76.7640 3.1977 92.9484 0.9401 0.2546 -0.2266 0.5560 0.3414
38 -77.2991 -14.1658 71.2132 0.9401 0.2546 -0.2266 0.5586 0.3064
stonegolem.jpg
38 -76.7640 3.1977 92.9484 0.1736 -0.7715 0.6121 0.5560 0.3414
38 -111.1736 -15.8850 78.6528 0.1736 -0.7715 0.6121 0.5881 0.3062
38 -77.2991 -14.1658 71.2132 0.1736 -0.7715 0.6121 0.5586 0.3064
stonegolem.jpg
38 -97.9410 -11.3899 41.6323 -0.0495 0.8014 -0.5961 0.7862 0.7146
38 -108.1020 10.5205 71.9309 -0.0495 0.8014 -0.5961 0.7667 0.8437
38 -84.3774 8.8243 67.6814 -0.0495 0.8014 -0.5961 0.6676 0.8497
stonegolem.jpg
38 -111.1736 -15.8850 78.6528 -0.9423 0.0246 -0.3338 0.8717 0.8575
38 -108.1020 10.5205 71.9309 -0.9423 0.0246 -0.3338 0.7667 0.8437
38 -97.9410 -11.3899 41.6323 -0.9423 0.0246 -0.3338 0.7862 0.7146
stonegolem.jpg
38 -84.3774 8.8243 67.6814 0.1509 0.9792 0.1359 0.6676 0.8497
38 -93.9192 5.8532 99.6821 0.1509 0.9792 0.1359 0.7656 0.9224
38 -76.7640 3.1977 92.9484 0.2092 0.9660 0.1521 0.7785 0.9772
stonegolem.jpg
38 -76.7640 3.1977 92.9484 0.1412 -0.7439 0.6532 0.7785 0.9772
38 -93.9192 5.8532 99.6821 -0.4973 -0.3662 0.7865 0.7656 0.9224
38 -111.1736 -15.8850 78.6528 -0.4973 -0.3662 0.7865 0.8717 0.8575
stonegolem.jpg
38 -93.9192 5.8532 99.6821 -0.4973 -0.3662 0.7865 0.7656 0.9224
38 -108.1020 10.5205 71.9309 -0.8532 0.2197 0.4730 0.7667 0.8437
38 -111.1736 -15.8850 78.6528 -0.4973 -0.3662 0.7865 0.8717 0.8575
stonegolem.jpg
38 -84.3774 8.8243 67.6814 0.1509 0.9792 0.1359 0.6676 0.8497
38 -108.1020 10.5205 71.9309 0.0920 0.9886 0.1192 0.7667 0.8437
38 -93.9192 5.8532 99.6821 0.1509 0.9792 0.1359 0.7656 0.9224
stonegolem.jpg
36 -61.9102 -0.2270 170.2349 0.8657 0.3832 0.3220 0.0079 0.8886
36 -48.7415 -22.3896 157.6765 0.8836 0.3467 0.3147 0.1328 0.8289
36 -56.5640 6.9762 147.2978 0.8562 0.4011 0.3255 0.0157 0.7491
stonegolem.jpg
36 -48.7415 -22.3896 157.6765 0.8836 0.3467 0.3147 0.1328 0.8289
36 -61.9102 -0.2270 170.2349 0.8657 0.3832 0.3220 0.0079 0.8886
36 -54.3274 -26.0011 177.3513 0.8836 0.3468 0.3145 0.1267 0.9740
stonegolem.jpg
36 -89.4521 -43.7414 152.3395 -0.9636 0.1271 -0.2350 0.3855 0.7936
36 -88.5198 -18.4545 177.6251 -0.9955 -0.0461 0.0828 0.4435 0.8428
36 -91.3259 -15.9218 173.1441 -0.9979 -0.0654 -0.0024 0.4442 0.8255
stonegolem.jpg
36 -88.5198 -18.4545 177.6251 -0.9955 -0.0461 0.0828 0.4435 0.8428
36 -89.4521 -43.7414 152.3395 -0.9636 0.1271 -0.2350 0.3855 0.7936
36 -91.6976 -48.0522 157.4585 -0.9468 0.2444 -0.2095 0.3629 0.8009
stonegolem.jpg
36 -61.9102 -0.2270 170.2349 -0.3913 0.7923 0.4682 0.5667 0.9004
36 -91.3259 -15.9218 173.1441 -0.4234 0.8511 0.3105 0.4442 0.8255
36 -88.5198 -18.4545 177.6251 -0.3247 0.7218 0.6113 0.4435 0.8428
stonegolem.jpg
36 -89.4521 -43.7414 152.3395 -0.0350 -0.3568 -0.9335 0.3864 0.7576
36 -72.8682 -49.0673 153.7532 -0.0676 -0.2255 -0.9719 0.3222 0.7881
36 -91.6976 -48.0522 157.4585 -0.1719 -0.7151 -0.6776 0.3629 0.8009
stonegolem.jpg
36 -61.9102 -0.2270 170.2349 0.0674 0.2773 0.9584 0.5667 0.9004
36 -73.2992 -34.3373 180.9046 0.0674 0.2773 0.9584 0.4125 0.9295
36 -54.3274 -26.0011 177.3513 0.0560 0.2810 0.9581 0.5269 0.9537
stonegolem.jpg
36 -73.2992 -34.3373 180.9046 0.0674 0.2773 0.9584 0.4125 0.9295
36 -61.9102 -0.2270 170.2349 0.0674 0.2773 0.9584 0.5667 0.9004
36 -88.5198 -18.4545 177.6251 0.0789 0.2735 0.9586 0.4435 0.8428
stonegolem.jpg
36 -91.6976 -48.0522 157.4585 -0.5827 -0.4140 0.6994 0.3629 0.8009
36 -73.2992 -34.3373 180.9046 -0.5827 -0.4140 0.6994 0.4125 0.9295
36 -88.5198 -18.4545 177.6251 -0.5827 -0.4140 0.6994 0.4435 0.8428
stonegolem.jpg
36 -54.3274 -26.0011 177.3513 0.3738 -0.5246 0.7649 0.1267 0.9740
36 -73.2992 -34.3373 180.9046 0.3738 -0.5246 0.7649 0.4125 0.9295
36 -61.0920 -45.0014 167.6258 0.3738 -0.5246 0.7649 0.2440 0.8941
stonegolem.jpg
36 -60.8802 -17.0922 137.9041 0.9149 0.0121 -0.4036 0.1406 0.7066
36 -56.5640 6.9762 147.2978 0.8825 0.0251 -0.4697 0.0157 0.7491
36 -48.7415 -22.3896 157.6765 0.8568 0.0468 -0.5135 0.1328 0.8289
stonegolem.jpg
36 -48.7415 -22.3896 157.6765 0.7746 -0.1377 -0.6173 0.1328 0.8289
36 -69.0958 -32.2145 134.3252 0.7746 -0.1377 -0.6173 0.2807 0.7070
36 -60.8802 -17.0922 137.9041 0.7785 -0.2913 -0.5560 0.1406 0.7066
stonegolem.jpg
36 -69.0958 -32.2145 134.3252 0.7746 -0.1377 -0.6173 0.2807 0.7070
36 -48.7415 -22.3896 157.6765 0.7746 -0.1377 -0.6173 0.1328 0.8289
36 -59.5681 -47.4011 144.6670 0.7496 0.0197 -0.6616 0.2753 0.8033
stonegolem.jpg
36 -69.0958 -32.2145 134.3252 -0.2652 -0.4239 -0.8660 0.2807 0.7070
36 -95.1322 -32.5961 142.4840 -0.2652 -0.4239 -0.8660 0.4050 0.7196
36 -90.0593 -24.0052 136.7254 -0.2652 -0.4239 -0.8660 0.4122 0.6749
stonegolem.jpg
36 -90.0593 -24.0052 136.7254 -0.8179 0.0082 -0.5753 0.4122 0.6749
36 -98.7262 -6.1807 149.3035 -0.8179 0.0082 -0.5753 0.4794 0.7502
36 -94.1600 -6.5505 142.0763 -0.8457 -0.0354 -0.5325 0.4769 0.6954
stonegolem.jpg
36 -98.7262 -6.1807 149.3035 -0.8179 0.0082 -0.5753 0.4794 0.7502
36 -90.0593 -24.0052 136.7254 -0.8179 0.0082 -0.5753 0.4122 0.6749
36 -95.1322 -32.5961 142.4840 -0.7865 0.0519 -0.6154 0.4050 0.7196
stonegolem.jpg
36 -81.4069 -1.6233 138.3698 -0.2786 0.9318 -0.2325 0.4250 0.7867
36 -60.0442 3.6276 139.8494 -0.2140 0.9428 -0.2557 0.2965 0.8375
36 -66.0941 2.0404 135.1219 -0.2372 0.9712 -0.0226 0.3280 0.8182
stonegolem.jpg
36 -68.7679 5.8040 147.0906 -0.3218 0.8920 -0.3174 0.3611 0.8493
36 -94.1600 -6.5505 142.0763 -0.3878 0.8917 -0.2333 0.5054 0.7508
36 -98.7262 -6.1807 149.3035 -0.3743 0.8835 -0.2817 0.5425 0.7561
stonegolem.jpg
36 -73.2992 -34.3373 180.9046 -0.1651 -0.8559 0.4901 0.4125 0.9295
36 -60.3418 -51.7761 154.8183 -0.2471 -0.9686 -0.0277 0.2590 0.8505
36 -61.0920 -45.0014 167.6258 -0.2729 -0.8569 0.4373 0.2440 0.8941
stonegolem.jpg
36 -60.3418 -51.7761 154.8183 -0.2471 -0.9686 -0.0277 0.2590 0.8505
36 -91.6976 -48.0522 157.4585 -0.1159 -0.9930 0.0245 0.3629 0.8009
36 -72.8682 -49.0673 153.7532 -0.0385 -0.5149 -0.8564 0.3222 0.7881
stonegolem.jpg
36 -73.2992 -34.3373 180.9046 -0.1651 -0.8559 0.4901 0.4125 0.9295
36 -91.6976 -48.0522 157.4585 -0.1159 -0.9930 0.0245 0.3629 0.8009
36 -60.3418 -51.7761 154.8183 -0.2471 -0.9686 -0.0277 0.2590 0.8505
stonegolem.jpg
36 -48.7415 -22.3896 157.6765 0.9151 -0.3859 0.1167 0.1328 0.8289
36 -60.3418 -51.7761 154.8183 0.9239 -0.3730 0.0850 0.2627 0.8397
36 -59.5681 -47.4011 144.6670 0.9296 -0.3588 -0.0838 0.2753 0.8033
stonegolem.jpg
36 -48.7415 -22.3896 157.6765 0.9151 -0.3859 0.1167 0.1328 0.8289
36 -61.0920 -45.0014 167.6258 0.8938 -0.3935 0.2152 0.2440 0.8941
36 -60.3418 -51.7761 154.8183 0.9239 -0.3730 0.0850 0.2627 0.8397
stonegolem.jpg
36 -48.7415 -22.3896 157.6765 0.9151 -0.3859 0.1167 0.1328 0.8289
36 -54.3274 -26.0011 177.3513 0.8944 -0.4099 0.1787 0.1267 0.9740
36 -61.0920 -45.0014 167.6258 0.8938 -0.3935 0.2152 0.2440 0.8941
stonegolem.jpg
36 -60.3418 -51.7761 154.8183 -0.2471 -0.9686 -0.0277 0.2622 0.8032
36 -70.2036 -49.3693 148.1547 -0.4281 -0.8415 0.3296 0.3222 0.7881
36 -59.5681 -47.4011 144.6670 0.0412 -0.9187 -0.3928 0.2748 0.7668
stonegolem.jpg
36 -69.0958 -32.2145 134.3252 -0.2206 -0.6765 -0.7026 0.2807 0.7070
36 -93.6525 -37.0098 146.6506 -0.3759 -0.9154 -0.1443 0.3953 0.7378
36 -95.1322 -32.5961 142.4840 -0.2019 -0.7073 -0.6775 0.4050 0.7196
stonegolem.jpg
36 -93.6525 -37.0098 146.6506 -0.3759 -0.9154 -0.1443 0.3953 0.7378
36 -59.5681 -47.4011 144.6670 -0.2178 -0.5622 -0.7978 0.2748 0.7668
36 -70.2036 -49.3693 148.1547 -0.4689 -0.8755 0.1170 0.3222 0.7881
stonegolem.jpg
36 -69.0958 -32.2145 134.3252 -0.2206 -0.6765 -0.7026 0.2807 0.7070
36 -59.5681 -47.4011 144.6670 -0.2178 -0.5622 -0.7978 0.2748 0.7668
36 -93.6525 -37.0098 146.6506 -0.3759 -0.9154 -0.1443 0.3953 0.7378
stonegolem.jpg
36 -96.8318 -11.1746 161.4583 -0.7259 -0.5754 0.3768 0.4551 0.8034
36 -95.1322 -32.5961 142.4840 -0.9778 -0.1771 0.1124 0.4050 0.7196
36 -93.6525 -37.0098 146.6506 -0.5772 -0.4584 0.6758 0.3864 0.7576
stonegolem.jpg
36 -95.1322 -32.5961 142.4840 -0.9778 -0.1771 0.1124 0.4050 0.7196
36 -96.8318 -11.1746 161.4583 -0.7259 -0.5754 0.3768 0.4551 0.8034
36 -98.7262 -6.1807 149.3035 -0.9836 -0.1568 0.0889 0.4794 0.7502
stonegolem.jpg
36 -61.9102 -0.2270 170.2349 -0.3913 0.7923 0.4682 0.5682 0.8373
36 -98.7262 -6.1807 149.3035 -0.3417 0.8709 0.3532 0.4794 0.7502
36 -96.8318 -11.1746 161.4583 -0.3699 0.6399 0.6736 0.4551 0.8034
stonegolem.jpg
36 -98.7262 -6.1807 149.3035 -0.3417 0.8709 0.3532 0.4794 0.7502
36 -61.9102 -0.2270 170.2349 -0.3913 0.7923 0.4682 0.5682 0.8373
36 -58.3631 8.9541 149.0505 -0.3298 0.8851 0.3284 0.5692 0.7646
stonegolem.jpg
36 -60.3418 -51.7761 154.8183 -0.2471 -0.9686 -0.0277 0.2585 0.8140
36 -72.8682 -49.0673 153.7532 -0.0385 -0.5149 -0.8564 0.3222 0.7881
36 -67.2900 -30.1962 153.4533 -0.8891 -0.3077 -0.3390 0.2602 0.8090
stonegolem.jpg
36 -80.4218 -18.3353 155.3195 -0.1574 -0.2059 -0.9658 0.3864 0.7576
36 -72.8682 -49.0673 153.7532 -0.0676 -0.2255 -0.9719 0.3222 0.7881
36 -89.4521 -43.7414 152.3395 -0.0350 -0.3568 -0.9335 0.3953 0.7378
stonegolem.jpg
36 -72.8682 -49.0673 153.7532 -0.0676 -0.2255 -0.9719 0.3222 0.7881
36 -80.4218 -18.3353 155.3195 -0.1574 -0.2059 -0.9658 0.3864 0.7576
36 -67.2900 -30.1962 153.4533 -0.4074 -0.4695 0.7833 0.3222 0.7881
stonegolem.jpg
36 -88.1672 -14.4371 166.1620 -0.8931 -0.1724 -0.4156 0.4498 0.8137
36 -89.4521 -43.7414 152.3395 -0.9636 0.1271 -0.2350 0.3855 0.7936
36 -91.3259 -15.9218 173.1441 -0.9979 -0.0654 -0.0024 0.4442 0.8255
stonegolem.jpg
36 -89.4521 -43.7414 152.3395 -0.9636 0.1271 -0.2350 0.3855 0.7936
36 -88.1672 -14.4371 166.1620 -0.8931 -0.1724 -0.4156 0.4498 0.8137
36 -80.4218 -18.3353 155.3195 -0.6563 -0.7263 0.2042 0.3844 0.7771
stonegolem.jpg
36 -91.3259 -15.9218 173.1441 -0.4234 0.8511 0.3105 0.4442 0.8255
36 -61.9102 -0.2270 170.2349 -0.3913 0.7923 0.4682 0.5667 0.9004
36 -88.1672 -14.4371 166.1620 -0.4720 0.7308 0.4931 0.4498 0.8137
stonegolem.jpg
36 -60.3418 -51.7761 154.8183 -0.2471 -0.9686 -0.0277 0.2602 0.8090
36 -67.2900 -30.1962 153.4533 -0.8891 -0.3077 -0.3390 0.3222 0.7881
36 -70.2036 -49.3693 148.1547 -0.4281 -0.8415 0.3296 0.2622 0.8032
stonegolem.jpg
36 -93.6525 -37.0098 146.6506 -0.3759 -0.9154 -0.1443 0.3953 0.7378
36 -67.2900 -30.1962 153.4533 -0.4074 -0.4695 0.7833 0.3222 0.7881
36 -80.4218 -18.3353 155.3195 -0.1574 -0.2059 -0.9658 0.3864 0.7576
stonegolem.jpg
36 -67.2900 -30.1962 153.4533 -0.4074 -0.4695 0.7833 0.3222 0.7881
36 -93.6525 -37.0098 146.6506 -0.3759 -0.9154 -0.1443 0.3953 0.7378
36 -70.2036 -49.3693 148.1547 -0.4689 -0.8755 0.1170 0.3222 0.7881
stonegolem.jpg
36 -96.8318 -11.1746 161.4583 -0.7259 -0.5754 0.3768 0.4551 0.8034
36 -80.4218 -18.3353 155.3195 -0.6563 -0.7263 0.2042 0.3844 0.7771
36 -88.1672 -14.4371 166.1620 -0.8931 -0.1724 -0.4156 0.4498 0.8137
stonegolem.jpg
36 -80.4218 -18.3353 155.3195 -0.6563 -0.7263 0.2042 0.3844 0.7771
36 -96.8318 -11.1746 161.4583 -0.7259 -0.5754 0.3768 0.4551 0.8034
36 -93.6525 -37.0098 146.6506 -0.5772 -0.4584 0.6758 0.3864 0.7576
stonegolem.jpg
36 -88.1672 -14.4371 166.1620 -0.4720 0.7308 0.4931 0.4498 0.8137
36 -61.9102 -0.2270 170.2349 -0.3913 0.7923 0.4682 0.5667 0.9004
36 -96.8318 -11.1746 161.4583 -0.3699 0.6399 0.6736 0.4551 0.8034
stonegolem.jpg
36 -81.4069 -1.6233 138.3698 -0.3894 0.3751 -0.8412 0.4250 0.7867
36 -77.0067 -13.6749 130.9595 -0.3894 0.3751 -0.8412 0.3795 0.7145
36 -94.1600 -6.5505 142.0763 -0.3894 0.3751 -0.8412 0.5054 0.7508
stonegolem.jpg
36 -58.3631 8.9541 149.0505 -0.1737 0.8657 -0.4694 0.3003 0.8786
36 -60.0442 3.6276 139.8494 -0.1737 0.8657 -0.4694 0.2965 0.8375
36 -68.7679 5.8040 147.0906 -0.1737 0.8657 -0.4694 0.3611 0.8493
stonegolem.jpg
36 -58.3631 8.9541 149.0505 0.3544 0.7797 -0.5161 0.3003 0.8786
36 -56.5640 6.9762 147.2978 0.3544 0.7797 -0.5161 0.2855 0.8672
36 -60.0442 3.6276 139.8494 0.3544 0.7797 -0.5161 0.2965 0.8375
stonegolem.jpg
36 -66.0941 2.0404 135.1219 -0.0253 0.2723 -0.9619 0.3280 0.8182
36 -61.7947 -2.2791 133.7859 -0.0253 0.2723 -0.9619 0.2960 0.7961
36 -77.0067 -13.6749 130.9595 -0.0253 0.2723 -0.9619 0.3795 0.7145
stonegolem.jpg
36 -77.0067 -13.6749 130.9595 0.3429 -0.2319 -0.9103 0.3795 0.7145
36 -61.7947 -2.2791 133.7859 0.3429 -0.2319 -0.9103 0.2960 0.7961
36 -60.8802 -17.0922 137.9041 0.3429 -0.2319 -0.9103 0.2830 0.7165
stonegolem.jpg
36 -61.9102 -0.2270 170.2349 0.8657 0.3832 0.3220 0.0079 0.8886
36 -56.5640 6.9762 147.2978 0.8562 0.4011 0.3255 0.5000 0.5000
36 -58.3631 8.9541 149.0505 0.8256 0.4541 0.3350 0.0157 0.7491
stonegolem.jpg
36 -98.7262 -6.1807 149.3035 -0.3417 0.8709 0.3532 0.4794 0.7502
36 -58.3631 8.9541 149.0505 -0.3298 0.8851 0.3284 0.0157 0.7491
36 -68.7679 5.8040 147.0906 -0.3298 0.8851 0.3284 0.5000 0.5000
stonegolem.jpg
36 -90.0593 -24.0052 136.7254 -0.4944 0.1465 -0.8568 0.4598 0.6495
36 -94.1600 -6.5505 142.0763 -0.4944 0.1465 -0.8568 0.5054 0.7508
36 -77.0067 -13.6749 130.9595 -0.4944 0.1465 -0.8568 0.3795 0.7145
stonegolem.jpg
36 -66.0941 2.0404 135.1219 0.3877 0.6018 -0.6982 0.3280 0.8182
36 -60.0442 3.6276 139.8494 0.3877 0.6018 -0.6982 0.2965 0.8375
36 -61.7947 -2.2791 133.7859 0.3877 0.6018 -0.6982 0.2960 0.7961
stonegolem.jpg
36 -56.5640 6.9762 147.2978 0.8825 0.0251 -0.4697 0.2855 0.8672
36 -60.8802 -17.0922 137.9041 0.9149 0.0121 -0.4036 0.2830 0.7165
36 -60.0442 3.6276 139.8494 0.9383 -0.0054 -0.3459 0.2965 0.8375
stonegolem.jpg
36 -61.7947 -2.2791 133.7859 0.9642 -0.0141 -0.2647 0.2960 0.7961
36 -60.0442 3.6276 139.8494 0.9383 -0.0054 -0.3459 0.2965 0.8375
36 -60.8802 -17.0922 137.9041 0.9149 0.0121 -0.4036 0.2830 0.7165
stonegolem.jpg
36 -60.8802 -17.0922 137.9041 0.3959 0.0022 -0.9183 0.2830 0.7165
36 -69.0958 -32.2145 134.3252 0.3959 0.0022 -0.9183 0.3186 0.6192
36 -77.0067 -13.6749 130.9595 0.3959 0.0022 -0.9183 0.3795 0.7145
stonegolem.jpg
36 -69.0958 -32.2145 134.3252 -0.2100 -0.2607 -0.9423 0.3186 0.6192
36 -90.0593 -24.0052 136.7254 -0.2100 -0.2607 -0.9423 0.4598 0.6495
36 -77.0067 -13.6749 130.9595 -0.2100 -0.2607 -0.9423 0.3795 0.7145
stonegolem.jpg
36 -81.4069 -1.6233 138.3698 -0.2840 0.4249 -0.8596 0.4250 0.7867
36 -66.0941 2.0404 135.1219 -0.2840 0.4249 -0.8596 0.3280 0.8182
36 -77.0067 -13.6749 130.9595 -0.2840 0.4249 -0.8596 0.3795 0.7145
stonegolem.jpg
36 -94.1600 -6.5505 142.0763 -0.3878 0.8917 -0.2333 0.5054 0.7508
36 -68.7679 5.8040 147.0906 -0.3218 0.8920 -0.3174 0.3611 0.8493
36 -81.4069 -1.6233 138.3698 -0.2786 0.9318 -0.2325 0.4250 0.7867
stonegolem.jpg
36 -60.0442 3.6276 139.8494 -0.2140 0.9428 -0.2557 0.2965 0.8375
36 -81.4069 -1.6233 138.3698 -0.2786 0.9318 -0.2325 0.4250 0.7867
36 -68.7679 5.8040 147.0906 -0.3218 0.8920 -0.3174 0.3611 0.8493
stonegolem.jpg
36 -91.0148 -0.5316 123.6768 -0.7337 -0.6793 -0.0175 0.2001 0.7924
36 -74.2548 2.6276 128.9339 0.6104 -0.7553 0.2385 0.0766 0.7709
36 -83.7214 0.3360 133.8803 -0.3017 0.0983 0.9483 0.1944 0.8687
stonegolem.jpg
36 -84.1757 4.7881 108.9836 -0.3301 -0.5402 -0.7741 0.1982 0.6804
36 -74.2548 2.6276 128.9339 0.6104 -0.7553 0.2385 0.0766 0.7709
36 -91.0148 -0.5316 123.6768 -0.7337 -0.6793 -0.0175 0.2001 0.7924
stonegolem.jpg
36 -84.1757 4.7881 108.9836 -0.3301 -0.5402 -0.7741 0.1982 0.6804
36 -72.8043 3.3587 115.2748 0.7360 0.6055 -0.3028 0.1172 0.7109
36 -74.2548 2.6276 128.9339 0.6104 -0.7553 0.2385 0.0766 0.7709
stonegolem.jpg
36 -91.0148 -0.5316 123.6768 -0.7337 -0.6793 -0.0175 0.5586 0.3064
36 -85.0475 11.3456 123.2330 -0.8690 0.4272 -0.2498 0.5881 0.3062
36 -84.1757 4.7881 108.9836 -0.3301 -0.5402 -0.7741 0.5577 0.2550
stonegolem.jpg
36 -83.7214 0.3360 133.8803 -0.3017 0.0983 0.9483 0.5560 0.3414
36 -85.0475 11.3456 123.2330 -0.7609 0.4014 0.5098 0.5881 0.3062
36 -91.0148 -0.5316 123.6768 -0.7337 -0.6793 -0.0175 0.5586 0.3064
stonegolem.jpg
36 -85.0475 11.3456 123.2330 0.3193 0.8681 -0.3800 0.8717 0.8575
36 -72.8043 3.3587 115.2748 0.7360 0.6055 -0.3028 0.7667 0.8437
36 -84.1757 4.7881 108.9836 -0.3301 -0.5402 -0.7741 0.7862 0.7146
stonegolem.jpg
36 -85.0475 11.3456 123.2330 0.4203 0.8002 0.4279 0.8717 0.8575
36 -74.2548 2.6276 128.9339 0.6104 -0.7553 0.2385 0.7656 0.9224
36 -72.8043 3.3587 115.2748 0.7360 0.6055 -0.3028 0.7667 0.8437
stonegolem.jpg
36 -74.2548 2.6276 128.9339 0.6104 -0.7553 0.2385 0.7656 0.9224
36 -85.0475 11.3456 123.2330 0.4203 0.8002 0.4279 0.8717 0.8575
36 -83.7214 0.3360 133.8803 -0.3017 0.0983 0.9483 0.7785 0.9772
stonegolem.jpg
36 -73.6465 -1.9122 125.7640 -0.4298 0.6797 0.5943 0.5586 0.3064
36 -68.2108 -24.2817 127.7032 -0.6365 -0.7176 0.2827 0.4820 0.3103
36 -67.9637 -16.1306 133.5264 0.6271 0.1065 0.7716 0.5560 0.3414
stonegolem.jpg
36 -75.6270 -0.4002 103.4998 -0.7047 0.5285 -0.4733 0.5577 0.2550
36 -68.2108 -24.2817 127.7032 -0.6365 -0.7176 0.2827 0.4820 0.3103
36 -73.6465 -1.9122 125.7640 -0.4298 0.6797 0.5943 0.5586 0.3064
stonegolem.jpg
36 -75.6270 -0.4002 103.4998 -0.7047 0.5285 -0.4733 0.5577 0.2550
36 -73.3980 -19.1656 104.2590 0.3929 -0.5520 -0.7355 0.5132 0.2676
36 -68.2108 -24.2817 127.7032 -0.6365 -0.7176 0.2827 0.4820 0.3103
stonegolem.jpg
36 -73.6465 -1.9122 125.7640 -0.4298 0.6797 0.5943 0.5586 0.3064
36 -62.2095 -9.7942 114.8743 0.5707 0.8212 0.0050 0.5881 0.3062
36 -75.6270 -0.4002 103.4998 -0.7047 0.5285 -0.4733 0.5577 0.2550
stonegolem.jpg
36 -67.9637 -16.1306 133.5264 0.6271 0.1065 0.7716 0.5560 0.3414
36 -62.2095 -9.7942 114.8743 0.7487 0.5222 0.4084 0.5881 0.3062
36 -73.6465 -1.9122 125.7640 -0.4298 0.6797 0.5943 0.5586 0.3064
stonegolem.jpg
36 -62.2095 -9.7942 114.8743 0.6656 0.0489 -0.7447 0.8717 0.8575
36 -73.3980 -19.1656 104.2590 0.3929 -0.5520 -0.7355 0.7667 0.8437
36 -75.6270 -0.4002 103.4998 -0.7047 0.5285 -0.4733 0.7862 0.7146
stonegolem.jpg
36 -67.9637 -16.1306 133.5264 0.6271 0.1065 0.7716 0.7785 0.9772
36 -68.2108 -24.2817 127.7032 -0.6365 -0.7176 0.2827 0.7656 0.9224
36 -62.2095 -9.7942 114.8743 0.9120 -0.4086 -0.0348 0.8717 0.8575
stonegolem.jpg
36 -68.2108 -24.2817 127.7032 -0.6365 -0.7176 0.2827 0.7656 0.9224
36 -73.3980 -19.1656 104.2590 0.3929 -0.5520 -0.7355 0.7667 0.8437
36 -62.2095 -9.7942 114.8743 0.9120 -0.4086 -0.0348 0.8717 0.8575
stonegolem.jpg
36 -90.7428 -18.8731 118.6270 0.6155 0.2274 -0.7546 0.2001 0.7924
36 -91.5739 -25.1185 135.0118 0.8167 -0.0297 0.5763 0.0766 0.7709
36 -88.4294 -28.9141 125.4642 0.1607 -0.9296 -0.3318 0.1944 0.8687
stonegolem.jpg
36 -99.5551 -6.6664 126.0323 0.2855 0.9033 -0.3201 0.1982 0.6804
36 -91.5739 -25.1185 135.0118 0.8167 -0.0297 0.5763 0.0766 0.7709
36 -90.7428 -18.8731 118.6270 0.6155 0.2274 -0.7546 0.2001 0.7924
stonegolem.jpg
36 -99.5551 -6.6664 126.0323 0.2855 0.9033 -0.3201 0.1982 0.6804
36 -95.9946 -12.4771 136.9378 -0.6350 0.1006 0.7659 0.1172 0.7109
36 -91.5739 -25.1185 135.0118 0.8167 -0.0297 0.5763 0.0766 0.7709
stonegolem.jpg
36 -90.7428 -18.8731 118.6270 0.6155 0.2274 -0.7546 0.5586 0.3064
36 -101.8182 -21.9097 124.8911 -0.5162 0.1399 -0.8449 0.5881 0.3062
36 -99.5551 -6.6664 126.0323 0.2855 0.9033 -0.3201 0.5577 0.2550
stonegolem.jpg
36 -88.4294 -28.9141 125.4642 0.1607 -0.9296 -0.3318 0.5560 0.3414
36 -101.8182 -21.9097 124.8911 -0.2726 -0.5836 -0.7649 0.5881 0.3062
36 -90.7428 -18.8731 118.6270 0.6155 0.2274 -0.7546 0.5586 0.3064
stonegolem.jpg
36 -101.8182 -21.9097 124.8911 -0.9260 0.1104 0.3611 0.8717 0.8575
36 -95.9946 -12.4771 136.9378 -0.6350 0.1006 0.7659 0.7667 0.8437
36 -99.5551 -6.6664 126.0323 0.2855 0.9033 -0.3201 0.7862 0.7146
stonegolem.jpg
36 -101.8182 -21.9097 124.8911 -0.6286 -0.6473 0.4311 0.8717 0.8575
36 -91.5739 -25.1185 135.0118 0.8167 -0.0297 0.5763 0.7656 0.9224
36 -95.9946 -12.4771 136.9378 -0.6350 0.1006 0.7659 0.7667 0.8437
stonegolem.jpg
36 -91.5739 -25.1185 135.0118 0.8167 -0.0297 0.5763 0.7656 0.9224
36 -101.8182 -21.9097 124.8911 -0.6286 -0.6473 0.4311 0.8717 0.8575
36 -88.4294 -28.9141 125.4642 0.1607 -0.9296 -0.3318 0.7785 0.9772
stonegolem.jpg
36 -79.6352 -32.5569 128.2137 0.9368 -0.2690 0.2237 0.2001 0.7924
36 -90.6505 -23.3699 133.0320 0.2254 0.8772 0.4239 0.0766 0.7709
36 -86.0372 -28.6460 136.1061 -0.0724 -0.3680 0.9270 0.1944 0.8687
stonegolem.jpg
36 -83.5032 -28.1561 117.4568 0.6693 0.3737 -0.6422 0.1982 0.6804
36 -90.6505 -23.3699 133.0320 0.2254 0.8772 0.4239 0.0766 0.7709
36 -79.6352 -32.5569 128.2137 0.9368 -0.2690 0.2237 0.2001 0.7924
stonegolem.jpg
36 -83.5032 -28.1561 117.4568 0.6693 0.3737 -0.6422 0.1982 0.6804
36 -88.8215 -22.7553 125.2100 -0.6828 0.5921 -0.4281 0.1172 0.7109
36 -90.6505 -23.3699 133.0320 0.2254 0.8772 0.4239 0.0766 0.7709
stonegolem.jpg
36 -79.6352 -32.5569 128.2137 0.9368 -0.2690 0.2237 0.5586 0.3064
36 -91.5836 -32.3456 127.6478 0.0016 -0.9253 -0.3791 0.5881 0.3062
36 -83.5032 -28.1561 117.4568 0.6693 0.3737 -0.6422 0.5577 0.2550
stonegolem.jpg
36 -86.0372 -28.6460 136.1061 -0.0724 -0.3680 0.9270 0.5560 0.3414
36 -91.5836 -32.3456 127.6478 -0.0359 -0.9067 0.4202 0.5881 0.3062
36 -79.6352 -32.5569 128.2137 0.9368 -0.2690 0.2237 0.5586 0.3064
stonegolem.jpg
36 -91.5836 -32.3456 127.6478 -0.7964 0.0769 -0.5999 0.8717 0.8575
36 -88.8215 -22.7553 125.2100 -0.6828 0.5921 -0.4281 0.7667 0.8437
36 -83.5032 -28.1561 117.4568 0.6693 0.3737 -0.6422 0.7862 0.7146
stonegolem.jpg
36 -91.5836 -32.3456 127.6478 -0.9718 -0.0385 0.2327 0.8717 0.8575
36 -90.6505 -23.3699 133.0320 0.2254 0.8772 0.4239 0.7656 0.9224
36 -88.8215 -22.7553 125.2100 -0.6828 0.5921 -0.4281 0.7667 0.8437
stonegolem.jpg
36 -90.6505 -23.3699 133.0320 0.2254 0.8772 0.4239 0.7656 0.9224
36 -91.5836 -32.3456 127.6478 -0.9718 -0.0385 0.2327 0.8717 0.8575
36 -86.0372 -28.6460 136.1061 -0.0724 -0.3680 0.9270 0.7785 0.9772
stonegolem.jpg
36 -64.7413 -26.7790 119.9713 0.4712 0.8209 -0.3227 0.2001 0.7924
36 -75.6513 -36.2995 133.7904 -0.7422 0.5765 0.3417 0.0766 0.7709
36 -68.9081 -25.2554 132.0945 0.8404 -0.3852 0.3814 0.1944 0.8687
stonegolem.jpg
36 -77.2426 -27.2094 102.0002 -0.3562 0.8332 -0.4229 0.1982 0.6804
36 -75.6513 -36.2995 133.7904 -0.7422 0.5765 0.3417 0.0766 0.7709
36 -64.7413 -26.7790 119.9713 0.4712 0.8209 -0.3227 0.2001 0.7924
stonegolem.jpg
36 -77.2426 -27.2094 102.0002 -0.3562 0.8332 -0.4229 0.1982 0.6804
36 -80.0417 -33.3861 119.2839 -0.7866 -0.6073 -0.1116 0.1172 0.7109
36 -75.6513 -36.2995 133.7904 -0.7422 0.5765 0.3417 0.0766 0.7709
stonegolem.jpg
36 -64.7413 -26.7790 119.9713 0.4712 0.8209 -0.3227 0.5586 0.3064
36 -69.0354 -37.9432 117.6793 0.8072 -0.1961 -0.5568 0.5881 0.3062
36 -77.2426 -27.2094 102.0002 -0.3562 0.8332 -0.4229 0.5577 0.2550
stonegolem.jpg
36 -68.9081 -25.2554 132.0945 0.8404 -0.3852 0.3814 0.5560 0.3414
36 -69.0354 -37.9432 117.6793 0.8512 -0.3977 0.3425 0.5881 0.3062
36 -64.7413 -26.7790 119.9713 0.4712 0.8209 -0.3227 0.5586 0.3064
stonegolem.jpg
36 -69.0354 -37.9432 117.6793 -0.4011 -0.8401 -0.3652 0.8717 0.8575
36 -80.0417 -33.3861 119.2839 -0.7866 -0.6073 -0.1116 0.7667 0.8437
36 -77.2426 -27.2094 102.0002 -0.3562 0.8332 -0.4229 0.7862 0.7146
stonegolem.jpg
36 -69.0354 -37.9432 117.6793 0.2915 -0.9321 0.2148 0.8717 0.8575
36 -75.6513 -36.2995 133.7904 -0.7422 0.5765 0.3417 0.7656 0.9224
36 -80.0417 -33.3861 119.2839 -0.7866 -0.6073 -0.1116 0.7667 0.8437
stonegolem.jpg
36 -75.6513 -36.2995 133.7904 -0.7422 0.5765 0.3417 0.7656 0.9224
36 -69.0354 -37.9432 117.6793 0.2915 -0.9321 0.2148 0.8717 0.8575
36 -68.9081 -25.2554 132.0945 0.8404 -0.3852 0.3814 0.7785 0.9772
stonegolem.jpg
2 43.8192 -6.6790 71.0562 0.5636 -0.3043 0.7680 0.3872 0.7286
2 36.5796 6.3269 72.7918 0.4086 0.7875 0.4614 0.4791 0.7777
2 24.1383 6.9978 65.4616 -0.8296 -0.0424 0.5568 0.4833 0.8864
stonegolem.jpg
2 40.4076 -15.4881 54.6775 0.1849 -0.9809 -0.0606 0.2916 0.8291
2 43.8192 -6.6790 71.0562 0.5636 -0.3043 0.7680 0.3872 0.7286
2 24.1383 6.9978 65.4616 -0.8296 -0.0424 0.5568 0.4833 0.8864
stonegolem.jpg
2 40.4076 -15.4881 54.6775 0.1849 -0.9809 -0.0606 0.2916 0.8291
2 24.1383 6.9978 65.4616 -0.8296 -0.0424 0.5568 0.4833 0.8864
2 26.1119 -7.4964 53.9398 -0.3399 0.1976 -0.9195 0.3616 0.9204
stonegolem.jpg
2 43.8192 -6.6790 71.0562 0.5636 -0.3043 0.7680 0.3872 0.7286
2 40.4076 -15.4881 54.6775 0.1849 -0.9809 -0.0606 0.2916 0.8291
2 38.8844 3.1367 58.9702 0.9513 0.1410 -0.2740 0.4116 0.8433
stonegolem.jpg
2 36.5796 6.3269 72.7918 0.4086 0.7875 0.4614 0.4791 0.7777
2 43.8192 -6.6790 71.0562 0.5636 -0.3043 0.7680 0.3872 0.7286
2 38.8844 3.1367 58.9702 0.8752 0.4826 0.0346 0.4116 0.8433
stonegolem.jpg
2 38.8844 3.1367 58.9702 0.1806 0.2349 -0.9551 0.4116 0.8433
2 40.4076 -15.4881 54.6775 0.1849 -0.9809 -0.0606 0.2916 0.8291
2 26.1119 -7.4964 53.9398 -0.3399 0.1976 -0.9195 0.3616 0.9204
stonegolem.jpg
2 38.8844 3.1367 58.9702 -0.0113 0.8479 -0.5301 0.4116 0.8433
2 26.1119 -7.4964 53.9398 -0.3399 0.1976 -0.9195 0.3616 0.9204
2 24.1383 6.9978 65.4616 -0.8296 -0.0424 0.5568 0.4833 0.8864
stonegolem.jpg
2 24.1383 6.9978 65.4616 -0.8296 -0.0424 0.5568 0.4833 0.8864
2 36.5796 6.3269 72.7918 0.4086 0.7875 0.4614 0.4791 0.7777
2 38.8844 3.1367 58.9702 -0.0113 0.8479 -0.5301 0.4116 0.8433
stonegolem.jpg
2 34.2959 -22.3477 85.7499 0.2935 -0.9378 -0.1853 0.9155 0.4882
2 32.5709 -19.3799 67.6512 -0.0963 -0.4371 -0.8942 0.9154 0.5534
2 38.4681 -16.8929 64.7576 0.5524 -0.4633 -0.6930 0.8486 0.5502
stonegolem.jpg
2 38.4681 -16.8929 64.7576 0.5524 -0.4633 -0.6930 0.8486 0.5502
2 47.2395 -17.9791 83.3290 0.8928 -0.4325 -0.1256 0.8541 0.4757
2 34.2959 -22.3477 85.7499 0.2935 -0.9378 -0.1853 0.9155 0.4882
stonegolem.jpg
2 25.7511 5.0370 88.4953 -0.6974 0.6919 0.1868 0.8791 0.3017
2 20.3193 -0.9112 73.9063 -0.9812 0.1579 -0.1108 0.9280 0.3217
2 26.7794 -3.8514 94.8921 -0.8246 0.1877 0.5337 0.8959 0.3432
stonegolem.jpg
2 26.7794 -3.8514 94.8921 -0.8246 0.1877 0.5337 0.8959 0.3432
2 31.6241 1.9535 92.3104 0.1655 0.4518 0.8766 0.8425 0.3313
2 25.7511 5.0370 88.4953 -0.6974 0.6919 0.1868 0.8791 0.3017
stonegolem.jpg
2 39.1163 8.2861 85.3179 -0.0588 0.8111 0.5819 0.7988 0.3163
2 34.3639 11.1661 79.5726 -0.3153 0.9316 -0.1806 0.8415 0.2554
2 25.7511 5.0370 88.4953 -0.6974 0.6919 0.1868 0.8791 0.3017
stonegolem.jpg
2 25.7511 5.0370 88.4953 -0.6974 0.6919 0.1868 0.8791 0.3017
2 31.6241 1.9535 92.3104 0.1581 0.4881 0.8584 0.8425 0.3313
2 39.1163 8.2861 85.3179 -0.0588 0.8111 0.5819 0.7988 0.3163
stonegolem.jpg
2 41.0655 -7.3100 90.5371 0.2899 -0.0076 0.9570 0.8090 0.3951
2 31.6241 1.9535 92.3104 0.1581 0.4881 0.8584 0.8425 0.3313
2 26.7794 -3.8514 94.8921 0.2899 -0.0076 0.9570 0.8959 0.3432
stonegolem.jpg
2 26.7794 -3.8514 94.8921 0.2899 -0.0076 0.9570 0.8959 0.3432
2 28.3057 -15.5684 92.4878 -0.3716 -0.6083 0.7014 0.8894 0.4104
2 41.0655 -7.3100 90.5371 0.2899 -0.0076 0.9570 0.8090 0.3951
stonegolem.jpg
2 39.1163 8.2861 85.3179 0.5813 0.7965 0.1667 0.7988 0.3163
2 45.4197 1.9261 76.5495 0.5435 0.8151 -0.2005 0.7778 0.1901
2 40.3822 4.3229 72.6396 0.4637 0.6875 -0.5588 0.8208 0.1938
stonegolem.jpg
2 40.3822 4.3229 72.6396 0.4637 0.6875 -0.5588 0.8208 0.1938
2 34.3639 11.1661 79.5726 -0.3153 0.9316 -0.1806 0.8415 0.2554
2 39.1163 8.2861 85.3179 0.5813 0.7965 0.1667 0.7988 0.3163
stonegolem.jpg
2 47.2395 -17.9791 83.3290 0.8928 -0.4325 -0.1256 0.8541 0.4757
2 41.0655 -7.3100 90.5371 0.7168 0.0227 0.6969 0.8090 0.3951
2 28.3057 -15.5684 92.4878 0.3454 -0.4389 0.8295 0.8894 0.4104
stonegolem.jpg
2 28.3057 -15.5684 92.4878 0.3454 -0.4389 0.8295 0.8894 0.4104
2 34.2959 -22.3477 85.7499 0.3213 -0.5095 0.7982 0.9155 0.4882
2 47.2395 -17.9791 83.3290 0.8928 -0.4325 -0.1256 0.8541 0.4757
stonegolem.jpg
2 31.6241 1.9535 92.3104 0.1655 0.4518 0.8766 0.8425 0.3313
2 41.0655 -7.3100 90.5371 0.7168 0.0227 0.6969 0.8090 0.3951
2 43.7696 3.2526 86.7035 0.3558 0.3725 0.8571 0.7655 0.3733
stonegolem.jpg
2 43.7696 3.2526 86.7035 0.3558 0.3725 0.8571 0.7655 0.3733
2 39.1163 8.2861 85.3179 0.5813 0.7965 0.1667 0.7988 0.3163
2 31.6241 1.9535 92.3104 0.1655 0.4518 0.8766 0.8425 0.3313
stonegolem.jpg
2 41.0655 -7.3100 90.5371 0.7168 0.0227 0.6969 0.8090 0.3951
2 47.2395 -17.9791 83.3290 0.8928 -0.4325 -0.1256 0.8541 0.4757
2 47.0498 -10.5845 76.9130 0.9751 0.1518 -0.1618 0.7997 0.4848
stonegolem.jpg
2 47.0498 -10.5845 76.9130 0.9751 0.1518 -0.1618 0.7997 0.4848
2 43.7696 3.2526 86.7035 0.9053 -0.0804 0.4170 0.7713 0.4072
2 41.0655 -7.3100 90.5371 0.7168 0.0227 0.6969 0.8090 0.3951
stonegolem.jpg
2 38.4681 -16.8929 64.7576 0.5524 -0.4633 -0.6930 0.8460 0.5523
2 44.1092 -10.2230 72.2367 0.6127 0.1446 -0.7769 0.7892 0.6041
2 47.0498 -10.5845 76.9130 0.9504 -0.1133 -0.2896 0.7997 0.4848
stonegolem.jpg
2 47.0498 -10.5845 76.9130 0.9504 -0.1133 -0.2896 0.7997 0.4848
2 47.2395 -17.9791 83.3290 0.8928 -0.4325 -0.1256 0.8541 0.4757
2 38.4681 -16.8929 64.7576 0.5524 -0.4633 -0.6930 0.8460 0.5523
stonegolem.jpg
2 39.1163 8.2861 85.3179 0.7299 0.6829 0.0294 0.7988 0.3163
2 43.7696 3.2526 86.7035 0.7299 0.6829 0.0294 0.7655 0.3733
2 45.4197 1.9261 76.5495 0.7909 0.4319 -0.4335 0.7778 0.1901
stonegolem.jpg
2 43.7696 3.2526 86.7035 0.9810 0.1320 0.1422 0.7655 0.3733
2 47.0498 -10.5845 76.9130 0.9504 -0.1133 -0.2896 0.7765 0.4795
2 45.4197 1.9261 76.5495 0.9810 0.1320 0.1422 0.7256 0.5196
stonegolem.jpg
2 47.0498 -10.5845 76.9130 0.9751 0.1518 -0.1618 0.7765 0.4795
2 44.1092 -10.2230 72.2367 0.6127 0.1446 -0.7769 0.7892 0.6041
2 40.3822 4.3229 72.6396 0.4637 0.6875 -0.5588 0.7361 0.6343
stonegolem.jpg
2 40.3822 4.3229 72.6396 0.4637 0.6875 -0.5588 0.7361 0.6343
2 45.4197 1.9261 76.5495 0.7909 0.4319 -0.4335 0.7256 0.5196
2 47.0498 -10.5845 76.9130 0.9751 0.1518 -0.1618 0.7765 0.4795
stonegolem.jpg
2 28.3057 -15.5684 92.4878 -0.9385 -0.3040 0.1636 0.8894 0.4104
2 26.7794 -3.8514 94.8921 -0.8246 0.1877 0.5337 0.8959 0.3432
2 20.3193 -0.9112 73.9063 -0.9812 0.1579 -0.1108 0.9280 0.3217
stonegolem.jpg
2 20.3193 -0.9112 73.9063 -0.9812 0.1579 -0.1108 0.9280 0.3217
2 24.8248 -11.3148 68.3839 -0.6726 -0.1122 -0.7315 0.9442 0.4102
2 28.3057 -15.5684 92.4878 -0.9385 -0.3040 0.1636 0.8894 0.4104
stonegolem.jpg
2 24.8248 -11.3148 68.3839 -0.6726 -0.1122 -0.7315 0.9694 0.5529
2 32.5709 -19.3799 67.6512 -0.0963 -0.4371 -0.8942 0.9154 0.5534
2 34.2959 -22.3477 85.7499 -0.7381 -0.6742 -0.0258 0.9155 0.4882
stonegolem.jpg
2 34.2959 -22.3477 85.7499 -0.7381 -0.6742 -0.0258 0.9155 0.4882
2 28.3057 -15.5684 92.4878 -0.3716 -0.6083 0.7014 0.9728 0.4857
2 24.8248 -11.3148 68.3839 -0.6726 -0.1122 -0.7315 0.9694 0.5529
stonegolem.jpg
2 32.5709 -19.3799 67.6512 -0.0963 -0.4371 -0.8942 0.7408 0.8480
2 24.8248 -11.3148 68.3839 -0.6726 -0.1122 -0.7315 0.7128 0.7870
2 29.3920 0.6231 67.6620 -0.1879 0.4537 -0.8711 0.8054 0.7678
stonegolem.jpg
2 29.3920 0.6231 67.6620 -0.1879 0.4537 -0.8711 0.8054 0.7678
2 38.4681 -16.8929 64.7576 0.5524 -0.4633 -0.6930 0.8243 0.8675
2 32.5709 -19.3799 67.6512 -0.0963 -0.4371 -0.8942 0.7408 0.8480
stonegolem.jpg
2 29.3920 0.6231 67.6620 -0.1879 0.4537 -0.8711 0.8054 0.7678
2 24.8248 -11.3148 68.3839 -0.6726 -0.1122 -0.7315 0.7128 0.7870
2 20.3193 -0.9112 73.9063 -0.9812 0.1579 -0.1108 0.7349 0.6899
stonegolem.jpg
2 20.3193 -0.9112 73.9063 -0.9812 0.1579 -0.1108 0.7349 0.6899
2 25.7511 5.0370 88.4953 -0.6974 0.6919 0.1868 0.7797 0.6767
2 29.3920 0.6231 67.6620 -0.1879 0.4537 -0.8711 0.8054 0.7678
stonegolem.jpg
2 34.3639 11.1661 79.5726 -0.3153 0.9316 -0.1806 0.8551 0.6664
2 40.3822 4.3229 72.6396 0.4637 0.6875 -0.5588 0.9139 0.7501
2 29.3920 0.6231 67.6620 -0.1879 0.4537 -0.8711 0.8054 0.7678
stonegolem.jpg
2 29.3920 0.6231 67.6620 -0.1879 0.4537 -0.8711 0.8054 0.7678
2 25.7511 5.0370 88.4953 -0.6974 0.6919 0.1868 0.7797 0.6767
2 34.3639 11.1661 79.5726 -0.3153 0.9316 -0.1806 0.8551 0.6664
stonegolem.jpg
2 29.3920 0.6231 67.6620 -0.1879 0.4537 -0.8711 0.8054 0.7678
2 40.3822 4.3229 72.6396 0.4637 0.6875 -0.5588 0.9139 0.7501
2 44.1092 -10.2230 72.2367 0.6127 0.1446 -0.7769 0.8819 0.8570
stonegolem.jpg
2 44.1092 -10.2230 72.2367 0.6127 0.1446 -0.7769 0.8819 0.8570
2 38.4681 -16.8929 64.7576 0.5524 -0.4633 -0.6930 0.8243 0.8675
2 29.3920 0.6231 67.6620 -0.1879 0.4537 -0.8711 0.8054 0.7678
stonegolem.jpg
2 13.4682 -20.1481 75.6032 -0.5656 -0.1552 -0.8099 0.2001 0.7924
2 7.6659 -8.1382 85.6817 -0.9176 0.3320 0.2185 0.1944 0.8687
2 21.4032 -3.7704 91.2540 0.2806 0.8897 -0.3600 0.0766 0.7709
stonegolem.jpg
2 21.4032 -3.7704 91.2540 0.2806 0.8897 -0.3600 0.0766 0.7709
2 31.6010 -17.0088 84.9279 0.8198 0.0251 0.5722 0.1172 0.7109
2 29.9440 -31.3539 79.9478 0.3780 -0.3737 -0.8470 0.1982 0.6804
stonegolem.jpg
2 13.4682 -20.1481 75.6032 -0.5656 -0.1552 -0.8099 0.2001 0.7924
2 21.4032 -3.7704 91.2540 0.2806 0.8897 -0.3600 0.0766 0.7709
2 29.9440 -31.3539 79.9478 0.3780 -0.3737 -0.8470 0.1982 0.6804
stonegolem.jpg
2 13.4682 -20.1481 75.6032 -0.5656 -0.1552 -0.8099 0.3705 0.7218
2 29.9440 -31.3539 79.9478 0.3780 -0.3737 -0.8470 0.2779 0.8112
2 16.9656 -19.3774 94.5140 -0.5818 -0.8011 0.1403 0.3717 0.8377
stonegolem.jpg
2 7.6659 -8.1382 85.6817 -0.9176 0.3320 0.2185 0.4457 0.7690
2 13.4682 -20.1481 75.6032 -0.5656 -0.1552 -0.8099 0.3705 0.7218
2 16.9656 -19.3774 94.5140 -0.8215 -0.5430 0.1741 0.3717 0.8377
stonegolem.jpg
2 16.9656 -19.3774 94.5140 0.5541 -0.3294 0.7645 0.3717 0.8377
2 29.9440 -31.3539 79.9478 0.3780 -0.3737 -0.8470 0.2779 0.8112
2 31.6010 -17.0088 84.9279 0.8198 0.0251 0.5722 0.3446 0.8839
stonegolem.jpg
2 16.9656 -19.3774 94.5140 0.0619 0.1872 0.9804 0.3717 0.8377
2 31.6010 -17.0088 84.9279 0.8198 0.0251 0.5722 0.3446 0.8839
2 21.4032 -3.7704 91.2540 0.2806 0.8897 -0.3600 0.4352 0.8897
stonegolem.jpg
2 21.4032 -3.7704 91.2540 0.2806 0.8897 -0.3600 0.4352 0.8897
2 7.6659 -8.1382 85.6817 -0.9176 0.3320 0.2185 0.4457 0.7690
2 16.9656 -19.3774 94.5140 0.0619 0.1872 0.9804 0.3717 0.8377
stonegolem.jpg
2 56.0985 -21.1898 77.1507 -0.6323 -0.7626 0.1365 0.5586 0.3064
2 45.7675 -13.0905 74.5386 -0.6323 -0.7626 0.1365 0.5560 0.3414
2 44.6696 -14.3102 62.6378 -0.6323 -0.7626 0.1365 0.4928 0.2927
stonegolem.jpg
2 58.7420 -29.2276 64.9997 -0.7219 -0.6390 0.2656 0.5577 0.2550
2 56.0985 -21.1898 77.1507 -0.7219 -0.6390 0.2656 0.5586 0.3064
2 44.6696 -14.3102 62.6378 -0.7219 -0.6390 0.2656 0.4928 0.2927
stonegolem.jpg
2 58.7420 -29.2276 64.9997 -0.6508 -0.5274 0.5462 0.5577 0.2550
2 44.6696 -14.3102 62.6378 -0.6508 -0.5274 0.5462 0.4928 0.2927
2 46.7213 -22.8304 56.8549 -0.6508 -0.5274 0.5462 0.5096 0.2738
stonegolem.jpg
2 56.0985 -21.1898 77.1507 0.9813 0.1588 0.1084 0.7828 0.7575
2 58.7420 -29.2276 64.9997 0.9813 0.1588 0.1084 0.6949 0.8339
2 56.6397 -15.6607 64.1521 0.9813 0.1588 0.1084 0.7846 0.8504
stonegolem.jpg
2 45.7675 -13.0905 74.5386 0.5206 0.7777 0.3525 0.8715 0.8129
2 56.0985 -21.1898 77.1507 0.5206 0.7777 0.3525 0.7828 0.7575
2 56.6397 -15.6607 64.1521 0.5206 0.7777 0.3525 0.7846 0.8504
stonegolem.jpg
2 56.6397 -15.6607 64.1521 0.5743 0.0379 -0.8178 0.7846 0.8504
2 58.7420 -29.2276 64.9997 0.5743 0.0379 -0.8178 0.6949 0.8339
2 46.7213 -22.8304 56.8549 0.5743 0.0379 -0.8178 0.7682 0.9342
stonegolem.jpg
2 45.7675 -13.0905 74.5386 0.1254 0.9857 -0.1126 0.8715 0.8129
2 56.6397 -15.6607 64.1521 0.1254 0.9857 -0.1126 0.7846 0.8504
2 44.6696 -14.3102 62.6378 0.1254 0.9857 -0.1126 0.8421 0.9017
stonegolem.jpg
2 44.6696 -14.3102 62.6378 0.1663 0.5809 -0.7968 0.8421 0.9017
2 56.6397 -15.6607 64.1521 0.1663 0.5809 -0.7968 0.7846 0.8504
2 46.7213 -22.8304 56.8549 0.1663 0.5809 -0.7968 0.7682 0.9342
stonegolem.jpg
2 42.3153 -30.9430 40.8818 0.9965 0.0826 -0.0162 0.5577 0.2550
2 40.9695 -13.4949 47.0877 0.9965 0.0826 -0.0162 0.5586 0.3064
2 42.2846 -27.3361 57.4019 0.9965 0.0826 -0.0162 0.5097 0.3023
stonegolem.jpg
2 40.9695 -13.4949 47.0877 -0.0157 0.3340 -0.9424 0.1934 0.6803
2 42.3153 -30.9430 40.8818 -0.0157 0.3340 -0.9424 0.1055 0.7566
2 26.9008 -23.7314 43.6938 -0.0157 0.3340 -0.9424 0.1953 0.7731
stonegolem.jpg
2 42.2846 -27.3361 57.4019 0.6462 0.4946 0.5813 0.5097 0.3023
2 40.9695 -13.4949 47.0877 0.6462 0.4946 0.5813 0.5586 0.3064
2 29.6674 -13.3117 59.4953 0.6462 0.4946 0.5813 0.5560 0.3414
stonegolem.jpg
2 29.6674 -13.3117 59.4953 -0.4606 0.7759 -0.4310 0.2822 0.7356
2 40.9695 -13.4949 47.0877 -0.4606 0.7759 -0.4310 0.1934 0.6803
2 26.9008 -23.7314 43.6938 -0.4606 0.7759 -0.4310 0.1953 0.7731
stonegolem.jpg
2 42.3153 -30.9430 40.8818 0.6072 -0.7760 0.1706 0.1969 0.6373
2 42.2846 -27.3361 57.4019 0.6072 -0.7760 0.1706 0.0783 0.7724
2 23.9060 -42.0294 55.9799 0.6072 -0.7760 0.1706 0.1774 0.7664
stonegolem.jpg
2 26.9008 -23.7314 43.6938 -0.3684 -0.4759 -0.7986 0.1953 0.7731
2 42.3153 -30.9430 40.8818 -0.3684 -0.4759 -0.7986 0.1055 0.7566
2 23.9060 -42.0294 55.9799 -0.3684 -0.4759 -0.7986 0.1788 0.8569
stonegolem.jpg
2 42.2846 -27.3361 57.4019 0.1311 -0.1599 0.9784 0.0783 0.7724
2 29.6674 -13.3117 59.4953 0.1154 -0.0443 0.9923 0.1892 0.9000
2 18.1091 -30.9314 60.0534 0.1311 -0.1599 0.9784 0.1762 0.8451
stonegolem.jpg
2 29.6674 -13.3117 59.4953 -0.8210 0.5320 -0.2071 0.2822 0.7356
2 26.9008 -23.7314 43.6938 -0.8973 0.1673 -0.4086 0.1953 0.7731
2 18.1091 -30.9314 60.0534 -0.8973 0.1673 -0.4086 0.2527 0.8244
stonegolem.jpg
2 18.1091 -30.9314 60.0534 -0.8973 0.1673 -0.4086 0.2527 0.8244
2 26.9008 -23.7314 43.6938 -0.8973 0.1673 -0.4086 0.1953 0.7731
2 23.9060 -42.0294 55.9799 -0.8125 -0.2274 -0.5367 0.1788 0.8569
stonegolem.jpg
2 42.2846 -27.3361 57.4019 0.1311 -0.1599 0.9784 0.0783 0.7724
2 18.1091 -30.9314 60.0534 0.1311 -0.1599 0.9784 0.1762 0.8451
2 23.9060 -42.0294 55.9799 0.1449 -0.2733 0.9509 0.1774 0.7664
stonegolem.jpg
2 29.9257 -10.0136 58.2512 0.9523 0.1882 -0.2403 0.2835 0.6659
2 21.2725 3.3494 62.3186 0.0826 0.9150 -0.3949 0.4279 0.7237
2 11.4892 -2.5818 73.2054 0.2344 0.1494 0.9606 0.4336 0.9260
stonegolem.jpg
2 23.1184 -24.8144 57.3161 0.7058 -0.6970 0.1269 0.1735 0.8242
2 29.9257 -10.0136 58.2512 0.9523 0.1882 -0.2403 0.2835 0.6659
2 11.4892 -2.5818 73.2054 0.2344 0.1494 0.9606 0.4336 0.9260
stonegolem.jpg
2 23.1184 -24.8144 57.3161 0.7058 -0.6970 0.1269 0.1735 0.8242
2 11.4892 -2.5818 73.2054 0.2344 0.1494 0.9606 0.4336 0.9260
2 17.9936 -18.5514 65.0918 -0.7491 -0.6152 0.2457 0.2608 0.8908
stonegolem.jpg
2 29.9257 -10.0136 58.2512 0.9523 0.1882 -0.2403 0.2835 0.6659
2 23.1184 -24.8144 57.3161 0.7058 -0.6970 0.1269 0.1735 0.8242
2 14.2230 -8.7265 55.8306 0.1518 -0.0074 -0.9884 0.3250 0.8463
stonegolem.jpg
2 21.2725 3.3494 62.3186 0.0826 0.9150 -0.3949 0.4279 0.7237
2 29.9257 -10.0136 58.2512 0.9523 0.1882 -0.2403 0.2835 0.6659
2 14.2230 -8.7265 55.8306 0.1714 0.3868 -0.9061 0.3250 0.8463
stonegolem.jpg
2 14.2230 -8.7265 55.8306 -0.8556 -0.4888 -0.1702 0.3250 0.8463
2 23.1184 -24.8144 57.3161 0.7058 -0.6970 0.1269 0.1735 0.8242
2 17.9936 -18.5514 65.0918 -0.7491 -0.6152 0.2457 0.2608 0.8908
stonegolem.jpg
2 14.2230 -8.7265 55.8306 -0.9703 0.1351 -0.2005 0.3250 0.8463
2 17.9936 -18.5514 65.0918 -0.7491 -0.6152 0.2457 0.2608 0.8908
2 11.4892 -2.5818 73.2054 0.2344 0.1494 0.9606 0.4336 0.9260
stonegolem.jpg
2 11.4892 -2.5818 73.2054 0.2344 0.1494 0.9606 0.4336 0.9260
2 21.2725 3.3494 62.3186 0.0826 0.9150 -0.3949 0.4279 0.7237
2 14.2230 -8.7265 55.8306 -0.9703 0.1351 -0.2005 0.3250 0.8463
stonegolem.jpg
2 50.6741 -28.1380 79.4903 -0.0012 0.5859 -0.8104 0.1266 0.7116
2 53.4385 -41.1957 70.0459 -0.0012 0.5859 -0.8104 0.2348 0.8108
2 42.5146 -44.9684 67.3352 -0.0012 0.5859 -0.8104 0.1968 0.9029
stonegolem.jpg
2 37.1170 -28.2828 83.2080 -0.2101 0.6373 -0.7414 0.0291 0.7842
2 50.6741 -28.1380 79.4903 -0.2101 0.6373 -0.7414 0.1266 0.7116
2 42.5146 -44.9684 67.3352 -0.2101 0.6373 -0.7414 0.1968 0.9029
stonegolem.jpg
2 37.1170 -28.2828 83.2080 -0.0816 0.6730 -0.7352 0.0291 0.7842
2 42.5146 -44.9684 67.3352 -0.0816 0.6730 -0.7352 0.1968 0.9029
2 28.2096 -37.9305 75.3649 -0.0816 0.6730 -0.7352 0.0486 0.9173
stonegolem.jpg
2 50.6741 -28.1380 79.4903 0.2525 0.2637 0.9310 0.1266 0.7116
2 37.1170 -28.2828 83.2080 0.2525 0.2637 0.9310 0.0291 0.7842
2 43.4857 -41.7521 85.2957 0.2525 0.2637 0.9310 0.1223 0.8281
stonegolem.jpg
2 53.4385 -41.1957 70.0459 0.8225 -0.2086 0.5292 0.2348 0.8108
2 50.6741 -28.1380 79.4903 0.8225 -0.2086 0.5292 0.1266 0.7116
2 43.4857 -41.7521 85.2957 0.8225 -0.2086 0.5292 0.1223 0.8281
stonegolem.jpg
2 43.4857 -41.7521 85.2957 -0.5641 -0.1406 0.8136 0.1223 0.8281
2 37.1170 -28.2828 83.2080 -0.5641 -0.1406 0.8136 0.0291 0.7842
2 28.2096 -37.9305 75.3649 -0.5641 -0.1406 0.8136 0.0486 0.9173
stonegolem.jpg
2 53.4385 -41.1957 70.0459 0.2883 -0.9451 0.1537 0.2348 0.8108
2 43.4857 -41.7521 85.2957 0.2883 -0.9451 0.1537 0.1223 0.8281
2 42.5146 -44.9684 67.3352 0.2883 -0.9451 0.1537 0.1968 0.9029
stonegolem.jpg
2 42.5146 -44.9684 67.3352 -0.3491 -0.9190 0.1834 0.1968 0.9029
2 43.4857 -41.7521 85.2957 -0.3491 -0.9190 0.1834 0.1223 0.8281
2 28.2096 -37.9305 75.3649 -0.3491 -0.9190 0.1834 0.0486 0.9173
stonegolem.jpg
16 -7.6090 33.3835 116.3379 -0.4063 0.8310 -0.3799 0.3938 0.7421
16 -28.2454 14.1131 108.8596 -0.3856 0.6623 -0.6424 0.2075 0.7710
16 -24.2988 26.6124 119.3764 -0.4063 0.8310 -0.3799 0.2812 0.6407
stonegolem.jpg
16 -24.2988 26.6124 119.3764 -0.4063 0.8310 -0.3799 0.2812 0.6407
16 -7.6774 34.2832 126.9691 -0.3872 0.9185 -0.0802 0.4478 0.6329
16 -7.6090 33.3835 116.3379 -0.4063 0.8310 -0.3799 0.3938 0.7421
stonegolem.jpg
16 -28.2454 14.1131 108.8596 -0.0755 0.4300 -0.8997 0.2075 0.7710
16 -7.6090 33.3835 116.3379 -0.0755 0.4300 -0.8997 0.3938 0.7421
16 -0.0291 4.8212 102.0513 -0.0755 0.4300 -0.8997 0.3955 0.8321
stonegolem.jpg
16 16.7070 28.7666 119.8200 0.2307 0.8201 -0.5236 0.5797 0.8858
16 -0.0291 4.8212 102.0513 0.2132 0.4817 -0.8500 0.3955 0.8321
16 -7.6090 33.3835 116.3379 0.2307 0.8201 -0.5236 0.3938 0.7421
stonegolem.jpg
16 -7.6090 33.3835 116.3379 0.2307 0.8201 -0.5236 0.3938 0.7421
16 -7.6774 34.2832 126.9691 0.1972 0.9770 -0.0814 0.4478 0.6329
16 16.7070 28.7666 119.8200 0.2307 0.8201 -0.5236 0.5797 0.8858
stonegolem.jpg
16 -7.6774 34.2832 126.9691 -0.4430 0.5570 0.7025 0.4207 0.5719
16 -24.2988 26.6124 119.3764 -0.5400 0.6820 0.4932 0.4847 0.6072
16 -21.6363 23.2944 126.8794 -0.4432 0.3197 0.8375 0.4769 0.6954
stonegolem.jpg
16 -21.6363 23.2944 126.8794 -0.4432 0.3197 0.8375 0.4769 0.6954
16 -5.9996 26.4932 131.1327 -0.3154 0.3931 0.8637 0.4122 0.6749
16 -7.6774 34.2832 126.9691 -0.4430 0.5570 0.7025 0.4207 0.5719
stonegolem.jpg
16 16.7070 28.7666 119.8200 0.2548 0.7119 0.6545 0.2654 0.6404
16 -7.6774 34.2832 126.9691 0.3459 0.4991 0.7945 0.4207 0.5719
16 -5.9996 26.4932 131.1327 0.2030 0.5761 0.7918 0.4122 0.6749
stonegolem.jpg
16 -5.9996 26.4932 131.1327 0.2030 0.5761 0.7918 0.4122 0.6749
16 16.1806 23.3546 130.1040 0.1228 0.6117 0.7815 0.2807 0.7070
16 16.7070 28.7666 119.8200 0.2548 0.7119 0.6545 0.2654 0.6404
stonegolem.jpg
16 -24.2988 26.6124 119.3764 -0.9429 0.2433 0.2276 0.4847 0.6072
16 -28.2454 14.1131 108.8596 -0.9619 0.2704 0.0396 0.5512 0.5933
16 -29.5711 8.1647 117.2592 -0.8705 0.0676 0.4874 0.5639 0.6739
stonegolem.jpg
16 -29.5711 8.1647 117.2592 -0.8705 0.0676 0.4874 0.5639 0.6739
16 -21.6363 23.2944 126.8794 -0.4432 0.3197 0.8375 0.4769 0.6954
16 -24.2988 26.6124 119.3764 -0.9429 0.2433 0.2276 0.4847 0.6072
stonegolem.jpg
16 -29.5711 8.1647 117.2592 -0.3236 -0.9439 -0.0653 0.0161 0.6768
16 -28.2454 14.1131 108.8596 -0.3777 -0.7265 -0.5741 0.0502 0.5740
16 -0.0291 4.8212 102.0513 -0.3261 -0.8309 -0.4508 0.1589 0.6094
stonegolem.jpg
16 -0.0291 4.8212 102.0513 -0.3261 -0.8309 -0.4508 0.1589 0.6094
16 -0.9223 0.3127 115.8676 -0.1030 -0.8715 0.4795 0.1406 0.7066
16 -29.5711 8.1647 117.2592 -0.3236 -0.9439 -0.0653 0.0161 0.6768
stonegolem.jpg
16 -0.9223 0.3127 115.8676 -0.1030 -0.8715 0.4795 0.1406 0.7066
16 -0.0291 4.8212 102.0513 0.8516 -0.5121 -0.1120 0.1589 0.6094
16 16.7070 28.7666 119.8200 0.8486 -0.5029 -0.1642 0.2654 0.6404
stonegolem.jpg
16 16.7070 28.7666 119.8200 0.8486 -0.5029 -0.1642 0.2654 0.6404
16 16.1806 23.3546 130.1040 0.6297 -0.6890 0.3588 0.2807 0.7070
16 -0.9223 0.3127 115.8676 -0.1030 -0.8715 0.4795 0.1406 0.7066
stonegolem.jpg
16 -21.6363 23.2944 126.8794 -0.4432 0.3197 0.8375 0.5432 0.8509
16 -29.5711 8.1647 117.2592 -0.8705 0.0676 0.4874 0.2432 0.9622
16 -8.6108 20.5652 132.8733 -0.4089 0.0499 0.9112 0.3267 0.7642
stonegolem.jpg
16 -8.6108 20.5652 132.8733 -0.4089 0.0499 0.9112 0.3267 0.7642
16 -5.9996 26.4932 131.1327 -0.3154 0.3931 0.8637 0.4613 0.6624
16 -21.6363 23.2944 126.8794 -0.4432 0.3197 0.8375 0.5432 0.8509
stonegolem.jpg
16 16.1806 23.3546 130.1040 0.1228 0.6117 0.7815 0.2269 0.5780
16 -5.9996 26.4932 131.1327 0.2030 0.5761 0.7918 0.4613 0.6624
16 -8.6108 20.5652 132.8733 0.0799 0.2483 0.9654 0.3267 0.7642
stonegolem.jpg
16 -0.9223 0.3127 115.8676 -0.1030 -0.8715 0.4795 0.1590 0.7676
16 16.1806 23.3546 130.1040 0.6297 -0.6890 0.3588 0.2269 0.5780
16 -8.6108 20.5652 132.8733 0.0038 -0.6422 0.7665 0.3267 0.7642
stonegolem.jpg
16 -8.6108 20.5652 132.8733 0.0038 -0.6422 0.7665 0.3267 0.7642
16 -29.5711 8.1647 117.2592 -0.3236 -0.9439 -0.0653 0.2432 0.9622
16 -0.9223 0.3127 115.8676 -0.1030 -0.8715 0.4795 0.1590 0.7676
stonegolem.jpg
16 16.7037 22.6615 123.6795 -0.9040 0.4270 0.0214 0.5873 0.8415
16 18.2376 20.5522 131.3253 -0.1399 0.6666 0.7322 0.6184 0.9044
16 19.1077 27.5633 127.4085 -0.4032 0.8597 0.3136 0.5345 0.8324
stonegolem.jpg
16 18.5530 -8.6959 107.5930 -0.5967 -0.2752 -0.7538 0.9142 0.8737
16 14.6703 16.3390 101.5261 -0.5967 -0.2752 -0.7538 0.8918 0.7311
16 24.3726 -6.9977 102.3662 -0.5967 -0.2752 -0.7538 0.9578 0.8671
stonegolem.jpg
16 25.0079 -12.6001 115.7738 -0.0738 -0.9214 -0.3815 0.8738 0.9497
16 18.5530 -8.6959 107.5930 -0.0738 -0.9214 -0.3815 0.9142 0.8737
16 24.3726 -6.9977 102.3662 -0.0738 -0.9214 -0.3815 0.9578 0.8671
stonegolem.jpg
16 24.3726 -6.9977 102.3662 0.3933 0.1307 -0.9101 0.9578 0.8671
16 14.6703 16.3390 101.5261 0.3933 0.1307 -0.9101 0.8918 0.7311
16 31.0945 -0.9554 106.1390 0.3933 0.1307 -0.9101 0.8759 0.8099
stonegolem.jpg
16 24.3726 -6.9977 102.3662 0.7768 -0.5925 -0.2133 0.9578 0.8671
16 31.0945 -0.9554 106.1390 0.7110 -0.6806 -0.1768 0.8759 0.8099
16 29.9087 -5.0387 117.0882 0.7768 -0.5925 -0.2133 0.8912 0.8525
stonegolem.jpg
16 29.9087 -5.0387 117.0882 0.7768 -0.5925 -0.2133 0.8912 0.8525
16 25.0079 -12.6001 115.7738 0.8322 -0.4965 -0.2469 0.8738 0.9497
16 24.3726 -6.9977 102.3662 0.7768 -0.5925 -0.2133 0.9578 0.8671
stonegolem.jpg
16 14.6703 16.3390 101.5261 -0.9846 -0.1223 0.1253 0.8918 0.7311
16 18.5530 -8.6959 107.5930 -0.9846 -0.1223 0.1253 0.9142 0.8737
16 16.7037 22.6615 123.6795 -0.9846 -0.1223 0.1253 0.5873 0.8415
stonegolem.jpg
16 16.7037 22.6615 123.6795 -0.8424 0.4553 -0.2883 0.5873 0.8415
16 21.3552 26.2518 115.7589 -0.8424 0.4553 -0.2883 0.6428 0.7058
16 21.3152 20.8692 107.3766 -0.8424 0.4553 -0.2883 0.7616 0.6945
stonegolem.jpg
16 14.6703 16.3390 101.5261 -0.4143 0.8845 -0.2144 0.8918 0.7311
16 16.7037 22.6615 123.6795 -0.4143 0.8845 -0.2144 0.5873 0.8415
16 21.3152 20.8692 107.3766 -0.4143 0.8845 -0.2144 0.7616 0.6945
stonegolem.jpg
16 18.5530 -8.6959 107.5930 -0.8059 -0.3782 0.4554 0.9142 0.8737
16 25.0079 -12.6001 115.7738 -0.8059 -0.3782 0.4554 0.8738 0.9497
16 18.2376 20.5522 131.3253 -0.8059 -0.3782 0.4554 0.6184 0.9044
stonegolem.jpg
16 18.2376 20.5522 131.3253 -0.9777 -0.1387 0.1579 0.6184 0.9044
16 16.7037 22.6615 123.6795 -0.9777 -0.1387 0.1579 0.5873 0.8415
16 18.5530 -8.6959 107.5930 -0.9777 -0.1387 0.1579 0.9142 0.8737
stonegolem.jpg
16 25.0079 -12.6001 115.7738 0.6495 -0.5178 0.5568 0.8738 0.9497
16 29.9087 -5.0387 117.0882 0.6495 -0.5178 0.5568 0.8912 0.8525
16 33.2591 7.7362 125.0595 0.6495 -0.5178 0.5568 0.7323 0.8508
stonegolem.jpg
16 25.0079 -12.6001 115.7738 0.0273 -0.4243 0.9051 0.8738 0.9497
16 33.2591 7.7362 125.0595 0.0273 -0.4243 0.9051 0.7323 0.8508
16 30.0626 18.5986 130.2487 0.0273 -0.4243 0.9051 0.6418 0.8592
stonegolem.jpg
16 25.0079 -12.6001 115.7738 0.0127 -0.4225 0.9063 0.8738 0.9497
16 30.0626 18.5986 130.2487 0.0127 -0.4225 0.9063 0.6418 0.8592
16 18.2376 20.5522 131.3253 0.0127 -0.4225 0.9063 0.6184 0.9044
stonegolem.jpg
16 31.0945 -0.9554 106.1390 0.9909 -0.1212 -0.0577 0.8759 0.8099
16 33.5511 13.6865 117.5719 0.9909 -0.1212 -0.0577 0.7311 0.7945
16 33.2591 7.7362 125.0595 0.9909 -0.1212 -0.0577 0.7323 0.8508
stonegolem.jpg
16 33.2591 7.7362 125.0595 0.9660 -0.2585 0.0082 0.7323 0.8508
16 29.9087 -5.0387 117.0882 0.9660 -0.2585 0.0082 0.8912 0.8525
16 31.0945 -0.9554 106.1390 0.9660 -0.2585 0.0082 0.8759 0.8099
stonegolem.jpg
16 14.6703 16.3390 101.5261 0.6496 0.0283 -0.7597 0.8918 0.7311
16 21.3152 20.8692 107.3766 0.6496 0.0283 -0.7597 0.7616 0.6945
16 33.5511 13.6865 117.5719 0.6496 0.0283 -0.7597 0.7311 0.7945
stonegolem.jpg
16 33.5511 13.6865 117.5719 0.6225 0.4141 -0.6641 0.7311 0.7945
16 31.0945 -0.9554 106.1390 0.6225 0.4141 -0.6641 0.8759 0.8099
16 14.6703 16.3390 101.5261 0.6225 0.4141 -0.6641 0.8918 0.7311
stonegolem.jpg
16 21.3152 20.8692 107.3766 0.4699 0.7417 -0.4785 0.7616 0.6945
16 21.3552 26.2518 115.7589 0.4699 0.7417 -0.4785 0.6428 0.7058
16 32.3352 23.4843 122.2519 0.4699 0.7417 -0.4785 0.6430 0.8005
stonegolem.jpg
16 32.3352 23.4843 122.2519 0.7133 0.3722 -0.5939 0.6430 0.8005
16 33.5511 13.6865 117.5719 0.7133 0.3722 -0.5939 0.7311 0.7945
16 21.3152 20.8692 107.3766 0.7133 0.3722 -0.5939 0.7616 0.6945
stonegolem.jpg
16 33.5511 13.6865 117.5719 0.9633 -0.0087 0.2684 0.7311 0.7945
16 32.3352 23.4843 122.2519 0.9633 -0.0087 0.2684 0.6430 0.8005
16 30.0626 18.5986 130.2487 0.9633 -0.0087 0.2684 0.6418 0.8592
stonegolem.jpg
16 30.0626 18.5986 130.2487 0.9627 0.1923 0.1904 0.6418 0.8592
16 33.2591 7.7362 125.0595 0.9627 0.1923 0.1904 0.7323 0.8508
16 33.5511 13.6865 117.5719 0.9627 0.1923 0.1904 0.7311 0.7945
stonegolem.jpg
16 21.3552 26.2518 115.7589 -0.3229 0.9315 -0.1672 0.6428 0.7058
16 16.7037 22.6615 123.6795 -0.9040 0.4270 0.0214 0.5873 0.8415
16 19.1077 27.5633 127.4085 -0.4032 0.8597 0.3136 0.5345 0.8324
stonegolem.jpg
16 18.2376 20.5522 131.3253 -0.1399 0.6666 0.7322 0.6184 0.9044
16 30.0626 18.5986 130.2487 0.1846 0.8145 0.5501 0.6418 0.8592
16 32.3352 23.4843 122.2519 0.3337 0.8084 0.4849 0.6430 0.8005
stonegolem.jpg
16 32.3352 23.4843 122.2519 0.3337 0.8084 0.4849 0.6430 0.8005
16 19.1077 27.5633 127.4085 -0.4032 0.8597 0.3136 0.5345 0.8324
16 18.2376 20.5522 131.3253 -0.1399 0.6666 0.7322 0.6184 0.9044
stonegolem.jpg
16 19.1077 27.5633 127.4085 -0.4032 0.8597 0.3136 0.5345 0.8324
16 32.3352 23.4843 122.2519 0.3337 0.8084 0.4849 0.6430 0.8005
16 21.3552 26.2518 115.7589 -0.3229 0.9315 -0.1672 0.6428 0.7058
stonegolem.jpg
16 -23.9958 14.4987 123.9784 0.7065 0.7013 0.0949 0.5873 0.8415
16 -28.2043 18.2742 127.4056 0.0670 0.9398 0.3350 0.5345 0.8324
16 -25.4172 11.8860 131.4893 -0.1535 0.6643 0.7315 0.6184 0.9044
stonegolem.jpg
16 -13.9500 -15.4627 108.2660 0.7184 -0.0512 -0.6938 0.9142 0.8737
16 -19.5169 -15.7039 102.5195 0.7184 -0.0512 -0.6938 0.9578 0.8671
16 -18.0352 9.5377 102.1898 0.7184 -0.0512 -0.6938 0.8918 0.7311
stonegolem.jpg
16 -19.4500 -21.4030 115.9011 0.4075 -0.8394 -0.3595 0.8738 0.9497
16 -19.5169 -15.7039 102.5195 0.4075 -0.8394 -0.3595 0.9578 0.8671
16 -13.9500 -15.4627 108.2660 0.4075 -0.8394 -0.3595 0.9142 0.8737
stonegolem.jpg
16 -19.5169 -15.7039 102.5195 -0.3322 0.0072 -0.9432 0.9578 0.8671
16 -28.1636 -12.2792 105.5909 -0.3322 0.0072 -0.9432 0.8759 0.8099
16 -18.0352 9.5377 102.1898 -0.3322 0.0072 -0.9432 0.8918 0.7311
stonegolem.jpg
16 -19.5169 -15.7039 102.5195 -0.5153 -0.8126 -0.2722 0.9578 0.8671
16 -26.6696 -15.9061 116.6624 -0.5153 -0.8126 -0.2722 0.8912 0.8525
16 -28.1636 -12.2792 105.5909 -0.4276 -0.8745 -0.2288 0.8759 0.8099
stonegolem.jpg
16 -26.6696 -15.9061 116.6624 -0.5153 -0.8126 -0.2722 0.8912 0.8525
16 -19.5169 -15.7039 102.5195 -0.5153 -0.8126 -0.2722 0.9578 0.8671
16 -19.4500 -21.4030 115.9011 -0.5961 -0.7397 -0.3121 0.8738 0.9497
stonegolem.jpg
16 -18.0352 9.5377 102.1898 0.9545 0.2079 0.2138 0.8918 0.7311
16 -23.9958 14.4987 123.9784 0.9545 0.2079 0.2138 0.5873 0.8415
16 -13.9500 -15.4627 108.2660 0.9545 0.2079 0.2138 0.9142 0.8737
stonegolem.jpg
16 -23.9958 14.4987 123.9784 0.6667 0.7123 -0.2195 0.5873 0.8415
16 -26.2939 11.5295 107.3601 0.6667 0.7123 -0.2195 0.7616 0.6945
16 -28.8517 16.4697 115.6239 0.6667 0.7123 -0.2195 0.6428 0.7058
stonegolem.jpg
16 -18.0352 9.5377 102.1898 0.1160 0.9749 -0.1902 0.8918 0.7311
16 -26.2939 11.5295 107.3601 0.1160 0.9749 -0.1902 0.7616 0.6945
16 -23.9958 14.4987 123.9784 0.1160 0.9749 -0.1902 0.5873 0.8415
stonegolem.jpg
16 -13.9500 -15.4627 108.2660 0.8420 -0.0975 0.5306 0.9142 0.8737
16 -25.4172 11.8860 131.4893 0.8420 -0.0975 0.5306 0.6184 0.9044
16 -19.4500 -21.4030 115.9011 0.8420 -0.0975 0.5306 0.8738 0.9497
stonegolem.jpg
16 -25.4172 11.8860 131.4893 0.9505 0.1898 0.2459 0.6184 0.9044
16 -13.9500 -15.4627 108.2660 0.9505 0.1898 0.2459 0.9142 0.8737
16 -23.9958 14.4987 123.9784 0.9505 0.1898 0.2459 0.5873 0.8415
stonegolem.jpg
16 -19.4500 -21.4030 115.9011 -0.4886 -0.7116 0.5049 0.8738 0.9497
16 -34.7440 -5.0770 124.1123 -0.4886 -0.7116 0.5049 0.7323 0.8508
16 -26.6696 -15.9061 116.6624 -0.4886 -0.7116 0.5049 0.8912 0.8525
stonegolem.jpg
16 -19.4500 -21.4030 115.9011 0.0344 -0.4231 0.9054 0.8738 0.9497
16 -35.7883 6.1519 129.3997 0.0344 -0.4231 0.9054 0.6418 0.8592
16 -34.7440 -5.0770 124.1123 0.0344 -0.4231 0.9054 0.7323 0.8508
stonegolem.jpg
16 -19.4500 -21.4030 115.9011 0.0474 -0.4166 0.9078 0.8738 0.9497
16 -25.4172 11.8860 131.4893 0.0474 -0.4166 0.9078 0.6184 0.9044
16 -35.7883 6.1519 129.3997 0.0474 -0.4166 0.9078 0.6418 0.8592
stonegolem.jpg
16 -28.1636 -12.2792 105.5909 -0.8860 -0.4409 -0.1433 0.8759 0.8099
16 -34.7440 -5.0770 124.1123 -0.8860 -0.4409 -0.1433 0.7323 0.8508
16 -36.3214 0.5549 116.5394 -0.8860 -0.4409 -0.1433 0.7311 0.7945
stonegolem.jpg
16 -34.7440 -5.0770 124.1123 -0.8231 -0.5632 -0.0734 0.7323 0.8508
16 -28.1636 -12.2792 105.5909 -0.8231 -0.5632 -0.0734 0.8759 0.8099
16 -26.6696 -15.9061 116.6624 -0.8231 -0.5632 -0.0734 0.8912 0.8525
stonegolem.jpg
16 -18.0352 9.5377 102.1898 -0.5525 -0.1765 -0.8146 0.8918 0.7311
16 -36.3214 0.5549 116.5394 -0.5525 -0.1765 -0.8146 0.7311 0.7945
16 -26.2939 11.5295 107.3601 -0.5525 -0.1765 -0.8146 0.7616 0.6945
stonegolem.jpg
16 -36.3214 0.5549 116.5394 -0.6630 0.1951 -0.7227 0.7311 0.7945
16 -18.0352 9.5377 102.1898 -0.6630 0.1951 -0.7227 0.8918 0.7311
16 -28.1636 -12.2792 105.5909 -0.6630 0.1951 -0.7227 0.8759 0.8099
stonegolem.jpg
16 -26.2939 11.5295 107.3601 -0.6443 0.5520 -0.5294 0.7616 0.6945
16 -38.8301 10.1325 121.1604 -0.6443 0.5520 -0.5294 0.6430 0.8005
16 -28.8517 16.4697 115.6239 -0.6443 0.5520 -0.5294 0.6428 0.7058
stonegolem.jpg
16 -38.8301 10.1325 121.1604 -0.7407 0.1245 -0.6602 0.6430 0.8005
16 -26.2939 11.5295 107.3601 -0.7407 0.1245 -0.6602 0.7616 0.6945
16 -36.3214 0.5549 116.5394 -0.7407 0.1245 -0.6602 0.7311 0.7945
stonegolem.jpg
16 -36.3214 0.5549 116.5394 -0.9261 -0.3305 0.1822 0.7311 0.7945
16 -35.7883 6.1519 129.3997 -0.9261 -0.3305 0.1822 0.6418 0.8592
16 -38.8301 10.1325 121.1604 -0.9261 -0.3305 0.1822 0.6430 0.8005
stonegolem.jpg
16 -35.7883 6.1519 129.3997 -0.9850 -0.1394 0.1015 0.6418 0.8592
16 -36.3214 0.5549 116.5394 -0.9850 -0.1394 0.1015 0.7311 0.7945
16 -34.7440 -5.0770 124.1123 -0.9850 -0.1394 0.1015 0.7323 0.8508
stonegolem.jpg
16 -28.8517 16.4697 115.6239 0.0105 0.9883 -0.1520 0.6428 0.7058
16 -28.2043 18.2742 127.4056 0.0670 0.9398 0.3350 0.5345 0.8324
16 -23.9958 14.4987 123.9784 0.7065 0.7013 0.0949 0.5873 0.8415
stonegolem.jpg
16 -25.4172 11.8860 131.4893 -0.1535 0.6643 0.7315 0.6184 0.9044
16 -38.8301 10.1325 121.1604 -0.6236 0.6454 0.4412 0.6430 0.8005
16 -35.7883 6.1519 129.3997 -0.4913 0.6993 0.5192 0.6418 0.8592
stonegolem.jpg
16 -38.8301 10.1325 121.1604 -0.6236 0.6454 0.4412 0.6430 0.8005
16 -25.4172 11.8860 131.4893 -0.1535 0.6643 0.7315 0.6184 0.9044
16 -28.2043 18.2742 127.4056 0.0670 0.9398 0.3350 0.5345 0.8324
stonegolem.jpg
16 -28.2043 18.2742 127.4056 0.0670 0.9398 0.3350 0.5345 0.8324
16 -28.8517 16.4697 115.6239 0.0105 0.9883 -0.1520 0.6428 0.7058
16 -38.8301 10.1325 121.1604 -0.6236 0.6454 0.4412 0.6430 0.8005
stonegolem.jpg
16 -21.8814 18.5660 118.2665 0.5029 -0.6023 0.6199 0.2001 0.7924
16 -20.6191 26.1099 107.4597 0.7745 -0.0319 -0.6317 0.0766 0.7709
16 -17.4005 26.7874 115.3514 0.3845 0.7226 0.5744 0.1944 0.8687
stonegolem.jpg
16 -30.2597 12.8661 110.6263 0.0289 -0.9993 -0.0246 0.1982 0.6804
16 -20.6191 26.1099 107.4597 0.7745 -0.0319 -0.6317 0.0766 0.7709
16 -21.8814 18.5660 118.2665 0.5029 -0.6023 0.6199 0.2001 0.7924
stonegolem.jpg
16 -30.2597 12.8661 110.6263 0.0289 -0.9993 -0.0246 0.1982 0.6804
16 -26.9637 19.1295 103.9576 -0.5978 0.2319 -0.7674 0.1172 0.7109
16 -20.6191 26.1099 107.4597 0.7745 -0.0319 -0.6317 0.0766 0.7709
stonegolem.jpg
16 -21.8814 18.5660 118.2665 0.5029 -0.6023 0.6199 0.5586 0.3064
16 -29.7805 23.6379 115.1398 -0.5159 -0.3114 0.7980 0.5881 0.3062
16 -30.2597 12.8661 110.6263 0.0289 -0.9993 -0.0246 0.5577 0.2550
stonegolem.jpg
16 -17.4005 26.7874 115.3514 0.3845 0.7226 0.5744 0.5560 0.3414
16 -29.7805 23.6379 115.1398 -0.1140 0.3866 0.9152 0.5881 0.3062
16 -21.8814 18.5660 118.2665 0.5029 -0.6023 0.6199 0.5586 0.3064
stonegolem.jpg
16 -29.7805 23.6379 115.1398 -0.9374 0.1692 -0.3044 0.8717 0.8575
16 -26.9637 19.1295 103.9576 -0.5978 0.2319 -0.7674 0.7667 0.8437
16 -30.2597 12.8661 110.6263 0.0289 -0.9993 -0.0246 0.7862 0.7146
stonegolem.jpg
16 -29.7805 23.6379 115.1398 -0.4183 0.8825 -0.2149 0.8717 0.8575
16 -20.6191 26.1099 107.4597 0.7745 -0.0319 -0.6317 0.7656 0.9224
16 -26.9637 19.1295 103.9576 -0.5978 0.2319 -0.7674 0.7667 0.8437
stonegolem.jpg
16 -20.6191 26.1099 107.4597 0.7745 -0.0319 -0.6317 0.7656 0.9224
16 -29.7805 23.6379 115.1398 -0.4183 0.8825 -0.2149 0.8717 0.8575
16 -17.4005 26.7874 115.3514 0.3845 0.7226 0.5744 0.7785 0.9772
stonegolem.jpg
16 15.9875 25.0159 119.9948 -0.3284 -0.7439 0.5820 0.2001 0.7924
16 9.3187 31.3383 116.5708 -0.6509 0.5463 0.5272 0.1944 0.8687
16 13.2656 31.8812 109.0061 -0.6614 -0.2765 -0.6973 0.0766 0.7709
stonegolem.jpg
16 26.4199 22.5198 113.2129 0.3052 -0.9522 -0.0120 0.1982 0.6804
16 15.9875 25.0159 119.9948 -0.3284 -0.7439 0.5820 0.2001 0.7924
16 13.2656 31.8812 109.0061 -0.6614 -0.2765 -0.6973 0.0766 0.7709
stonegolem.jpg
16 26.4199 22.5198 113.2129 0.3052 -0.9522 -0.0120 0.1982 0.6804
16 13.2656 31.8812 109.0061 -0.6614 -0.2765 -0.6973 0.0766 0.7709
16 21.8438 27.4424 106.1850 0.5530 0.4279 -0.7149 0.1172 0.7109
stonegolem.jpg
16 15.9875 25.0159 119.9948 -0.3284 -0.7439 0.5820 0.5586 0.3064
16 26.4199 22.5198 113.2129 0.3052 -0.9522 -0.0120 0.5577 0.2550
16 22.0113 32.4592 117.5034 0.5170 -0.1355 0.8452 0.5881 0.3062
stonegolem.jpg
16 9.3187 31.3383 116.5708 -0.6509 0.5463 0.5272 0.5560 0.3414
16 15.9875 25.0159 119.9948 -0.3284 -0.7439 0.5820 0.5586 0.3064
16 22.0113 32.4592 117.5034 -0.1016 0.3887 0.9157 0.5881 0.3062
stonegolem.jpg
16 22.0113 32.4592 117.5034 0.8519 0.4740 -0.2227 0.8717 0.8575
16 26.4199 22.5198 113.2129 0.3052 -0.9522 -0.0120 0.7862 0.7146
16 21.8438 27.4424 106.1850 0.5530 0.4279 -0.7149 0.7667 0.8437
stonegolem.jpg
16 22.0113 32.4592 117.5034 0.1205 0.9743 -0.1903 0.8717 0.8575
16 21.8438 27.4424 106.1850 0.5530 0.4279 -0.7149 0.7667 0.8437
16 13.2656 31.8812 109.0061 -0.6614 -0.2765 -0.6973 0.7656 0.9224
stonegolem.jpg
16 13.2656 31.8812 109.0061 -0.6614 -0.2765 -0.6973 0.7656 0.9224
16 9.3187 31.3383 116.5708 -0.6509 0.5463 0.5272 0.7785 0.9772
16 22.0113 32.4592 117.5034 0.1205 0.9743 -0.1903 0.8717 0.8575
stonegolem.jpg
16 1.7333 -2.2476 99.7673 0.7877 0.5990 0.1442 0.4218 0.7892
16 -10.6127 -15.6030 107.5578 -0.2236 -0.1049 0.9690 0.2877 0.9575
16 1.6803 -17.6173 106.6933 0.6051 -0.7953 -0.0365 0.4193 0.9805
stonegolem.jpg
16 -10.1616 -0.0836 100.7646 -0.3677 0.9268 0.0769 0.2940 0.7663
16 -10.6127 -15.6030 107.5578 -0.2236 -0.1049 0.9690 0.2877 0.9575
16 1.7333 -2.2476 99.7673 0.7877 0.5990 0.1442 0.4218 0.7892
stonegolem.jpg
16 -10.1616 -0.0836 100.7646 -0.3677 0.9268 0.0769 0.2940 0.7663
16 -13.8218 -7.1326 104.5789 -0.9557 -0.1068 -0.2744 0.2536 0.8556
16 -10.6127 -15.6030 107.5578 -0.2236 -0.1049 0.9690 0.2877 0.9575
stonegolem.jpg
16 1.7333 -2.2476 99.7673 0.7877 0.5990 0.1442 0.4218 0.7892
16 -5.2718 -13.7163 97.7822 -0.0461 0.1977 -0.9792 0.3639 0.8686
16 -10.1616 -0.0836 100.7646 -0.3677 0.9268 0.0769 0.2940 0.7663
stonegolem.jpg
16 1.6803 -17.6173 106.6933 0.6051 -0.7953 -0.0365 0.4193 0.9805
16 -5.2718 -13.7163 97.7822 0.6830 -0.3021 -0.6651 0.3639 0.8686
16 1.7333 -2.2476 99.7673 0.7877 0.5990 0.1442 0.4218 0.7892
stonegolem.jpg
16 -5.2718 -13.7163 97.7822 -0.6529 -0.0692 -0.7543 0.3639 0.8686
16 -13.8218 -7.1326 104.5789 -0.9557 -0.1068 -0.2744 0.2536 0.8556
16 -10.1616 -0.0836 100.7646 -0.3677 0.9268 0.0769 0.2940 0.7663
stonegolem.jpg
16 -5.2718 -13.7163 97.7822 -0.4975 -0.7598 -0.4185 0.3639 0.8686
16 -10.6127 -15.6030 107.5578 -0.2236 -0.1049 0.9690 0.2877 0.9575
16 -13.8218 -7.1326 104.5789 -0.9557 -0.1068 -0.2744 0.2536 0.8556
stonegolem.jpg
16 -10.6127 -15.6030 107.5578 -0.2236 -0.1049 0.9690 0.2877 0.9575
16 -5.2718 -13.7163 97.7822 -0.4975 -0.7598 -0.4185 0.3639 0.8686
16 1.6803 -17.6173 106.6933 0.6051 -0.7953 -0.0365 0.4193 0.9805
stonegolem.jpg
16 3.1518 -0.7231 98.6339 -0.9273 0.3742 -0.0117 0.4218 0.7892
16 5.3910 -16.9853 106.8627 -0.4127 -0.9037 -0.1138 0.4193 0.9805
16 16.2006 -11.0361 108.7815 0.0520 0.0405 0.9978 0.2877 0.9575
stonegolem.jpg
16 11.4038 3.2315 99.6302 -0.0831 0.9958 -0.0373 0.2940 0.7663
16 3.1518 -0.7231 98.6339 -0.9273 0.3742 -0.0117 0.4218 0.7892
16 16.2006 -11.0361 108.7815 0.0520 0.0405 0.9978 0.2877 0.9575
stonegolem.jpg
16 11.4038 3.2315 99.6302 -0.0831 0.9958 -0.0373 0.2940 0.7663
16 16.2006 -11.0361 108.7815 0.0520 0.0405 0.9978 0.2877 0.9575
16 16.6815 -1.9373 105.9710 0.9546 0.1200 -0.2725 0.2536 0.8556
stonegolem.jpg
16 3.1518 -0.7231 98.6339 -0.9273 0.3742 -0.0117 0.4218 0.7892
16 11.4038 3.2315 99.6302 -0.0831 0.9958 -0.0373 0.2940 0.7663
16 11.4238 -10.8726 98.5441 0.0832 0.0766 -0.9936 0.3639 0.8686
stonegolem.jpg
16 5.3910 -16.9853 106.8627 -0.4127 -0.9037 -0.1138 0.4193 0.9805
16 3.1518 -0.7231 98.6339 -0.9273 0.3742 -0.0117 0.4218 0.7892
16 11.4238 -10.8726 98.5441 -0.5442 -0.4372 -0.7160 0.3639 0.8686
stonegolem.jpg
16 11.4238 -10.8726 98.5441 0.7868 0.0485 -0.6153 0.3639 0.8686
16 11.4038 3.2315 99.6302 -0.0831 0.9958 -0.0373 0.2940 0.7663
16 16.6815 -1.9373 105.9710 0.9546 0.1200 -0.2725 0.2536 0.8556
stonegolem.jpg
16 11.4238 -10.8726 98.5441 0.7556 -0.5464 -0.3613 0.3639 0.8686
16 16.6815 -1.9373 105.9710 0.9546 0.1200 -0.2725 0.2536 0.8556
16 16.2006 -11.0361 108.7815 0.0520 0.0405 0.9978 0.2877 0.9575
stonegolem.jpg
16 16.2006 -11.0361 108.7815 0.0520 0.0405 0.9978 0.2877 0.9575
16 5.3910 -16.9853 106.8627 -0.4127 -0.9037 -0.1138 0.4193 0.9805
16 11.4238 -10.8726 98.5441 0.7556 -0.5464 -0.3613 0.3639 0.8686
stonegolem.jpg
16 1.4001 -19.6712 110.0865 -0.9589 0.2679 0.0930 0.4980 0.7254
16 6.2211 -29.9207 116.7339 -0.1066 -0.9934 -0.0414 0.5848 0.8103
16 21.9275 -24.3513 115.6050 0.2103 -0.0369 0.9769 0.4964 0.9387
stonegolem.jpg
16 12.5453 -7.5804 107.4397 -0.3793 0.9245 0.0379 0.3715 0.7902
16 1.4001 -19.6712 110.0865 -0.9589 0.2679 0.0930 0.4980 0.7254
16 21.9275 -24.3513 115.6050 0.2103 -0.0369 0.9769 0.4964 0.9387
stonegolem.jpg
16 12.5453 -7.5804 107.4397 -0.3793 0.9245 0.0379 0.3715 0.7902
16 21.9275 -24.3513 115.6050 0.2103 -0.0369 0.9769 0.4964 0.9387
16 23.3670 -11.5329 114.4397 0.9328 0.2321 -0.2758 0.4001 0.9135
stonegolem.jpg
16 1.4001 -19.6712 110.0865 -0.9589 0.2679 0.0930 0.4980 0.7254
16 12.5453 -7.5804 107.4397 -0.3793 0.9245 0.0379 0.3715 0.7902
16 18.1592 -23.8722 106.3974 -0.2180 -0.0127 -0.9759 0.4603 0.8875
stonegolem.jpg
16 6.2211 -29.9207 116.7339 -0.1066 -0.9934 -0.0414 0.5848 0.8103
16 1.4001 -19.6712 110.0865 -0.9589 0.2679 0.0930 0.4980 0.7254
16 18.1592 -23.8722 106.3974 -0.3135 -0.6161 -0.7226 0.4603 0.8875
stonegolem.jpg
16 18.1592 -23.8722 106.3974 0.5888 0.2520 -0.7680 0.4603 0.8875
16 12.5453 -7.5804 107.4397 -0.3793 0.9245 0.0379 0.3715 0.7902
16 23.3670 -11.5329 114.4397 0.9328 0.2321 -0.2758 0.4001 0.9135
stonegolem.jpg
16 18.1592 -23.8722 106.3974 0.7144 -0.6199 -0.3246 0.4603 0.8875
16 23.3670 -11.5329 114.4397 0.9328 0.2321 -0.2758 0.4001 0.9135
16 21.9275 -24.3513 115.6050 0.2103 -0.0369 0.9769 0.4964 0.9387
stonegolem.jpg
16 21.9275 -24.3513 115.6050 0.2103 -0.0369 0.9769 0.4964 0.9387
16 6.2211 -29.9207 116.7339 -0.1066 -0.9934 -0.0414 0.5848 0.8103
16 18.1592 -23.8722 106.3974 0.7144 -0.6199 -0.3246 0.4603 0.8875
stonegolem.jpg
16 5.4658 -18.9788 110.2720 0.8044 0.5682 0.1734 0.4980 0.7254
16 -12.7660 -30.2603 114.0217 -0.2719 -0.1191 0.9549 0.4964 0.9387
16 3.7332 -30.3444 116.6204 0.4320 -0.9017 -0.0168 0.5848 0.8103
stonegolem.jpg
16 -8.7674 -11.2104 106.4670 0.0477 0.9972 0.0574 0.3715 0.7902
16 -12.7660 -30.2603 114.0217 -0.2719 -0.1191 0.9549 0.4964 0.9387
16 5.4658 -18.9788 110.2720 0.8044 0.5682 0.1734 0.4980 0.7254
stonegolem.jpg
16 -8.7674 -11.2104 106.4670 0.0477 0.9972 0.0574 0.3715 0.7902
16 -18.2504 -18.6212 112.5404 -0.9288 -0.0849 -0.3607 0.4001 0.9135
16 -12.7660 -30.2603 114.0217 -0.2719 -0.1191 0.9549 0.4964 0.9387
stonegolem.jpg
16 5.4658 -18.9788 110.2720 0.8044 0.5682 0.1734 0.4980 0.7254
16 -8.5682 -28.4244 105.1777 0.2954 0.0748 -0.9524 0.4603 0.8875
16 -8.7674 -11.2104 106.4670 0.0477 0.9972 0.0574 0.3715 0.7902
stonegolem.jpg
16 3.7332 -30.3444 116.6204 0.4320 -0.9017 -0.0168 0.5848 0.8103
16 -8.5682 -28.4244 105.1777 0.5621 -0.4670 -0.6826 0.4603 0.8875
16 5.4658 -18.9788 110.2720 0.8044 0.5682 0.1734 0.4980 0.7254
stonegolem.jpg
16 -8.5682 -28.4244 105.1777 -0.5686 0.0549 -0.8208 0.4603 0.8875
16 -18.2504 -18.6212 112.5404 -0.9288 -0.0849 -0.3607 0.4001 0.9135
16 -8.7674 -11.2104 106.4670 0.0477 0.9972 0.0574 0.3715 0.7902
stonegolem.jpg
16 -8.5682 -28.4244 105.1777 -0.4378 -0.8161 -0.3772 0.4603 0.8875
16 -12.7660 -30.2603 114.0217 -0.2719 -0.1191 0.9549 0.4964 0.9387
16 -18.2504 -18.6212 112.5404 -0.9288 -0.0849 -0.3607 0.4001 0.9135
stonegolem.jpg
16 -12.7660 -30.2603 114.0217 -0.2719 -0.1191 0.9549 0.4964 0.9387
16 -8.5682 -28.4244 105.1777 -0.4378 -0.8161 -0.3772 0.4603 0.8875
16 3.7332 -30.3444 116.6204 0.4320 -0.9017 -0.0168 0.5848 0.8103
stonegolem.jpg
1 25.5635 35.1465 81.7119 0.2209 0.9687 -0.1132 0.9155 0.4882
1 11.8049 35.6164 75.5306 -0.8281 0.4475 -0.3378 0.9154 0.5534
1 10.5345 39.3943 88.7389 -0.1346 0.9764 0.1690 0.8486 0.5502
stonegolem.jpg
1 10.5345 39.3943 88.7389 -0.1346 0.9764 0.1690 0.8486 0.5502
1 24.3835 35.2121 89.5431 0.3490 0.7919 0.5011 0.8541 0.4757
1 25.5635 35.1465 81.7119 0.2209 0.9687 -0.1132 0.9155 0.4882
stonegolem.jpg
1 9.1678 -1.1478 82.6533 -0.4093 -0.4732 -0.7801 0.8791 0.3017
1 19.6085 17.0728 74.5884 0.0024 -0.3410 -0.9401 0.9280 0.3217
1 24.8322 5.5473 82.1767 0.4388 -0.6197 -0.6507 0.8959 0.3432
stonegolem.jpg
1 24.8322 5.5473 82.1767 0.4388 -0.6197 -0.6507 0.8959 0.3432
1 26.5850 5.4306 90.6394 0.5615 -0.7586 0.3305 0.8425 0.3313
1 9.1678 -1.1478 82.6533 -0.4093 -0.4732 -0.7801 0.8791 0.3017
stonegolem.jpg
1 22.5104 4.7295 98.0005 0.1994 -0.9604 0.1944 0.7988 0.3163
1 5.5990 1.3203 91.4440 -0.9324 -0.3575 -0.0529 0.8415 0.2554
1 9.1678 -1.1478 82.6533 -0.4093 -0.4732 -0.7801 0.8791 0.3017
stonegolem.jpg
1 9.1678 -1.1478 82.6533 -0.4093 -0.4732 -0.7801 0.8791 0.3017
1 26.5850 5.4306 90.6394 0.5683 -0.8217 -0.0427 0.8425 0.3313
1 22.5104 4.7295 98.0005 0.1994 -0.9604 0.1944 0.7988 0.3163
stonegolem.jpg
1 36.3951 16.4530 94.6018 0.7970 -0.5426 -0.2654 0.8090 0.3951
1 26.5850 5.4306 90.6394 0.5683 -0.8217 -0.0427 0.8425 0.3313
1 24.8322 5.5473 82.1767 0.7970 -0.5426 -0.2654 0.8959 0.3432
stonegolem.jpg
1 24.8322 5.5473 82.1767 0.7970 -0.5426 -0.2654 0.8959 0.3432
1 33.9529 19.8823 84.7215 0.7628 -0.1572 -0.6272 0.8894 0.4104
1 36.3951 16.4530 94.6018 0.7970 -0.5426 -0.2654 0.8090 0.3951
stonegolem.jpg
1 22.5104 4.7295 98.0005 0.0549 -0.5001 0.8642 0.7988 0.3163
1 13.9881 19.4080 100.7919 -0.3170 -0.3516 0.8809 0.7778 0.1901
1 8.4912 16.6432 97.7102 -0.8159 -0.0612 0.5750 0.8208 0.1938
stonegolem.jpg
1 8.4912 16.6432 97.7102 -0.8159 -0.0612 0.5750 0.8208 0.1938
1 5.5990 1.3203 91.4440 -0.9324 -0.3575 -0.0529 0.8415 0.2554
1 22.5104 4.7295 98.0005 0.0549 -0.5001 0.8642 0.7988 0.3163
stonegolem.jpg
1 24.3835 35.2121 89.5431 0.3490 0.7919 0.5011 0.8541 0.4757
1 36.3951 16.4530 94.6018 0.7933 0.3760 0.4788 0.8090 0.3951
1 33.9529 19.8823 84.7215 0.8543 0.5172 0.0512 0.8894 0.4104
stonegolem.jpg
1 33.9529 19.8823 84.7215 0.8543 0.5172 0.0512 0.8894 0.4104
1 25.5635 35.1465 81.7119 0.8588 0.4967 0.1252 0.9155 0.4882
1 24.3835 35.2121 89.5431 0.3490 0.7919 0.5011 0.8541 0.4757
stonegolem.jpg
1 26.5850 5.4306 90.6394 0.5615 -0.7586 0.3305 0.8425 0.3313
1 36.3951 16.4530 94.6018 0.7933 0.3760 0.4788 0.8090 0.3951
1 32.8290 18.8275 99.1865 0.5997 -0.6100 0.5180 0.7655 0.3733
stonegolem.jpg
1 32.8290 18.8275 99.1865 0.5997 -0.6100 0.5180 0.7655 0.3733
1 22.5104 4.7295 98.0005 0.0549 -0.5001 0.8642 0.7988 0.3163
1 26.5850 5.4306 90.6394 0.5615 -0.7586 0.3305 0.8425 0.3313
stonegolem.jpg
1 36.3951 16.4530 94.6018 0.7933 0.3760 0.4788 0.8090 0.3951
1 24.3835 35.2121 89.5431 0.3490 0.7919 0.5011 0.8541 0.4757
1 20.3653 30.8333 95.5732 0.1778 0.6303 0.7557 0.7997 0.4848
stonegolem.jpg
1 20.3653 30.8333 95.5732 0.1778 0.6303 0.7557 0.7997 0.4848
1 32.8290 18.8275 99.1865 0.6660 0.7330 0.1384 0.7713 0.4072
1 36.3951 16.4530 94.6018 0.7933 0.3760 0.4788 0.8090 0.3951
stonegolem.jpg
1 10.5345 39.3943 88.7389 -0.1346 0.9764 0.1690 0.8460 0.5523
1 14.6300 37.3630 94.5192 -0.7592 0.6193 0.2005 0.7892 0.6041
1 20.3653 30.8333 95.5732 0.4304 0.7244 0.5385 0.7997 0.4848
stonegolem.jpg
1 20.3653 30.8333 95.5732 0.4304 0.7244 0.5385 0.7997 0.4848
1 24.3835 35.2121 89.5431 0.3490 0.7919 0.5011 0.8541 0.4757
1 10.5345 39.3943 88.7389 -0.1346 0.9764 0.1690 0.8460 0.5523
stonegolem.jpg
1 22.5104 4.7295 98.0005 0.0797 -0.1414 0.9867 0.7988 0.3163
1 32.8290 18.8275 99.1865 0.0797 -0.1414 0.9867 0.7655 0.3733
1 13.9881 19.4080 100.7919 -0.3101 0.2640 0.9133 0.7778 0.1901
stonegolem.jpg
1 32.8290 18.8275 99.1865 0.0902 0.3717 0.9240 0.7655 0.3733
1 20.3653 30.8333 95.5732 0.4304 0.7244 0.5385 0.7765 0.4795
1 13.9881 19.4080 100.7919 0.0902 0.3717 0.9240 0.7256 0.5196
stonegolem.jpg
1 20.3653 30.8333 95.5732 0.1778 0.6303 0.7557 0.7765 0.4795
1 14.6300 37.3630 94.5192 -0.7592 0.6193 0.2005 0.7892 0.6041
1 8.4912 16.6432 97.7102 -0.8159 -0.0612 0.5750 0.7361 0.6343
stonegolem.jpg
1 8.4912 16.6432 97.7102 -0.8159 -0.0612 0.5750 0.7361 0.6343
1 13.9881 19.4080 100.7919 -0.3101 0.2640 0.9133 0.7256 0.5196
1 20.3653 30.8333 95.5732 0.1778 0.6303 0.7557 0.7765 0.4795
stonegolem.jpg
1 33.9529 19.8823 84.7215 0.5878 -0.1114 -0.8013 0.8894 0.4104
1 24.8322 5.5473 82.1767 0.4388 -0.6197 -0.6507 0.8959 0.3432
1 19.6085 17.0728 74.5884 0.0024 -0.3410 -0.9401 0.9280 0.3217
stonegolem.jpg
1 19.6085 17.0728 74.5884 0.0024 -0.3410 -0.9401 0.9280 0.3217
1 14.4229 23.8011 71.1004 -0.4949 -0.3729 -0.7848 0.9442 0.4102
1 33.9529 19.8823 84.7215 0.5878 -0.1114 -0.8013 0.8894 0.4104
stonegolem.jpg
1 14.4229 23.8011 71.1004 -0.4949 -0.3729 -0.7848 0.9694 0.5529
1 11.8049 35.6164 75.5306 -0.8281 0.4475 -0.3378 0.9154 0.5534
1 25.5635 35.1465 81.7119 0.4927 0.2852 -0.8222 0.9155 0.4882
stonegolem.jpg
1 25.5635 35.1465 81.7119 0.4927 0.2852 -0.8222 0.9155 0.4882
1 33.9529 19.8823 84.7215 0.7628 -0.1572 -0.6272 0.9728 0.4857
1 14.4229 23.8011 71.1004 -0.4949 -0.3729 -0.7848 0.9694 0.5529
stonegolem.jpg
1 11.8049 35.6164 75.5306 -0.8281 0.4475 -0.3378 0.7408 0.8480
1 14.4229 23.8011 71.1004 -0.4949 -0.3729 -0.7848 0.7128 0.7870
1 9.2917 20.0826 85.7519 -0.9813 -0.0095 -0.1922 0.8054 0.7678
stonegolem.jpg
1 9.2917 20.0826 85.7519 -0.9813 -0.0095 -0.1922 0.8054 0.7678
1 10.5345 39.3943 88.7389 -0.1346 0.9764 0.1690 0.8243 0.8675
1 11.8049 35.6164 75.5306 -0.8281 0.4475 -0.3378 0.7408 0.8480
stonegolem.jpg
1 9.2917 20.0826 85.7519 -0.9813 -0.0095 -0.1922 0.8054 0.7678
1 14.4229 23.8011 71.1004 -0.4949 -0.3729 -0.7848 0.7128 0.7870
1 19.6085 17.0728 74.5884 0.0024 -0.3410 -0.9401 0.7349 0.6899
stonegolem.jpg
1 19.6085 17.0728 74.5884 0.0024 -0.3410 -0.9401 0.7349 0.6899
1 9.1678 -1.1478 82.6533 -0.4093 -0.4732 -0.7801 0.7797 0.6767
1 9.2917 20.0826 85.7519 -0.9813 -0.0095 -0.1922 0.8054 0.7678
stonegolem.jpg
1 5.5990 1.3203 91.4440 -0.9324 -0.3575 -0.0529 0.8551 0.6664
1 8.4912 16.6432 97.7102 -0.8159 -0.0612 0.5750 0.9139 0.7501
1 9.2917 20.0826 85.7519 -0.9813 -0.0095 -0.1922 0.8054 0.7678
stonegolem.jpg
1 9.2917 20.0826 85.7519 -0.9813 -0.0095 -0.1922 0.8054 0.7678
1 9.1678 -1.1478 82.6533 -0.4093 -0.4732 -0.7801 0.7797 0.6767
1 5.5990 1.3203 91.4440 -0.9324 -0.3575 -0.0529 0.8551 0.6664
stonegolem.jpg
1 9.2917 20.0826 85.7519 -0.9813 -0.0095 -0.1922 0.8054 0.7678
1 8.4912 16.6432 97.7102 -0.8159 -0.0612 0.5750 0.9139 0.7501
1 14.6300 37.3630 94.5192 -0.7592 0.6193 0.2005 0.8819 0.8570
stonegolem.jpg
1 14.6300 37.3630 94.5192 -0.7592 0.6193 0.2005 0.8819 0.8570
1 10.5345 39.3943 88.7389 -0.1346 0.9764 0.1690 0.8243 0.8675
1 9.2917 20.0826 85.7519 -0.9813 -0.0095 -0.1922 0.8054 0.7678
stonegolem.jpg
1 8.6361 7.4794 80.5269 0.8325 0.5329 -0.1515 0.4980 0.7254
1 -0.2293 9.3785 75.8259 -0.0907 0.1214 -0.9885 0.5848 0.8103
1 -8.3327 6.7430 81.9035 -0.5102 0.8345 0.2080 0.4964 0.9387
stonegolem.jpg
1 4.8270 0.5943 91.0757 0.6689 0.0103 0.7433 0.3715 0.7902
1 8.6361 7.4794 80.5269 0.8325 0.5329 -0.1515 0.4980 0.7254
1 -8.3327 6.7430 81.9035 -0.5102 0.8345 0.2080 0.4964 0.9387
stonegolem.jpg
1 4.8270 0.5943 91.0757 0.6689 0.0103 0.7433 0.3715 0.7902
1 -8.3327 6.7430 81.9035 -0.5102 0.8345 0.2080 0.4964 0.9387
1 -4.5456 1.8926 91.9065 -0.5408 -0.7974 0.2679 0.4001 0.9135
stonegolem.jpg
1 8.6361 7.4794 80.5269 0.8325 0.5329 -0.1515 0.4980 0.7254
1 4.8270 0.5943 91.0757 0.6689 0.0103 0.7433 0.3715 0.7902
1 -0.0431 0.6332 79.9036 0.6085 -0.7470 -0.2678 0.4603 0.8875
stonegolem.jpg
1 -0.2293 9.3785 75.8259 -0.0907 0.1214 -0.9885 0.5848 0.8103
1 8.6361 7.4794 80.5269 0.8325 0.5329 -0.1515 0.4980 0.7254
1 -0.0431 0.6332 79.9036 0.3660 -0.3869 -0.8464 0.4603 0.8875
stonegolem.jpg
1 -0.0431 0.6332 79.9036 -0.1323 -0.9897 0.0542 0.4603 0.8875
1 4.8270 0.5943 91.0757 0.6689 0.0103 0.7433 0.3715 0.7902
1 -4.5456 1.8926 91.9065 -0.5408 -0.7974 0.2679 0.4001 0.9135
stonegolem.jpg
1 -0.0431 0.6332 79.9036 -0.5866 -0.6287 -0.5106 0.4603 0.8875
1 -4.5456 1.8926 91.9065 -0.5408 -0.7974 0.2679 0.4001 0.9135
1 -8.3327 6.7430 81.9035 -0.5102 0.8345 0.2080 0.4964 0.9387
stonegolem.jpg
1 -8.3327 6.7430 81.9035 -0.5102 0.8345 0.2080 0.4964 0.9387
1 -0.2293 9.3785 75.8259 -0.0907 0.1214 -0.9885 0.5848 0.8103
1 -0.0431 0.6332 79.9036 -0.5866 -0.6287 -0.5106 0.4603 0.8875
stonegolem.jpg
1 -25.3261 35.1462 81.7118 -0.2209 0.9687 -0.1134 0.9155 0.4882
1 -10.3016 39.3942 88.7388 0.1346 0.9764 0.1690 0.8486 0.5502
1 -11.5634 35.6163 75.5305 0.8283 0.4475 -0.3373 0.9154 0.5534
stonegolem.jpg
1 -10.3016 39.3942 88.7388 0.1346 0.9764 0.1690 0.8486 0.5502
1 -25.3261 35.1462 81.7118 -0.2209 0.9687 -0.1134 0.9155 0.4882
1 -24.1513 35.2119 89.5429 -0.3491 0.7919 0.5010 0.8541 0.4757
stonegolem.jpg
1 -8.9319 -1.1479 82.6532 0.4095 -0.4732 -0.7800 0.8791 0.3017
1 -24.5959 5.5471 82.1766 -0.4387 -0.6196 -0.6509 0.8959 0.3432
1 -19.3669 17.0727 74.5883 -0.0022 -0.3410 -0.9401 0.9280 0.3217
stonegolem.jpg
1 -24.5959 5.5471 82.1766 -0.4387 -0.6196 -0.6509 0.8959 0.3432
1 -8.9319 -1.1479 82.6532 0.4095 -0.4732 -0.7800 0.8791 0.3017
1 -26.3542 5.4304 90.6393 -0.5616 -0.7587 0.3302 0.8425 0.3313
stonegolem.jpg
1 -22.2845 4.7293 98.0004 -0.1994 -0.9605 0.1943 0.7988 0.3163
1 -8.9319 -1.1479 82.6532 0.4095 -0.4732 -0.7800 0.8791 0.3017
1 -5.3688 1.3203 91.4439 0.9325 -0.3575 -0.0523 0.8415 0.2554
stonegolem.jpg
1 -8.9319 -1.1479 82.6532 0.4095 -0.4732 -0.7800 0.8791 0.3017
1 -22.2845 4.7293 98.0004 -0.1994 -0.9605 0.1943 0.7988 0.3163
1 -26.3542 5.4304 90.6393 -0.5683 -0.8217 -0.0431 0.8425 0.3313
stonegolem.jpg
1 -36.1666 16.4527 94.6017 -0.7969 -0.5425 -0.2659 0.8090 0.3951
1 -24.5959 5.5471 82.1766 -0.7969 -0.5425 -0.2659 0.8959 0.3432
1 -26.3542 5.4304 90.6393 -0.5683 -0.8217 -0.0431 0.8425 0.3313
stonegolem.jpg
1 -24.5959 5.5471 82.1766 -0.7969 -0.5425 -0.2659 0.8959 0.3432
1 -36.1666 16.4527 94.6017 -0.7969 -0.5425 -0.2659 0.8090 0.3951
1 -33.7179 19.8820 84.7213 -0.7626 -0.1572 -0.6275 0.8894 0.4104
stonegolem.jpg
1 -22.2845 4.7293 98.0004 -0.0550 -0.5002 0.8642 0.7988 0.3163
1 -8.2647 16.6432 97.7101 0.8157 -0.0612 0.5753 0.8208 0.1938
1 -13.7636 19.4079 100.7918 0.3169 -0.3515 0.8809 0.7778 0.1901
stonegolem.jpg
1 -8.2647 16.6432 97.7101 0.8157 -0.0612 0.5753 0.8208 0.1938
1 -22.2845 4.7293 98.0004 -0.0550 -0.5002 0.8642 0.7988 0.3163
1 -5.3688 1.3203 91.4439 0.9325 -0.3575 -0.0523 0.8415 0.2554
stonegolem.jpg
1 -24.1513 35.2119 89.5429 -0.3491 0.7919 0.5010 0.8541 0.4757
1 -33.7179 19.8820 84.7213 -0.8543 0.5172 0.0506 0.8894 0.4104
1 -36.1666 16.4527 94.6017 -0.7935 0.3761 0.4784 0.8090 0.3951
stonegolem.jpg
1 -33.7179 19.8820 84.7213 -0.8543 0.5172 0.0506 0.8894 0.4104
1 -24.1513 35.2119 89.5429 -0.3491 0.7919 0.5010 0.8541 0.4757
1 -25.3261 35.1462 81.7118 -0.8589 0.4968 0.1247 0.9155 0.4882
stonegolem.jpg
1 -26.3542 5.4304 90.6393 -0.5616 -0.7587 0.3302 0.8425 0.3313
1 -32.6035 18.8273 99.1863 -0.5999 -0.6101 0.5177 0.7655 0.3733
1 -36.1666 16.4527 94.6017 -0.7935 0.3761 0.4784 0.8090 0.3951
stonegolem.jpg
1 -32.6035 18.8273 99.1863 -0.5999 -0.6101 0.5177 0.7655 0.3733
1 -26.3542 5.4304 90.6393 -0.5616 -0.7587 0.3302 0.8425 0.3313
1 -22.2845 4.7293 98.0004 -0.0550 -0.5002 0.8642 0.7988 0.3163
stonegolem.jpg
1 -36.1666 16.4527 94.6017 -0.7935 0.3761 0.4784 0.8090 0.3951
1 -20.1371 30.8331 95.5731 -0.1779 0.6303 0.7557 0.7997 0.4848
1 -24.1513 35.2119 89.5429 -0.3491 0.7919 0.5010 0.8541 0.4757
stonegolem.jpg
1 -20.1371 30.8331 95.5731 -0.1779 0.6303 0.7557 0.7997 0.4848
1 -36.1666 16.4527 94.6017 -0.7935 0.3761 0.4784 0.8090 0.3951
1 -32.6035 18.8273 99.1863 -0.6660 0.7331 0.1379 0.7713 0.4072
stonegolem.jpg
1 -10.3016 39.3942 88.7388 0.1346 0.9764 0.1690 0.8460 0.5523
1 -20.1371 30.8331 95.5731 -0.4304 0.7245 0.5384 0.7997 0.4848
1 -14.4010 37.3629 94.5192 0.7591 0.6192 0.2009 0.7892 0.6041
stonegolem.jpg
1 -20.1371 30.8331 95.5731 -0.4304 0.7245 0.5384 0.7997 0.4848
1 -10.3016 39.3942 88.7388 0.1346 0.9764 0.1690 0.8460 0.5523
1 -24.1513 35.2119 89.5429 -0.3491 0.7919 0.5010 0.8541 0.4757
stonegolem.jpg
1 -22.2845 4.7293 98.0004 -0.0797 -0.1414 0.9867 0.7988 0.3163
1 -13.7636 19.4079 100.7918 0.3100 0.2639 0.9134 0.7778 0.1901
1 -32.6035 18.8273 99.1863 -0.0797 -0.1414 0.9867 0.7655 0.3733
stonegolem.jpg
1 -32.6035 18.8273 99.1863 -0.0902 0.3717 0.9240 0.7655 0.3733
1 -13.7636 19.4079 100.7918 -0.0902 0.3717 0.9240 0.7256 0.5196
1 -20.1371 30.8331 95.5731 -0.4304 0.7245 0.5384 0.7765 0.4795
stonegolem.jpg
1 -20.1371 30.8331 95.5731 -0.1779 0.6303 0.7557 0.7765 0.4795
1 -8.2647 16.6432 97.7101 0.8157 -0.0612 0.5753 0.7361 0.6343
1 -14.4010 37.3629 94.5192 0.7591 0.6192 0.2009 0.7892 0.6041
stonegolem.jpg
1 -8.2647 16.6432 97.7101 0.8157 -0.0612 0.5753 0.7361 0.6343
1 -20.1371 30.8331 95.5731 -0.1779 0.6303 0.7557 0.7765 0.4795
1 -13.7636 19.4079 100.7918 0.3100 0.2639 0.9134 0.7256 0.5196
stonegolem.jpg
1 -33.7179 19.8820 84.7213 -0.5877 -0.1113 -0.8014 0.8894 0.4104
1 -19.3669 17.0727 74.5883 -0.0022 -0.3410 -0.9401 0.9280 0.3217
1 -24.5959 5.5471 82.1766 -0.4387 -0.6196 -0.6509 0.8959 0.3432
stonegolem.jpg
1 -19.3669 17.0727 74.5883 -0.0022 -0.3410 -0.9401 0.9280 0.3217
1 -33.7179 19.8820 84.7213 -0.5877 -0.1113 -0.8014 0.8894 0.4104
1 -14.1788 23.8010 71.1003 0.4953 -0.3730 -0.7846 0.9442 0.4102
stonegolem.jpg
1 -14.1788 23.8010 71.1003 0.4953 -0.3730 -0.7846 0.9694 0.5529
1 -25.3261 35.1462 81.7118 -0.4925 0.2851 -0.8223 0.9155 0.4882
1 -11.5634 35.6163 75.5305 0.8283 0.4475 -0.3373 0.9154 0.5534
stonegolem.jpg
1 -25.3261 35.1462 81.7118 -0.4925 0.2851 -0.8223 0.9155 0.4882
1 -14.1788 23.8010 71.1003 0.4953 -0.3730 -0.7846 0.9694 0.5529
1 -33.7179 19.8820 84.7213 -0.7626 -0.1572 -0.6275 0.9728 0.4857
stonegolem.jpg
1 -11.5634 35.6163 75.5305 0.8283 0.4475 -0.3373 0.7408 0.8480
1 -9.0573 20.0826 85.7519 0.9814 -0.0095 -0.1916 0.8054 0.7678
1 -14.1788 23.8010 71.1003 0.4953 -0.3730 -0.7846 0.7128 0.7870
stonegolem.jpg
1 -9.0573 20.0826 85.7519 0.9814 -0.0095 -0.1916 0.8054 0.7678
1 -11.5634 35.6163 75.5305 0.8283 0.4475 -0.3373 0.7408 0.8480
1 -10.3016 39.3942 88.7388 0.1346 0.9764 0.1690 0.8243 0.8675
stonegolem.jpg
1 -9.0573 20.0826 85.7519 0.9814 -0.0095 -0.1916 0.8054 0.7678
1 -19.3669 17.0727 74.5883 -0.0022 -0.3410 -0.9401 0.7349 0.6899
1 -14.1788 23.8010 71.1003 0.4953 -0.3730 -0.7846 0.7128 0.7870
stonegolem.jpg
1 -19.3669 17.0727 74.5883 -0.0022 -0.3410 -0.9401 0.7349 0.6899
1 -9.0573 20.0826 85.7519 0.9814 -0.0095 -0.1916 0.8054 0.7678
1 -8.9319 -1.1479 82.6532 0.4095 -0.4732 -0.7800 0.7797 0.6767
stonegolem.jpg
1 -5.3688 1.3203 91.4439 0.9325 -0.3575 -0.0523 0.8551 0.6664
1 -9.0573 20.0826 85.7519 0.9814 -0.0095 -0.1916 0.8054 0.7678
1 -8.2647 16.6432 97.7101 0.8157 -0.0612 0.5753 0.9139 0.7501
stonegolem.jpg
1 -9.0573 20.0826 85.7519 0.9814 -0.0095 -0.1916 0.8054 0.7678
1 -5.3688 1.3203 91.4439 0.9325 -0.3575 -0.0523 0.8551 0.6664
1 -8.9319 -1.1479 82.6532 0.4095 -0.4732 -0.7800 0.7797 0.6767
stonegolem.jpg
1 -9.0573 20.0826 85.7519 0.9814 -0.0095 -0.1916 0.8054 0.7678
1 -14.4010 37.3629 94.5192 0.7591 0.6192 0.2009 0.8819 0.8570
1 -8.2647 16.6432 97.7101 0.8157 -0.0612 0.5753 0.9139 0.7501
stonegolem.jpg
1 -14.4010 37.3629 94.5192 0.7591 0.6192 0.2009 0.8819 0.8570
1 -9.0573 20.0826 85.7519 0.9814 -0.0095 -0.1916 0.8054 0.7678
1 -10.3016 39.3942 88.7388 0.1346 0.9764 0.1690 0.8243 0.8675
stonegolem.jpg
1 10.3088 31.1411 80.3497 0.6901 -0.7237 0.0054 0.5577 0.2550
1 11.3594 32.2761 98.2158 0.6901 -0.7237 0.0054 0.5586 0.3064
1 0.8111 22.1581 90.1279 0.6901 -0.7237 0.0054 0.5097 0.3023
stonegolem.jpg
1 11.3594 32.2761 98.2158 0.7399 0.6672 -0.0859 0.1790 0.6778
1 10.3088 31.1411 80.3497 0.7399 0.6672 -0.0859 0.0910 0.7542
1 1.2287 42.2905 88.7391 0.7399 0.6672 -0.0859 0.1808 0.7706
stonegolem.jpg
1 0.8111 22.1581 90.1279 -0.1359 -0.5283 0.8381 0.5097 0.3023
1 11.3594 32.2761 98.2158 -0.1359 -0.5283 0.8381 0.5586 0.3064
1 -1.6942 35.5431 98.1584 -0.1359 -0.5283 0.8381 0.5560 0.3414
stonegolem.jpg
1 -1.6942 35.5431 98.1584 0.1899 0.7693 0.6100 0.2677 0.7332
1 11.3594 32.2761 98.2158 0.1899 0.7693 0.6100 0.1790 0.6778
1 1.2287 42.2905 88.7391 0.1899 0.7693 0.6100 0.1808 0.7706
stonegolem.jpg
1 10.3088 31.1411 80.3497 0.0014 -0.7371 -0.6758 0.1824 0.6349
1 0.8111 22.1581 90.1279 0.0014 -0.7371 -0.6758 0.0638 0.7700
1 -8.8891 31.2568 80.1849 0.0014 -0.7371 -0.6758 0.1629 0.7640
stonegolem.jpg
1 1.2287 42.2905 88.7391 0.0105 0.6067 -0.7949 0.1808 0.7706
1 10.3088 31.1411 80.3497 0.0105 0.6067 -0.7949 0.0910 0.7542
1 -8.8891 31.2568 80.1849 0.0105 0.6067 -0.7949 0.1643 0.8545
stonegolem.jpg
1 0.8111 22.1581 90.1279 -0.5166 -0.7580 0.3982 0.0638 0.7700
1 -1.6942 35.5431 98.1584 -0.2769 -0.5319 0.8002 0.1747 0.8975
1 -11.2894 31.4496 92.1166 -0.5166 -0.7580 0.3982 0.1617 0.8427
stonegolem.jpg
1 -1.6942 35.5431 98.1584 -0.5507 0.7500 0.3664 0.2677 0.7332
1 1.2287 42.2905 88.7391 -0.6326 0.7660 0.1140 0.1808 0.7706
1 -11.2894 31.4496 92.1166 -0.6326 0.7660 0.1140 0.2382 0.8220
stonegolem.jpg
1 -11.2894 31.4496 92.1166 -0.6326 0.7660 0.1140 0.2382 0.8220
1 1.2287 42.2905 88.7391 -0.6326 0.7660 0.1140 0.1808 0.7706
1 -8.8891 31.2568 80.1849 -0.6699 0.7279 -0.1465 0.1643 0.8545
stonegolem.jpg
1 0.8111 22.1581 90.1279 -0.5166 -0.7580 0.3982 0.0638 0.7700
1 -11.2894 31.4496 92.1166 -0.5166 -0.7580 0.3982 0.1617 0.8427
1 -8.8891 31.2568 80.1849 -0.6167 -0.7793 -0.1115 0.1629 0.7640
stonegolem.jpg
48 -3.6475 -60.1906 155.2852 -0.8499 -0.5266 0.0203 0.8170 0.8434
48 -8.2982 -53.0610 158.7517 -0.9831 -0.0490 0.1765 0.8331 0.8532
48 -10.9354 -48.8150 145.2437 -0.9651 -0.2257 0.1326 0.8411 0.8080
stonegolem.jpg
48 -10.9354 -48.8150 145.2437 -0.9651 -0.2257 0.1326 0.8411 0.8080
48 -4.0348 -60.8572 141.1880 -0.8596 -0.5087 0.0477 0.8229 0.8082
48 -3.6475 -60.1906 155.2852 -0.8499 -0.5266 0.0203 0.8170 0.8434
stonegolem.jpg
48 8.8395 -64.0301 157.7559 0.0443 -0.6129 0.7889 0.7776 0.8530
48 6.3692 -52.9600 169.0864 -0.0209 -0.1785 0.9837 0.7776 0.8700
48 -8.2982 -53.0610 158.7517 -0.4822 -0.3719 0.7932 0.8331 0.8532
stonegolem.jpg
48 -8.2982 -53.0610 158.7517 -0.4822 -0.3719 0.7932 0.8331 0.8532
48 -3.6475 -60.1906 155.2852 -0.3256 -0.5767 0.7493 0.8170 0.8434
48 8.8395 -64.0301 157.7559 0.0443 -0.6129 0.7889 0.7776 0.8530
stonegolem.jpg
48 8.8395 -64.0301 157.7559 0.1776 -0.9810 0.0786 0.7776 0.8530
48 -3.6475 -60.1906 155.2852 -0.3031 -0.9515 0.0533 0.8170 0.8434
48 0.7616 -62.0392 147.3605 -0.2854 -0.9576 0.0384 0.8061 0.8249
stonegolem.jpg
48 -0.4553 -52.2105 135.4888 -0.3019 -0.4409 -0.8453 0.8055 0.7875
48 7.8332 -51.2242 131.9380 0.1169 -0.4123 -0.9035 0.7776 0.7711
48 9.8048 -64.7685 138.3747 0.1163 -0.4081 -0.9055 0.7776 0.7985
stonegolem.jpg
48 9.8048 -64.7685 138.3747 0.1163 -0.4081 -0.9055 0.7776 0.7985
48 -4.0348 -60.8572 141.1880 -0.2962 -0.4371 -0.8492 0.8229 0.8082
48 -0.4553 -52.2105 135.4888 -0.3019 -0.4409 -0.8453 0.8055 0.7875
stonegolem.jpg
48 -6.9232 -45.0439 139.7751 -0.8239 0.1207 -0.5537 0.8203 0.7729
48 -0.4553 -52.2105 135.4888 -0.6784 -0.1874 -0.7104 0.8055 0.7875
48 -4.0348 -60.8572 141.1880 -0.7014 -0.1895 -0.6871 0.8229 0.8082
stonegolem.jpg
48 -4.0348 -60.8572 141.1880 -0.7014 -0.1895 -0.6871 0.8229 0.8082
48 -10.9354 -48.8150 145.2437 -0.8560 0.2952 -0.4244 0.8411 0.8080
48 -6.9232 -45.0439 139.7751 -0.8239 0.1207 -0.5537 0.8203 0.7729
stonegolem.jpg
48 5.9978 -41.4654 135.3135 -0.0557 0.5757 -0.8158 0.7776 0.7539
48 7.8332 -51.2242 131.9380 -0.0065 0.3258 -0.9454 0.7776 0.7711
48 -0.4553 -52.2105 135.4888 -0.3883 0.2186 -0.8952 0.8055 0.7875
stonegolem.jpg
48 -0.4553 -52.2105 135.4888 -0.3883 0.2186 -0.8952 0.8055 0.7875
48 -6.9232 -45.0439 139.7751 -0.4046 0.5952 -0.6943 0.8203 0.7729
48 5.9978 -41.4654 135.3135 -0.0557 0.5757 -0.8158 0.7776 0.7539
stonegolem.jpg
48 23.3120 -42.5587 148.9382 0.9670 0.0422 0.2514 0.8411 0.8080
48 21.2076 -48.0404 160.2787 0.9378 0.2107 0.2759 0.8331 0.8532
48 18.1800 -56.2340 157.6684 0.9510 -0.2921 0.1015 0.8170 0.8434
stonegolem.jpg
48 18.1800 -56.2340 157.6684 0.9510 -0.2921 0.1015 0.8170 0.8434
48 21.2229 -56.5594 142.4952 0.9527 -0.2324 0.1960 0.8229 0.8082
48 23.3120 -42.5587 148.9382 0.9670 0.0422 0.2514 0.8411 0.8080
stonegolem.jpg
48 21.2076 -48.0404 160.2787 0.4641 -0.1843 0.8664 0.8331 0.8532
48 6.3692 -52.9600 169.0864 -0.0209 -0.1785 0.9837 0.7776 0.8700
48 8.8395 -64.0301 157.7559 0.0443 -0.6129 0.7889 0.7776 0.8530
stonegolem.jpg
48 8.8395 -64.0301 157.7559 0.0443 -0.6129 0.7889 0.7776 0.8530
48 18.1800 -56.2340 157.6684 0.3394 -0.3971 0.8527 0.8170 0.8434
48 21.2076 -48.0404 160.2787 0.4641 -0.1843 0.8664 0.8331 0.8532
stonegolem.jpg
48 16.8282 -59.2107 147.9111 0.6028 -0.7913 0.1018 0.8069 0.8241
48 9.8048 -64.7685 138.3747 0.1662 -0.9850 0.0458 0.7776 0.7985
48 21.2229 -56.5594 142.4952 0.6028 -0.7913 0.1018 0.8229 0.8082
stonegolem.jpg
48 21.2229 -56.5594 142.4952 0.6028 -0.7913 0.1018 0.8229 0.8082
48 18.1800 -56.2340 157.6684 0.6349 -0.7591 0.1436 0.8170 0.8434
48 16.8282 -59.2107 147.9111 0.6028 -0.7913 0.1018 0.8069 0.8241
stonegolem.jpg
48 9.8048 -64.7685 138.3747 0.1163 -0.4081 -0.9055 0.7776 0.7985
48 7.8332 -51.2242 131.9380 0.1169 -0.4123 -0.9035 0.7776 0.7711
48 15.5823 -49.4816 136.3188 0.5136 -0.3021 -0.8031 0.8055 0.7875
stonegolem.jpg
48 15.5823 -49.4816 136.3188 0.5136 -0.3021 -0.8031 0.8055 0.7875
48 21.2229 -56.5594 142.4952 0.5074 -0.3004 -0.8076 0.8229 0.8082
48 9.8048 -64.7685 138.3747 0.1163 -0.4081 -0.9055 0.7776 0.7985
stonegolem.jpg
48 21.2229 -56.5594 142.4952 0.8263 0.0742 -0.5584 0.8229 0.8082
48 15.5823 -49.4816 136.3188 0.7699 0.0591 -0.6354 0.8055 0.7875
48 18.8591 -40.6568 141.1095 0.8015 0.4060 -0.4391 0.8203 0.7729
stonegolem.jpg
48 18.8591 -40.6568 141.1095 0.8015 0.4060 -0.4391 0.8203 0.7729
48 23.3120 -42.5587 148.9382 0.7613 0.5788 -0.2924 0.8411 0.8080
48 21.2229 -56.5594 142.4952 0.8263 0.0742 -0.5584 0.8229 0.8082
stonegolem.jpg
48 15.5823 -49.4816 136.3188 0.3822 0.3497 -0.8554 0.8055 0.7875
48 7.8332 -51.2242 131.9380 -0.0065 0.3258 -0.9454 0.7776 0.7711
48 5.9978 -41.4654 135.3135 -0.0557 0.5757 -0.8158 0.7776 0.7539
stonegolem.jpg
48 5.9978 -41.4654 135.3135 -0.0557 0.5757 -0.8158 0.7776 0.7539
48 18.8591 -40.6568 141.1095 0.2533 0.7067 -0.6607 0.8203 0.7729
48 15.5823 -49.4816 136.3188 0.3822 0.3497 -0.8554 0.8055 0.7875
stonegolem.jpg
48 -10.9354 -48.8150 145.2437 -0.9651 -0.2257 0.1326 0.7523 0.8162
48 -8.2982 -53.0610 158.7517 -0.9831 -0.0490 0.1765 0.7579 0.8464
48 3.3237 -32.7610 159.8234 -0.1835 0.8241 0.5359 0.7903 0.8428
stonegolem.jpg
48 -8.2982 -53.0610 158.7517 -0.4822 -0.3719 0.7932 0.7579 0.8464
48 6.3692 -52.9600 169.0864 -0.0209 -0.1785 0.9837 0.7905 0.8677
48 3.3237 -32.7610 159.8234 -0.1157 0.3996 0.9094 0.7903 0.8428
stonegolem.jpg
48 -6.9232 -45.0439 139.7751 -0.8239 0.1207 -0.5537 0.7616 0.8031
48 -10.9354 -48.8150 145.2437 -0.8560 0.2952 -0.4244 0.7523 0.8162
48 3.3237 -32.7610 159.8234 -0.1805 0.9824 -0.0484 0.7903 0.8428
stonegolem.jpg
48 5.9978 -41.4654 135.3135 -0.0557 0.5757 -0.8158 0.7902 0.7916
48 -6.9232 -45.0439 139.7751 -0.4046 0.5952 -0.6943 0.7616 0.8031
48 3.3237 -32.7610 159.8234 -0.1399 0.9282 -0.3449 0.7903 0.8428
stonegolem.jpg
48 21.2076 -48.0404 160.2787 0.9378 0.2107 0.2759 0.8232 0.8464
48 23.3120 -42.5587 148.9382 0.9670 0.0422 0.2514 0.8284 0.8202
48 3.3237 -32.7610 159.8234 -0.1835 0.8241 0.5359 0.7903 0.8428
stonegolem.jpg
48 6.3692 -52.9600 169.0864 -0.0209 -0.1785 0.9837 0.7905 0.8677
48 21.2076 -48.0404 160.2787 0.4641 -0.1843 0.8664 0.8232 0.8464
48 3.3237 -32.7610 159.8234 -0.1157 0.3996 0.9094 0.7903 0.8428
stonegolem.jpg
48 23.3120 -42.5587 148.9382 0.7613 0.5788 -0.2924 0.8284 0.8202
48 18.8591 -40.6568 141.1095 0.8015 0.4060 -0.4391 0.8187 0.8031
48 3.3237 -32.7610 159.8234 -0.1805 0.9824 -0.0484 0.7903 0.8428
stonegolem.jpg
48 18.8591 -40.6568 141.1095 0.2533 0.7067 -0.6607 0.8187 0.8031
48 5.9978 -41.4654 135.3135 -0.0557 0.5757 -0.8158 0.7902 0.7916
48 3.3237 -32.7610 159.8234 -0.1399 0.9282 -0.3449 0.7903 0.8428
stonegolem.jpg
48 -4.0348 -60.8572 141.1880 -0.2854 -0.9576 0.0384 0.8229 0.8082
48 9.8048 -64.7685 138.3747 0.1662 -0.9850 0.0458 0.7776 0.7985
48 0.7616 -62.0392 147.3605 -0.2854 -0.9576 0.0384 0.8061 0.8249
stonegolem.jpg
48 0.7616 -62.0392 147.3605 -0.2854 -0.9576 0.0384 0.8061 0.8249
48 -3.6475 -60.1906 155.2852 -0.3031 -0.9515 0.0533 0.8170 0.8434
48 -4.0348 -60.8572 141.1880 -0.2854 -0.9576 0.0384 0.8229 0.8082
stonegolem.jpg
48 16.8282 -59.2107 147.9111 0.6028 -0.7913 0.1018 0.8069 0.8241
48 18.1800 -56.2340 157.6684 0.6349 -0.7591 0.1436 0.8170 0.8434
48 8.8395 -64.0301 157.7559 0.1776 -0.9810 0.0786 0.7776 0.8530
end
