version 1
nodes
0 "Bip01" -1
1 "Bip01 Footsteps" 0
2 "Bip01 Pelvis" 0
3 "Bip01 L Thigh" 2
4 "Bip01 L Calf" 3
5 "Bip01 L Foot" 4
6 "Bip01 L Toe0" 5
7 "Bip01 L Toe01" 6
8 "Bip01 L Toe02" 7
9 "Null 9" -1
10 "poison05" 4
11 "Bip01 R Thigh" 2
12 "Bip01 R Calf" 11
13 "Bip01 R Foot" 12
14 "Bip01 R Toe0" 13
15 "Bip01 R Toe01" 14
16 "Bip01 R Toe02" 15
17 "Null 17" -1
18 "poison04" 12
19 "Bip01 Spine" 2
20 "Bip01 Spine1" 19
21 "Bip01 Neck" 20
22 "Bip01 Head" 21
23 "Null 23" -1
24 "Bip01 Ponytail1" 22
25 "Bip01 Ponytail11" 24
26 "Null 26" -1
27 "Bip01 L Clavicle" 21
28 "Bip01 L UpperArm" 27
29 "Bip01 L Forearm" 28
30 "Bip01 L Hand" 29
31 "Bip01 L Finger0" 30
32 "Bip01 L Finger01" 31
33 "Null 33" -1
34 "Bip01 L Finger1" 30
35 "Bip01 L Finger11" 34
36 "Bip01 L Finger1Nub" 35
37 "hand_bofdgne01" 30
38 "hand_bofdgne03" 29
39 "hand_bofdgne02" 29
40 "Bip01 R Clavicle" 21
41 "Bip01 R UpperArm" 40
42 "Bip01 R Forearm" 41
43 "Bip01 R Hand" 42
44 "Bip01 R Finger0" 43
45 "Bip01 R Finger01" 44
46 "Null 46" -1
47 "Bip01 R Finger1" 43
48 "Bip01 R Finger11" 47
49 "Bip01 R Finger1Nub" 48
50 "knife_gdf" 43
51 "knife_gdf01" 42
52 "knife_gdf02" 42
53 "poison01" 19
54 "poison03" 19
55 "poison02" 19
56 "poison07" 0
57 "poison06" 0
end
skeleton
time 0
0 0.000000 7.767428 93.663773 0.000000 0.000000 -1.570795
1 0.000000 0.000000 -93.663742 0.000000 0.000000 1.570795
2 0.000000 0.000000 0.000000 -1.570795 -1.570796 0.000000
3 -0.000026 0.000030 18.595530 -0.090080 -2.775194 -0.839663
4 52.281639 -0.000002 0.000004 0.000000 0.000000 -1.388525
5 42.401630 0.000000 -0.000002 0.005287 -0.172125 0.502819
6 23.783974 40.997166 -0.000001 0.000000 -0.000000 1.570796
7 4.401494 0.000000 -0.000003 0.000000 0.000000 0.000000
8 4.401496 -0.000000 0.000002 0.000000 0.000000 0.000000
9 0.0 0.0 0.0 0.0 0.0 0.0
10 36.276955 6.884861 -1.335225 1.475580 -0.000002 1.752753
11 0.000026 -0.000022 -18.595530 0.363980 2.736743 -0.373412
12 52.281651 -0.000000 -0.000003 0.000000 -0.000000 -1.422397
13 42.401634 0.000000 0.000004 0.052930 0.214486 0.918881
14 23.783972 40.997158 -0.000001 -0.000000 0.000000 1.570796
15 4.401493 -0.000000 0.000002 0.000000 0.000000 0.000000
16 4.401494 -0.000000 -0.000003 0.000000 0.000000 0.000000
17 0.0 0.0 0.0 0.0 0.0 0.0
18 36.215038 6.866610 -1.550501 -1.449219 -3.141592 -1.388915
19 11.444748 -0.019552 -0.003825 0.169042 -0.043626 0.511972
20 28.680397 -0.040422 -0.000001 -0.000000 0.000001 -0.296706
21 53.093929 -0.004327 -0.000001 0.000000 -0.000000 0.030000
22 5.437286 -0.000001 -0.000000 0.174533 0.000000 0.012836
23 0.0 0.0 0.0 0.0 0.0 0.0
24 7.285634 -7.278543 -0.000019 -0.000005 0.000001 -2.749229
25 16.349974 -0.013655 -0.000001 -0.000000 0.000001 -0.219299
26 0.0 0.0 0.0 0.0 0.0 0.0
27 -16.427877 0.510342 35.303993 -0.000014 -1.370796 3.110810
28 32.456379 -0.000001 0.000000 0.520939 1.156512 0.496906
29 48.985775 -0.000000 0.000004 -0.000000 -0.000000 -0.451598
30 57.408661 0.000002 -0.000009 -1.596838 -0.031467 0.194006
31 1.857332 11.957448 -6.764411 2.797675 -0.033490 0.686774
32 17.066280 0.000004 -0.000018 -0.000000 0.000000 0.366519
33 0.0 0.0 0.0 0.0 0.0 0.0
34 21.195383 0.098482 2.688733 -0.000948 0.000142 0.148353
35 12.237199 0.000003 0.000001 0.000000 0.000000 0.427606
36 22.646992 -0.000005 0.000001 -0.000000 -0.000000 -0.000000
37 18.521772 9.922000 -6.711960 0.063043 -1.563464 0.361102
38 29.943014 -6.360234 -0.330586 -1.408448 -0.000199 1.563748
39 54.015350 -6.529605 -1.891304 -1.408448 -0.000199 1.563748
40 -17.143814 0.532522 -35.127754 -0.000014 1.370796 3.110783
41 32.456379 0.000003 -0.000012 -0.016729 -1.105058 0.257997
42 48.985779 0.000003 0.000007 -0.000000 -0.000000 -0.568187
43 57.408661 -0.000003 -0.000004 1.596838 0.031467 0.194006
44 1.857337 11.957445 6.764411 -2.797675 0.033490 0.686774
45 17.066278 0.000007 0.000014 -0.000000 0.000000 0.366519
46 0.0 0.0 0.0 0.0 0.0 0.0
47 21.195385 0.098479 -2.688730 0.000948 -0.000142 0.148353
48 12.237206 0.000003 0.000003 0.000000 -0.000000 0.427606
49 22.646994 -0.000001 -0.000000 -0.000000 -0.000000 -3.141593
50 16.220612 11.940952 6.828000 3.080433 1.563440 0.380435
51 50.710941 -6.630801 5.648473 -1.750598 0.000056 1.563746
52 25.391737 -6.452421 3.200465 -1.750598 0.000056 1.563746
53 63.683693 39.983021 -0.238107 -1.570796 -0.000001 1.570001
54 39.432285 34.203300 -22.613100 -1.570796 -0.000001 1.570001
55 39.432285 34.203243 22.595676 -1.570796 -0.000001 1.570001
56 63.282032 -0.716972 20.325783 3.141593 0.000000 -0.000001
57 -21.487474 0.019814 19.775337 -0.000000 -3.141592 -0.000002
end
triangles
poisongolem.tga
41 -66.6735 -0.0038 176.0313 0.6122 0.6310 0.4765 0.0079 0.8886
41 -42.4510 -25.6774 180.0586 0.6122 0.6486 0.4522 0.1086 0.9361
41 -34.7249 -20.0411 161.5150 0.6122 0.6310 0.4765 0.1328 0.8289
poisongolem.tga
41 -34.7249 -20.0411 161.5150 0.6122 0.6310 0.4765 0.1328 0.8289
41 -61.5257 13.2019 153.5673 0.6117 0.6128 0.5004 0.0157 0.7491
41 -66.6735 -0.0038 176.0313 0.6122 0.6310 0.4765 0.0079 0.8886
poisongolem.tga
41 -96.5477 -41.8643 149.2119 -0.9985 -0.0355 0.0408 0.3855 0.7936
41 -91.3080 -48.0907 156.8723 -0.8830 -0.3136 0.3491 0.3629 0.8009
41 -92.2129 -20.2426 179.5985 -0.8873 -0.3065 0.3446 0.4435 0.8428
poisongolem.tga
41 -92.2129 -20.2426 179.5985 -0.8873 -0.3065 0.3446 0.4435 0.8428
41 -94.8350 -17.5363 175.1076 -0.9684 -0.1465 0.2017 0.4536 0.8381
41 -96.5477 -41.8643 149.2119 -0.9985 -0.0355 0.0408 0.3855 0.7936
poisongolem.tga
41 -66.6735 -0.0038 176.0313 -0.4066 0.6006 0.6884 0.5667 0.9004
41 -94.8350 -17.5363 175.1076 -0.4706 0.7297 0.4960 0.4442 0.8255
41 -92.2129 -20.2426 179.5985 -0.4228 0.6456 0.6359 0.4435 0.8428
poisongolem.tga
41 -77.7071 -1.4979 108.2968 -0.5423 0.5506 -0.6346 0.1579 0.5573
41 -90.7874 -11.4032 113.9055 -0.6166 0.4476 -0.6476 0.2048 0.4997
41 -93.5679 7.2762 129.4632 -0.5423 0.5506 -0.6346 0.0928 0.4987
poisongolem.tga
41 -93.5679 7.2762 129.4632 -0.5423 0.5506 -0.6346 0.0928 0.4987
41 -74.0512 14.3033 122.2113 -0.4592 0.6446 -0.6113 0.0502 0.5740
41 -77.7071 -1.4979 108.2968 -0.5423 0.5506 -0.6346 0.1579 0.5573
poisongolem.tga
41 -96.5477 -41.8643 149.2119 -0.1069 -0.4822 -0.8695 0.3864 0.7576
41 -76.3037 -50.6946 151.6197 -0.0779 -0.3716 -0.9251 0.3222 0.7881
41 -91.3080 -48.0907 156.8723 -0.3069 -0.8304 -0.4650 0.3629 0.8009
poisongolem.tga
41 -74.0512 14.3033 122.2113 0.2149 0.6170 -0.7571 0.0502 0.5740
41 -61.9401 -4.6284 110.2213 0.2149 0.6170 -0.7571 0.1589 0.6094
41 -77.7071 -1.4979 108.2968 0.2149 0.6170 -0.7571 0.1579 0.5573
poisongolem.tga
41 -72.4576 -24.6651 109.2341 -0.1033 -0.0636 -0.9926 0.2654 0.6404
41 -90.7874 -11.4032 113.9055 -0.3198 -0.1105 -0.9410 0.1891 0.4942
41 -77.7071 -1.4979 108.2968 -0.1033 -0.0636 -0.9926 0.1579 0.5573
poisongolem.tga
41 -77.7071 -1.4979 108.2968 -0.1033 -0.0636 -0.9926 0.1579 0.5573
41 -61.9401 -4.6284 110.2213 0.1185 -0.0133 -0.9929 0.1881 0.6536
41 -72.4576 -24.6651 109.2341 -0.1033 -0.0636 -0.9926 0.2654 0.6404
poisongolem.tga
41 -66.6735 -0.0038 176.0313 0.0138 0.1133 0.9935 0.5667 0.9004
41 -92.2129 -20.2426 179.5985 0.0591 0.1005 0.9932 0.4276 0.8979
41 -76.3174 -34.4036 180.0865 0.0138 0.1133 0.9935 0.4125 0.9295
poisongolem.tga
41 -76.3174 -34.4036 180.0865 0.0138 0.1133 0.9935 0.4125 0.9295
41 -42.4510 -25.6774 180.0586 -0.0316 0.1257 0.9916 0.5269 0.9537
41 -66.6735 -0.0038 176.0313 0.0138 0.1133 0.9935 0.5667 0.9004
poisongolem.tga
41 -91.3080 -48.0907 156.8723 -0.5126 -0.5528 0.6570 0.3629 0.8009
41 -76.3174 -34.4036 180.0865 -0.5126 -0.5528 0.6570 0.4125 0.9295
41 -92.2129 -20.2426 179.5985 -0.5126 -0.5528 0.6570 0.4435 0.8428
poisongolem.tga
41 -42.4510 -25.6774 180.0586 0.1552 -0.5997 0.7850 0.1267 0.9740
41 -76.3174 -34.4036 180.0865 0.1552 -0.5997 0.7850 0.4125 0.9295
41 -53.1196 -43.8147 168.3124 0.1552 -0.5997 0.7850 0.2440 0.8941
poisongolem.tga
41 -90.7874 -11.4032 113.9055 -0.9885 -0.0240 -0.1493 0.4206 0.5719
41 -93.0319 -21.3984 130.5128 -0.9885 -0.0256 -0.1490 0.4153 0.6581
41 -95.8452 -3.7537 146.1525 -0.9885 -0.0240 -0.1493 0.4769 0.6954
poisongolem.tga
41 -95.8452 -3.7537 146.1525 -0.9885 -0.0240 -0.1493 0.4769 0.6954
41 -93.5679 7.2762 129.4632 -0.9885 -0.0224 -0.1497 0.4847 0.6072
41 -90.7874 -11.4032 113.9055 -0.9885 -0.0240 -0.1493 0.4206 0.5719
poisongolem.tga
41 -61.5257 13.2019 153.5673 0.7610 0.5189 -0.3895 0.0157 0.7491
41 -34.7249 -20.0411 161.5150 0.7601 0.5195 -0.3904 0.1328 0.8289
41 -55.4908 -11.0674 133.0228 0.7610 0.5189 -0.3895 0.1406 0.7066
poisongolem.tga
41 -55.4908 -11.0674 133.0228 0.7610 0.5189 -0.3895 0.1406 0.7066
41 -65.6487 8.2775 138.9134 0.7618 0.5183 -0.3885 0.0568 0.7004
41 -61.5257 13.2019 153.5673 0.7610 0.5189 -0.3895 0.0157 0.7491
poisongolem.tga
41 -34.7249 -20.0411 161.5150 0.7524 -0.1978 -0.6283 0.1328 0.8289
41 -57.1492 -53.7198 144.2681 0.7509 -0.1736 -0.6372 0.2753 0.8033
41 -65.4034 -33.9301 129.1508 0.7524 -0.1978 -0.6283 0.2807 0.7070
poisongolem.tga
41 -65.4034 -33.9301 129.1508 0.7524 -0.1978 -0.6283 0.2807 0.7070
41 -55.4908 -11.0674 133.0228 0.7534 -0.2218 -0.6190 0.2090 0.6924
41 -34.7249 -20.0411 161.5150 0.7524 -0.1978 -0.6283 0.1328 0.8289
poisongolem.tga
41 -72.4576 -24.6651 109.2341 -0.5091 -0.7756 -0.3731 0.2654 0.6404
41 -65.4034 -33.9301 129.1508 -0.4094 -0.8741 -0.2616 0.2807 0.7070
41 -93.0319 -21.3984 130.5128 -0.5091 -0.7756 -0.3731 0.4122 0.6749
poisongolem.tga
41 -93.0319 -21.3984 130.5128 -0.5091 -0.7756 -0.3731 0.4122 0.6749
41 -90.7874 -11.4032 113.9055 -0.5925 -0.6524 -0.4727 0.3684 0.6231
41 -72.4576 -24.6651 109.2341 -0.5091 -0.7756 -0.3731 0.2654 0.6404
poisongolem.tga
41 -65.4034 -33.9301 129.1508 -0.3150 -0.6159 -0.7221 0.2807 0.7070
41 -98.7697 -30.9098 141.1287 -0.3150 -0.6159 -0.7221 0.4050 0.7196
41 -93.0319 -21.3984 130.5128 -0.3150 -0.6159 -0.7221 0.4122 0.6749
poisongolem.tga
41 -93.0319 -21.3984 130.5128 -0.8765 0.1859 -0.4441 0.4122 0.6749
41 -98.7697 -30.9098 141.1287 -0.9067 0.0862 -0.4128 0.4050 0.7196
41 -105.2945 -8.3733 160.1679 -0.8765 0.1859 -0.4441 0.4794 0.7502
poisongolem.tga
41 -105.2945 -8.3733 160.1679 -0.8765 0.1859 -0.4441 0.4794 0.7502
41 -95.8452 -3.7537 146.1525 -0.8359 0.2834 -0.4701 0.4705 0.6978
41 -93.0319 -21.3984 130.5128 -0.8765 0.1859 -0.4441 0.4122 0.6749
poisongolem.tga
41 -95.8452 -3.7537 146.1525 -0.4242 0.9005 -0.0958 0.4769 0.6954
41 -105.2945 -8.3733 160.1679 -0.4425 0.8968 -0.0027 0.4794 0.7502
41 -61.5257 13.2019 153.5673 -0.4242 0.9005 -0.0958 0.5692 0.7646
poisongolem.tga
41 -61.5257 13.2019 153.5673 -0.4242 0.9005 -0.0958 0.5692 0.7646
41 -65.6487 8.2775 138.9134 -0.4021 0.8961 -0.1880 0.5316 0.6919
41 -95.8452 -3.7537 146.1525 -0.4242 0.9005 -0.0958 0.4769 0.6954
poisongolem.tga
41 -55.2881 -49.1450 155.3732 -0.0388 -0.9423 0.3325 0.2590 0.8505
41 -53.1196 -43.8147 168.3124 -0.1635 -0.9022 0.3991 0.2995 0.9079
41 -76.3174 -34.4036 180.0865 -0.0841 -0.8856 0.4567 0.4125 0.9295
poisongolem.tga
41 -55.2881 -49.1450 155.3732 -0.0388 -0.9423 0.3325 0.2590 0.8505
41 -76.3174 -34.4036 180.0865 -0.0841 -0.8856 0.4567 0.4125 0.9295
41 -91.3080 -48.0907 156.8723 -0.0064 -0.8841 0.4673 0.3629 0.8009
poisongolem.tga
41 -55.2881 -49.1450 155.3732 -0.0388 -0.9423 0.3325 0.2590 0.8505
41 -91.3080 -48.0907 156.8723 -0.0064 -0.8841 0.4673 0.3629 0.8009
41 -76.3037 -50.6946 151.6197 0.1204 -0.9521 -0.2810 0.3026 0.8017
poisongolem.tga
41 -34.7249 -20.0411 161.5150 0.8017 -0.5844 0.1254 0.1328 0.8289
41 -42.4510 -25.6774 180.0586 0.8023 -0.5752 0.1594 0.1688 0.9263
41 -53.1196 -43.8147 168.3124 0.8019 -0.5822 0.1339 0.2440 0.8941
poisongolem.tga
41 -34.7249 -20.0411 161.5150 0.8017 -0.5844 0.1254 0.1328 0.8289
41 -53.1196 -43.8147 168.3124 0.8019 -0.5822 0.1339 0.2440 0.8941
41 -55.2881 -49.1450 155.3732 0.8010 -0.5888 0.1083 0.2627 0.8397
poisongolem.tga
41 -34.7249 -20.0411 161.5150 0.8017 -0.5844 0.1254 0.1328 0.8289
41 -55.2881 -49.1450 155.3732 0.8010 -0.5888 0.1083 0.2627 0.8397
41 -57.1492 -53.7198 144.2681 0.8010 -0.5888 0.1083 0.2788 0.7930
poisongolem.tga
41 -93.5679 7.2762 129.4632 -0.1886 0.8647 0.4656 0.4847 0.6072
41 -95.8452 -3.7537 146.1525 -0.2057 0.8291 0.5199 0.4769 0.6954
41 -65.6487 8.2775 138.9134 -0.1886 0.8647 0.4656 0.5639 0.6739
poisongolem.tga
41 -65.6487 8.2775 138.9134 -0.1886 0.8647 0.4656 0.5639 0.6739
41 -74.0512 14.3033 122.2113 -0.1707 0.8963 0.4092 0.5399 0.5847
41 -93.5679 7.2762 129.4632 -0.1886 0.8647 0.4656 0.4847 0.6072
poisongolem.tga
41 -65.6487 8.2775 138.9134 0.8243 0.5486 -0.1402 0.0161 0.6768
41 -55.4908 -11.0674 133.0228 0.8664 0.4876 -0.1074 0.1406 0.7066
41 -61.9401 -4.6284 110.2213 0.8243 0.5486 -0.1402 0.1589 0.6094
poisongolem.tga
41 -61.9401 -4.6284 110.2213 0.8243 0.5486 -0.1402 0.1589 0.6094
41 -74.0512 14.3033 122.2113 0.7767 0.6059 -0.1721 0.0156 0.5979
41 -65.6487 8.2775 138.9134 0.8243 0.5486 -0.1402 0.0161 0.6768
poisongolem.tga
41 -55.4908 -11.0674 133.0228 0.8447 -0.3585 -0.3975 0.1406 0.7066
41 -65.4034 -33.9301 129.1508 0.8496 -0.2942 -0.4378 0.2807 0.7070
41 -72.4576 -24.6651 109.2341 0.8447 -0.3585 -0.3975 0.2654 0.6404
poisongolem.tga
41 -72.4576 -24.6651 109.2341 0.8447 -0.3585 -0.3975 0.2654 0.6404
41 -61.9401 -4.6284 110.2213 0.8349 -0.4207 -0.3550 0.1405 0.6357
41 -55.4908 -11.0674 133.0228 0.8447 -0.3585 -0.3975 0.1406 0.7066
poisongolem.tga
41 -55.2881 -49.1450 155.3732 -0.0388 -0.9423 0.3325 0.2622 0.8032
41 -71.7436 -51.3148 149.6533 -0.1064 -0.7888 0.6054 0.3222 0.7881
41 -57.1492 -53.7198 144.2681 -0.0111 -0.9239 0.3825 0.2748 0.7668
poisongolem.tga
41 -97.2869 -35.5544 145.0350 -0.4601 -0.8358 -0.2995 0.3953 0.7378
41 -98.7697 -30.9098 141.1287 -0.3042 -0.6682 -0.6790 0.3949 0.7232
41 -65.4034 -33.9301 129.1508 -0.3070 -0.6618 -0.6839 0.2807 0.7070
poisongolem.tga
41 -97.2869 -35.5544 145.0350 -0.4601 -0.8358 -0.2995 0.3953 0.7378
41 -65.4034 -33.9301 129.1508 -0.3070 -0.6618 -0.6839 0.2807 0.7070
41 -57.1492 -53.7198 144.2681 -0.3255 -0.6921 -0.6443 0.2748 0.7668
poisongolem.tga
41 -97.2869 -35.5544 145.0350 -0.4601 -0.8358 -0.2995 0.3953 0.7378
41 -57.1492 -53.7198 144.2681 -0.3255 -0.6921 -0.6443 0.2748 0.7668
41 -71.7436 -51.3148 149.6533 -0.5242 -0.8516 -0.0069 0.3249 0.7722
poisongolem.tga
41 -99.2571 -13.7335 168.9439 -0.7509 -0.5091 0.4207 0.4551 0.8034
41 -105.2945 -8.3733 160.1679 -0.8323 -0.4780 0.2806 0.4794 0.7502
41 -98.7697 -30.9098 141.1287 -0.9147 -0.3508 0.2006 0.4050 0.7196
poisongolem.tga
41 -98.7697 -30.9098 141.1287 -0.9147 -0.3508 0.2006 0.4050 0.7196
41 -97.2869 -35.5544 145.0350 -0.8827 -0.3811 0.2751 0.3898 0.7438
41 -99.2571 -13.7335 168.9439 -0.7509 -0.5091 0.4207 0.4551 0.8034
poisongolem.tga
41 -66.6735 -0.0038 176.0313 -0.4066 0.6006 0.6884 0.5682 0.8373
41 -61.5257 13.2019 153.5673 -0.3517 0.8400 0.4132 0.5692 0.7646
41 -105.2945 -8.3733 160.1679 -0.3855 0.7437 0.5461 0.4794 0.7502
poisongolem.tga
41 -105.2945 -8.3733 160.1679 -0.3855 0.7437 0.5461 0.4794 0.7502
41 -99.2571 -13.7335 168.9439 -0.2885 0.2013 0.9361 0.4944 0.7888
41 -66.6735 -0.0038 176.0313 -0.4066 0.6006 0.6884 0.5682 0.8373
poisongolem.tga
41 -55.2881 -49.1450 155.3732 -0.0388 -0.9423 0.3325 0.2585 0.8140
41 -76.3037 -50.6946 151.6197 0.1204 -0.9521 -0.2810 0.3222 0.7881
41 -73.0999 -48.8248 151.2057 -0.0054 -0.9985 -0.0537 0.2602 0.8090
poisongolem.tga
41 -93.5009 -37.1675 149.7114 -0.1841 -0.4673 -0.8647 0.3864 0.7576
41 -73.0999 -48.8248 151.2057 -0.5175 -0.8430 -0.1467 0.3122 0.8022
41 -76.3037 -50.6946 151.6197 -0.0779 -0.3716 -0.9251 0.3222 0.7881
poisongolem.tga
41 -76.3037 -50.6946 151.6197 -0.0779 -0.3716 -0.9251 0.3222 0.7881
41 -96.5477 -41.8643 149.2119 -0.1069 -0.4822 -0.8695 0.3953 0.7378
41 -93.5009 -37.1675 149.7114 -0.1841 -0.4673 -0.8647 0.3864 0.7576
poisongolem.tga
41 -95.1312 -15.0688 168.9470 -0.9917 -0.0853 0.0963 0.4498 0.8137
41 -93.5009 -37.1675 149.7114 -0.8737 -0.3835 0.2993 0.3968 0.7923
41 -96.5477 -41.8643 149.2119 -0.9985 -0.0355 0.0408 0.3855 0.7936
poisongolem.tga
41 -96.5477 -41.8643 149.2119 -0.9985 -0.0355 0.0408 0.3855 0.7936
41 -94.8350 -17.5363 175.1076 -0.9684 -0.1465 0.2017 0.4442 0.8255
41 -95.1312 -15.0688 168.9470 -0.9917 -0.0853 0.0963 0.4498 0.8137
poisongolem.tga
41 -94.8350 -17.5363 175.1076 -0.4706 0.7297 0.4960 0.4442 0.8255
41 -66.6735 -0.0038 176.0313 -0.4066 0.6006 0.6884 0.5667 0.9004
41 -95.1312 -15.0688 168.9470 -0.3923 0.3390 0.8551 0.4498 0.8137
poisongolem.tga
41 -55.2881 -49.1450 155.3732 -0.0388 -0.9423 0.3325 0.2602 0.8090
41 -73.0999 -48.8248 151.2057 -0.0054 -0.9985 -0.0537 0.3222 0.7881
41 -71.7436 -51.3148 149.6533 -0.1064 -0.7888 0.6054 0.2622 0.8032
poisongolem.tga
41 -97.2869 -35.5544 145.0350 -0.4601 -0.8358 -0.2995 0.3953 0.7378
41 -71.7436 -51.3148 149.6533 -0.5242 -0.8516 -0.0069 0.3147 0.7852
41 -73.0999 -48.8248 151.2057 -0.5175 -0.8430 -0.1467 0.3222 0.7881
poisongolem.tga
41 -73.0999 -48.8248 151.2057 -0.5175 -0.8430 -0.1467 0.3222 0.7881
41 -93.5009 -37.1675 149.7114 -0.1841 -0.4673 -0.8647 0.3864 0.7576
41 -97.2869 -35.5544 145.0350 -0.4601 -0.8358 -0.2995 0.3953 0.7378
poisongolem.tga
41 -99.2571 -13.7335 168.9439 -0.7509 -0.5091 0.4207 0.4551 0.8034
41 -97.2869 -35.5544 145.0350 -0.8827 -0.3811 0.2751 0.3864 0.7576
41 -93.5009 -37.1675 149.7114 -0.8737 -0.3835 0.2993 0.3843 0.7771
poisongolem.tga
41 -93.5009 -37.1675 149.7114 -0.8737 -0.3835 0.2993 0.3843 0.7771
41 -95.1312 -15.0688 168.9470 -0.9917 -0.0853 0.0963 0.4488 0.8116
41 -99.2571 -13.7335 168.9439 -0.7509 -0.5091 0.4207 0.4551 0.8034
poisongolem.tga
41 -95.1312 -15.0688 168.9470 -0.3923 0.3390 0.8551 0.4498 0.8137
41 -66.6735 -0.0038 176.0313 -0.4066 0.6006 0.6884 0.5667 0.9004
41 -99.2571 -13.7335 168.9439 -0.2885 0.2013 0.9361 0.4551 0.8034
poisongolem.tga
28 37.0295 -1.7918 169.8939 -0.6386 0.4873 0.5956 0.1328 0.8289
28 46.7217 -8.8380 186.9755 -0.6424 0.5078 0.5740 0.1086 0.9361
28 67.6423 19.8140 185.0406 -0.6386 0.4873 0.5956 0.0079 0.8886
poisongolem.tga
28 67.6423 19.8140 185.0406 -0.6386 0.4873 0.5956 0.0079 0.8886
28 59.3849 35.1253 164.9671 -0.6342 0.4664 0.6166 0.0157 0.7491
28 37.0295 -1.7918 169.8939 -0.6386 0.4873 0.5956 0.1328 0.8289
poisongolem.tga
28 95.4256 2.4276 184.2118 0.9391 -0.2421 0.2440 0.4435 0.8428
28 95.8024 -22.1519 157.9664 0.9360 -0.2502 0.2477 0.3629 0.8009
28 99.7341 -14.4109 150.9286 0.9967 0.0772 -0.0260 0.3855 0.7936
poisongolem.tga
28 99.7341 -14.4109 150.9286 0.9967 0.0772 -0.0260 0.3855 0.7936
28 97.3871 5.9835 179.9837 0.9912 -0.0564 0.1197 0.4536 0.8381
28 95.4256 2.4276 184.2118 0.9391 -0.2421 0.2440 0.4435 0.8428
poisongolem.tga
28 67.6423 19.8140 185.0406 0.3908 0.5498 0.7382 0.5667 0.9004
28 95.4256 2.4276 184.2118 0.3979 0.6028 0.6916 0.4435 0.8428
28 97.3871 5.9835 179.9837 0.4254 0.7094 0.5619 0.4442 0.8255
poisongolem.tga
28 89.9405 36.1870 138.3536 0.4292 0.6882 -0.5850 0.0928 0.4987
28 88.0146 19.4849 120.5725 0.5130 0.5972 -0.6166 0.2048 0.4997
28 73.5447 28.4269 117.1949 0.4292 0.6882 -0.5850 0.1579 0.5573
poisongolem.tga
28 73.5447 28.4269 117.1949 0.4292 0.6882 -0.5850 0.1579 0.5573
28 69.2762 41.7507 133.3508 0.3384 0.7679 -0.5439 0.0502 0.5740
28 89.9405 36.1870 138.3536 0.4292 0.6882 -0.5850 0.0928 0.4987
poisongolem.tga
28 99.7341 -14.4109 150.9286 0.0916 -0.3493 -0.9325 0.3864 0.7576
28 95.8024 -22.1519 157.9664 0.3585 -0.7211 -0.5929 0.3629 0.8009
28 80.8081 -25.7998 153.3369 0.0466 -0.2366 -0.9705 0.3222 0.7881
poisongolem.tga
28 69.2762 41.7507 133.3508 -0.3379 0.6804 -0.6504 0.0502 0.5740
28 73.5447 28.4269 117.1949 -0.3379 0.6804 -0.6504 0.1579 0.5573
28 58.4020 23.2398 119.6352 -0.3379 0.6804 -0.6504 0.1589 0.6094
poisongolem.tga
28 73.5447 28.4269 117.1949 0.0332 0.0784 -0.9964 0.1579 0.5573
28 88.0146 19.4849 120.5725 0.2568 0.0509 -0.9651 0.1891 0.4942
28 70.9231 4.8759 115.2545 0.0332 0.0784 -0.9964 0.2654 0.6404
poisongolem.tga
28 70.9231 4.8759 115.2545 0.0332 0.0784 -0.9964 0.2654 0.6404
28 58.4020 23.2398 119.6352 -0.1922 0.1018 -0.9761 0.1881 0.6536
28 73.5447 28.4269 117.1949 0.0332 0.0784 -0.9964 0.1579 0.5573
poisongolem.tga
28 81.2405 -13.4495 183.7212 0.0503 -0.0191 0.9986 0.4125 0.9295
28 95.4256 2.4276 184.2118 0.0067 -0.0369 0.9993 0.4276 0.8979
28 67.6423 19.8140 185.0406 0.0503 -0.0191 0.9986 0.5667 0.9004
poisongolem.tga
28 67.6423 19.8140 185.0406 0.0503 -0.0191 0.9986 0.5667 0.9004
28 46.7217 -8.8380 186.9755 0.0937 -0.0012 0.9956 0.5269 0.9537
28 81.2405 -13.4495 183.7212 0.0503 -0.0191 0.9986 0.4125 0.9295
poisongolem.tga
28 95.8024 -22.1519 157.9664 0.6183 -0.5692 0.5419 0.3629 0.8009
28 95.4256 2.4276 184.2118 0.6183 -0.5692 0.5419 0.4435 0.8428
28 81.2405 -13.4495 183.7212 0.6183 -0.5692 0.5419 0.4125 0.9295
poisongolem.tga
28 46.7217 -8.8380 186.9755 -0.0286 -0.7105 0.7031 0.1267 0.9740
28 58.3612 -23.9183 172.2107 -0.0286 -0.7105 0.7031 0.2440 0.8941
28 81.2405 -13.4495 183.7212 -0.0286 -0.7105 0.7031 0.4125 0.9295
poisongolem.tga
28 94.6735 23.4294 153.1941 0.9709 0.1121 -0.2117 0.4769 0.6954
28 92.5967 7.7529 135.4764 0.9711 0.1105 -0.2116 0.4153 0.6581
28 88.0146 19.4849 120.5725 0.9709 0.1121 -0.2117 0.4206 0.5719
poisongolem.tga
28 88.0146 19.4849 120.5725 0.9709 0.1121 -0.2117 0.4206 0.5719
28 89.9405 36.1870 138.3536 0.9707 0.1136 -0.2119 0.4847 0.6072
28 94.6735 23.4294 153.1941 0.9709 0.1121 -0.2117 0.4769 0.6954
poisongolem.tga
28 54.4561 13.1831 141.6864 -0.8403 0.4719 -0.2669 0.1406 0.7066
28 37.0295 -1.7918 169.8939 -0.8396 0.4727 -0.2678 0.1328 0.8289
28 59.3849 35.1253 164.9671 -0.8403 0.4719 -0.2669 0.0157 0.7491
poisongolem.tga
28 59.3849 35.1253 164.9671 -0.8403 0.4719 -0.2669 0.0157 0.7491
28 62.8813 32.6624 149.5490 -0.8410 0.4711 -0.2660 0.0568 0.7004
28 54.4561 13.1831 141.6864 -0.8403 0.4719 -0.2669 0.1406 0.7066
poisongolem.tga
28 66.4624 -7.6604 134.1019 -0.7725 -0.2017 -0.6022 0.2807 0.7070
28 61.5843 -30.0786 146.8294 -0.7743 -0.1766 -0.6077 0.2753 0.8033
28 37.0295 -1.7918 169.8939 -0.7725 -0.2017 -0.6022 0.1328 0.8289
poisongolem.tga
28 37.0295 -1.7918 169.8939 -0.7725 -0.2017 -0.6022 0.1328 0.8289
28 54.4561 13.1831 141.6864 -0.7702 -0.2267 -0.5962 0.2090 0.6924
28 66.4624 -7.6604 134.1019 -0.7725 -0.2017 -0.6022 0.2807 0.7070
poisongolem.tga
28 92.5967 7.7529 135.4764 0.5600 -0.6553 -0.5069 0.4122 0.6749
28 66.4624 -7.6604 134.1019 0.4804 -0.7784 -0.4041 0.2807 0.7070
28 70.9231 4.8759 115.2545 0.5600 -0.6553 -0.5069 0.2654 0.6404
poisongolem.tga
28 70.9231 4.8759 115.2545 0.5600 -0.6553 -0.5069 0.2654 0.6404
28 88.0146 19.4849 120.5725 0.6216 -0.5112 -0.5935 0.3684 0.6231
28 92.5967 7.7529 135.4764 0.5600 -0.6553 -0.5069 0.4122 0.6749
poisongolem.tga
28 66.4624 -7.6604 134.1019 0.3235 -0.4756 -0.8180 0.2807 0.7070
28 92.5967 7.7529 135.4764 0.3235 -0.4756 -0.8180 0.4122 0.6749
28 100.1296 -2.3145 144.3093 0.3235 -0.4756 -0.8180 0.4050 0.7196
poisongolem.tga
28 105.6163 18.1744 165.8333 0.8145 0.3438 -0.4673 0.4794 0.7502
28 100.1296 -2.3145 144.3093 0.8577 0.2452 -0.4520 0.4050 0.7196
28 92.5967 7.7529 135.4764 0.8145 0.3438 -0.4673 0.4122 0.6749
poisongolem.tga
28 92.5967 7.7529 135.4764 0.8145 0.3438 -0.4673 0.4122 0.6749
28 94.6735 23.4294 153.1941 0.7617 0.4384 -0.4772 0.4705 0.6978
28 105.6163 18.1744 165.8333 0.8145 0.3438 -0.4673 0.4794 0.7502
poisongolem.tga
28 59.3849 35.1253 164.9671 0.3155 0.9489 0.0031 0.5692 0.7646
28 105.6163 18.1744 165.8333 0.3412 0.9353 0.0935 0.4794 0.7502
28 94.6735 23.4294 153.1941 0.3155 0.9489 0.0031 0.4769 0.6954
poisongolem.tga
28 94.6735 23.4294 153.1941 0.3155 0.9489 0.0031 0.4769 0.6954
28 62.8813 32.6624 149.5490 0.2870 0.9539 -0.0873 0.5316 0.6919
28 59.3849 35.1253 164.9671 0.3155 0.9489 0.0031 0.5692 0.7646
poisongolem.tga
28 60.0957 -27.2334 158.5520 0.1661 -0.9663 0.1967 0.2590 0.8505
28 80.8081 -25.7998 153.3369 -0.0377 -0.9151 -0.4015 0.3026 0.8017
28 95.8024 -22.1519 157.9664 0.1380 -0.9303 0.3399 0.3629 0.8009
poisongolem.tga
28 60.0957 -27.2334 158.5520 0.1661 -0.9663 0.1967 0.2590 0.8505
28 95.8024 -22.1519 157.9664 0.1380 -0.9303 0.3399 0.3629 0.8009
28 81.2405 -13.4495 183.7212 0.2143 -0.9213 0.3245 0.4125 0.9295
poisongolem.tga
28 60.0957 -27.2334 158.5520 0.1661 -0.9663 0.1967 0.2590 0.8505
28 81.2405 -13.4495 183.7212 0.2143 -0.9213 0.3245 0.4125 0.9295
28 58.3612 -23.9183 172.2107 0.2903 -0.9208 0.2604 0.2995 0.9079
poisongolem.tga
28 37.0295 -1.7918 169.8939 -0.7216 -0.6860 0.0929 0.1328 0.8289
28 61.5843 -30.0786 146.8294 -0.7218 -0.6880 0.0753 0.2788 0.7930
28 60.0957 -27.2334 158.5520 -0.7218 -0.6880 0.0753 0.2627 0.8397
poisongolem.tga
28 37.0295 -1.7918 169.8939 -0.7216 -0.6860 0.0929 0.1328 0.8289
28 60.0957 -27.2334 158.5520 -0.7218 -0.6880 0.0753 0.2627 0.8397
28 58.3612 -23.9183 172.2107 -0.7215 -0.6849 0.1016 0.2440 0.8941
poisongolem.tga
28 37.0295 -1.7918 169.8939 -0.7216 -0.6860 0.0929 0.1328 0.8289
28 58.3612 -23.9183 172.2107 -0.7215 -0.6849 0.1016 0.2440 0.8941
28 46.7217 -8.8380 186.9755 -0.7207 -0.6814 0.1278 0.1688 0.9263
poisongolem.tga
28 62.8813 32.6624 149.5490 0.1290 0.8131 0.5677 0.5639 0.6739
28 94.6735 23.4294 153.1941 0.1539 0.7730 0.6154 0.4769 0.6954
28 89.9405 36.1870 138.3536 0.1290 0.8131 0.5677 0.4847 0.6072
poisongolem.tga
28 89.9405 36.1870 138.3536 0.1290 0.8131 0.5677 0.4847 0.6072
28 69.2762 41.7507 133.3508 0.1034 0.8495 0.5174 0.5399 0.5847
28 62.8813 32.6624 149.5490 0.1290 0.8131 0.5677 0.5639 0.6739
poisongolem.tga
28 58.4020 23.2398 119.6352 -0.8871 0.4613 -0.0125 0.1589 0.6094
28 54.4561 13.1831 141.6864 -0.9198 0.3921 0.0142 0.1406 0.7066
28 62.8813 32.6624 149.5490 -0.8871 0.4613 -0.0125 0.0161 0.6768
poisongolem.tga
28 62.8813 32.6624 149.5490 -0.8871 0.4613 -0.0125 0.0161 0.6768
28 69.2762 41.7507 133.3508 -0.8487 0.5275 -0.0391 0.0156 0.5979
28 58.4020 23.2398 119.6352 -0.8871 0.4613 -0.0125 0.1589 0.6094
poisongolem.tga
28 70.9231 4.8759 115.2545 -0.8288 -0.4008 -0.3904 0.2654 0.6404
28 66.4624 -7.6604 134.1019 -0.8438 -0.3328 -0.4211 0.2807 0.7070
28 54.4561 13.1831 141.6864 -0.8288 -0.4008 -0.3904 0.1406 0.7066
poisongolem.tga
28 54.4561 13.1831 141.6864 -0.8288 -0.4008 -0.3904 0.1406 0.7066
28 58.4020 23.2398 119.6352 -0.8091 -0.4664 -0.3575 0.1405 0.6357
28 70.9231 4.8759 115.2545 -0.8288 -0.4008 -0.3904 0.2654 0.6404
poisongolem.tga
28 60.0957 -27.2334 158.5520 0.1661 -0.9663 0.1967 0.2622 0.8032
28 61.5843 -30.0786 146.8294 0.1404 -0.9579 0.2503 0.2748 0.7668
28 76.2040 -26.6919 151.5877 0.2373 -0.8426 0.4835 0.3222 0.7881
poisongolem.tga
28 99.4626 -7.5690 147.6227 0.5236 -0.7299 -0.4394 0.3953 0.7378
28 76.2040 -26.6919 151.5877 0.6113 -0.7759 -0.1562 0.3249 0.7722
28 61.5843 -30.0786 146.8294 0.3482 -0.5594 -0.7522 0.2748 0.7668
poisongolem.tga
28 99.4626 -7.5690 147.6227 0.5236 -0.7299 -0.4394 0.3953 0.7378
28 61.5843 -30.0786 146.8294 0.3482 -0.5594 -0.7522 0.2748 0.7668
28 66.4624 -7.6604 134.1019 0.3235 -0.5267 -0.7861 0.2807 0.7070
poisongolem.tga
28 99.4626 -7.5690 147.6227 0.5236 -0.7299 -0.4394 0.3953 0.7378
28 66.4624 -7.6604 134.1019 0.3235 -0.5267 -0.7861 0.2807 0.7070
28 100.1296 -2.3145 144.3093 0.3218 -0.5339 -0.7819 0.3949 0.7232
poisongolem.tga
28 100.1296 -2.3145 144.3093 0.9600 -0.2638 0.0938 0.4050 0.7196
28 105.6163 18.1744 165.8333 0.8983 -0.4091 0.1605 0.4794 0.7502
28 100.8857 11.0477 174.1421 0.8317 -0.4674 0.2998 0.4551 0.8034
poisongolem.tga
28 100.8857 11.0477 174.1421 0.8317 -0.4674 0.2998 0.4551 0.8034
28 99.4626 -7.5690 147.6227 0.9372 -0.3070 0.1653 0.3898 0.7438
28 100.1296 -2.3145 144.3093 0.9600 -0.2638 0.0938 0.4050 0.7196
poisongolem.tga
28 105.6163 18.1744 165.8333 0.3434 0.7067 0.6186 0.4794 0.7502
28 59.3849 35.1253 164.9671 0.2893 0.8148 0.5025 0.5692 0.7646
28 67.6423 19.8140 185.0406 0.3908 0.5498 0.7382 0.5682 0.8373
poisongolem.tga
28 67.6423 19.8140 185.0406 0.3908 0.5498 0.7382 0.5682 0.8373
28 100.8857 11.0477 174.1421 0.3358 0.1107 0.9354 0.4944 0.7888
28 105.6163 18.1744 165.8333 0.3434 0.7067 0.6186 0.4794 0.7502
poisongolem.tga
28 60.0957 -27.2334 158.5520 0.1661 -0.9663 0.1967 0.2585 0.8140
28 77.3978 -24.2819 153.3819 0.1094 -0.9755 -0.1908 0.2602 0.8090
28 80.8081 -25.7998 153.3369 -0.0377 -0.9151 -0.4015 0.3222 0.7881
poisongolem.tga
28 80.8081 -25.7998 153.3369 0.0466 -0.2366 -0.9705 0.3222 0.7881
28 77.3978 -24.2819 153.3819 0.5930 -0.7501 -0.2929 0.3122 0.8022
28 96.2432 -10.2094 152.2562 0.1668 -0.3262 -0.9305 0.3864 0.7576
poisongolem.tga
28 96.2432 -10.2094 152.2562 0.1668 -0.3262 -0.9305 0.3864 0.7576
28 99.7341 -14.4109 150.9286 0.0916 -0.3493 -0.9325 0.3953 0.7378
28 80.8081 -25.7998 153.3369 0.0466 -0.2366 -0.9705 0.3222 0.7881
poisongolem.tga
28 99.7341 -14.4109 150.9286 0.9967 0.0772 -0.0260 0.3855 0.7936
28 96.2432 -10.2094 152.2562 0.9305 -0.3136 0.1894 0.3968 0.7923
28 96.9406 9.2471 174.2148 0.9995 0.0202 0.0225 0.4498 0.8137
poisongolem.tga
28 96.9406 9.2471 174.2148 0.9995 0.0202 0.0225 0.4498 0.8137
28 97.3871 5.9835 179.9837 0.9912 -0.0564 0.1197 0.4442 0.8255
28 99.7341 -14.4109 150.9286 0.9967 0.0772 -0.0260 0.3855 0.7936
poisongolem.tga
28 97.3871 5.9835 179.9837 0.4254 0.7094 0.5619 0.4442 0.8255
28 96.9406 9.2471 174.2148 0.4177 0.2689 0.8679 0.4498 0.8137
28 67.6423 19.8140 185.0406 0.3908 0.5498 0.7382 0.5667 0.9004
poisongolem.tga
28 60.0957 -27.2334 158.5520 0.1661 -0.9663 0.1967 0.2602 0.8090
28 76.2040 -26.6919 151.5877 0.2373 -0.8426 0.4835 0.2622 0.8032
28 77.3978 -24.2819 153.3819 0.1094 -0.9755 -0.1908 0.3222 0.7881
poisongolem.tga
28 77.3978 -24.2819 153.3819 0.5930 -0.7501 -0.2929 0.3222 0.7881
28 76.2040 -26.6919 151.5877 0.6113 -0.7759 -0.1562 0.3147 0.7852
28 99.4626 -7.5690 147.6227 0.5236 -0.7299 -0.4394 0.3953 0.7378
poisongolem.tga
28 99.4626 -7.5690 147.6227 0.5236 -0.7299 -0.4394 0.3953 0.7378
28 96.2432 -10.2094 152.2562 0.1668 -0.3262 -0.9305 0.3864 0.7576
28 77.3978 -24.2819 153.3819 0.5930 -0.7501 -0.2929 0.3222 0.7881
poisongolem.tga
28 96.2432 -10.2094 152.2562 0.9305 -0.3136 0.1894 0.3843 0.7771
28 99.4626 -7.5690 147.6227 0.9372 -0.3070 0.1653 0.3864 0.7576
28 100.8857 11.0477 174.1421 0.8317 -0.4674 0.2998 0.4551 0.8034
poisongolem.tga
28 100.8857 11.0477 174.1421 0.8317 -0.4674 0.2998 0.4551 0.8034
28 96.9406 9.2471 174.2148 0.9995 0.0202 0.0225 0.4488 0.8116
28 96.2432 -10.2094 152.2562 0.9305 -0.3136 0.1894 0.3843 0.7771
poisongolem.tga
28 96.9406 9.2471 174.2148 0.4177 0.2689 0.8679 0.4498 0.8137
28 100.8857 11.0477 174.1421 0.3358 0.1107 0.9354 0.4551 0.8034
28 67.6423 19.8140 185.0406 0.3908 0.5498 0.7382 0.5667 0.9004
poisongolem.tga
2 0.0768 16.1334 83.7605 0.0000 0.9860 -0.1669 0.9213 0.5917
2 0.0713 22.0189 100.4138 -0.0000 0.8406 0.5417 0.8476 0.5901
2 21.5311 15.4243 101.2136 0.2140 0.8922 0.3977 0.8607 0.4662
poisongolem.tga
2 21.5311 15.4243 101.2136 0.2140 0.8922 0.3977 0.8607 0.4662
2 22.6340 15.3629 93.8948 0.0355 0.9994 -0.0030 0.8897 0.4648
2 0.0768 16.1334 83.7605 0.0000 0.9860 -0.1669 0.9213 0.5917
poisongolem.tga
2 21.9525 -12.2985 89.6051 0.2849 -0.7009 -0.6539 0.9021 0.3352
2 23.5903 -12.4078 98.1501 0.6045 -0.7188 0.3433 0.8492 0.3233
2 0.0745 -17.7380 90.0171 -0.0000 -0.9476 -0.3195 0.9179 0.2677
poisongolem.tga
2 0.0745 -17.7380 90.0171 -0.0000 -0.9476 -0.3195 0.9179 0.2677
2 0.0766 -13.6010 83.8022 0.0000 -0.3997 -0.9167 0.9559 0.2830
2 21.9525 -12.2985 89.6051 0.2849 -0.7009 -0.6539 0.9021 0.3352
poisongolem.tga
2 19.7808 -13.0642 109.1177 0.2031 -0.9787 0.0299 0.8060 0.3085
2 0.0695 -17.0749 105.0190 0.0000 -0.9990 0.0442 0.8482 0.2482
2 0.0745 -17.7380 90.0171 0.0000 -0.9995 0.0305 0.9179 0.2677
poisongolem.tga
2 0.0745 -17.7380 90.0171 0.0000 -0.9995 0.0305 0.9179 0.2677
2 23.5903 -12.4078 98.1501 0.6003 -0.7951 -0.0864 0.8522 0.3356
2 19.7808 -13.0642 109.1177 0.2031 -0.9787 0.0299 0.8060 0.3085
poisongolem.tga
2 21.9525 -12.2985 89.6051 0.8917 -0.3562 -0.2791 0.9021 0.3352
2 28.1268 4.8932 93.1500 0.7497 0.0354 -0.6608 0.8956 0.4017
2 32.7571 1.9506 105.9414 0.8917 -0.3562 -0.2791 0.8161 0.3865
poisongolem.tga
2 32.7571 1.9506 105.9414 0.8917 -0.3562 -0.2791 0.8161 0.3865
2 23.5903 -12.4078 98.1501 0.6003 -0.7951 -0.0864 0.8542 0.3308
2 21.9525 -12.2985 89.6051 0.8917 -0.3562 -0.2791 0.9021 0.3352
poisongolem.tga
2 0.0667 -1.9312 113.7064 -0.0000 -0.2982 0.9545 0.8277 0.1873
2 0.0695 -17.0749 105.0190 -0.0000 -0.4976 0.8674 0.8482 0.2482
2 19.7808 -13.0642 109.1177 0.4027 -0.3394 0.8501 0.8060 0.3085
poisongolem.tga
2 19.7808 -13.0642 109.1177 0.4027 -0.3394 0.8501 0.8060 0.3085
2 11.8159 0.6541 111.7265 0.1828 -0.0802 0.9799 0.8055 0.2290
2 0.0667 -1.9312 113.7064 -0.0000 -0.2982 0.9545 0.8277 0.1873
poisongolem.tga
2 28.1268 4.8932 93.1500 0.8446 0.5353 -0.0083 0.8956 0.4017
2 22.6340 15.3629 93.8948 0.8819 0.4535 0.1291 0.9010 0.4577
2 21.5311 15.4243 101.2136 0.2140 0.8922 0.3977 0.8607 0.4662
poisongolem.tga
2 21.5311 15.4243 101.2136 0.2140 0.8922 0.3977 0.8607 0.4662
2 32.7571 1.9506 105.9414 0.5232 0.4358 0.7324 0.8161 0.3865
2 28.1268 4.8932 93.1500 0.8446 0.5353 -0.0083 0.8956 0.4017
poisongolem.tga
2 23.4593 0.1116 110.2261 0.7129 -0.4830 0.5085 0.7731 0.3649
2 19.7808 -13.0642 109.1177 0.4027 -0.3394 0.8501 0.7939 0.3231
2 23.5903 -12.4078 98.1501 0.6045 -0.7188 0.3433 0.8492 0.3233
poisongolem.tga
2 23.5903 -12.4078 98.1501 0.6045 -0.7188 0.3433 0.8492 0.3233
2 32.7571 1.9506 105.9414 0.5232 0.4358 0.7324 0.8161 0.3865
2 23.4593 0.1116 110.2261 0.7129 -0.4830 0.5085 0.7731 0.3649
poisongolem.tga
2 32.7571 1.9506 105.9414 0.5232 0.4358 0.7324 0.8161 0.3865
2 21.5311 15.4243 101.2136 0.2140 0.8922 0.3977 0.8607 0.4662
2 15.1469 9.1068 106.8042 0.2287 0.5641 0.7934 0.8068 0.4752
poisongolem.tga
2 32.7571 1.9506 105.9414 0.5232 0.4358 0.7324 0.8161 0.3865
2 15.1469 9.1068 106.8042 0.2287 0.5641 0.7934 0.8068 0.4752
2 15.4267 8.8871 106.8943 0.1773 0.5261 0.8317 0.8063 0.4735
poisongolem.tga
2 32.7571 1.9506 105.9414 0.5232 0.4358 0.7324 0.8161 0.3865
2 15.4267 8.8871 106.8943 0.1773 0.5261 0.8317 0.8063 0.4735
2 23.4593 0.1116 110.2261 0.2609 0.5421 0.7988 0.7793 0.4188
poisongolem.tga
2 15.1469 9.1068 106.8042 0.1383 0.5643 0.8139 0.8068 0.4752
2 21.5311 15.4243 101.2136 0.2140 0.8922 0.3977 0.8381 0.4234
2 0.0713 22.0189 100.4138 -0.0000 0.8406 0.5417 0.8476 0.5901
poisongolem.tga
2 0.0713 22.0189 100.4138 -0.0000 0.8406 0.5417 0.8476 0.5901
2 0.0684 9.4730 108.9780 -0.0000 0.5638 0.8259 0.7964 0.5932
2 15.1469 9.1068 106.8042 0.1383 0.5643 0.8139 0.8068 0.4752
poisongolem.tga
2 19.7808 -13.0642 109.1177 0.1216 -0.1169 0.9857 0.8060 0.3085
2 23.4593 0.1116 110.2261 0.1216 -0.1169 0.9857 0.7731 0.3649
2 11.8159 0.6541 111.7265 0.0840 0.1983 0.9765 0.7852 0.1837
poisongolem.tga
2 23.4593 0.1116 110.2261 0.1346 0.4570 0.8792 0.7731 0.3649
2 15.4267 8.8871 106.8943 0.1346 0.4570 0.8792 0.7839 0.4700
2 11.8159 0.6541 111.7265 0.1346 0.4570 0.8792 0.7335 0.5097
poisongolem.tga
2 15.4267 8.8871 106.8943 0.1773 0.5261 0.8317 0.7839 0.4700
2 15.1469 9.1068 106.8042 0.2287 0.5641 0.7934 0.7852 0.4716
2 0.0684 9.4730 108.9780 -0.0000 0.4540 0.8910 0.7964 0.5932
poisongolem.tga
2 15.4267 8.8871 106.8943 0.1773 0.5261 0.8317 0.7839 0.4700
2 0.0684 9.4730 108.9780 -0.0000 0.4540 0.8910 0.7964 0.5932
2 0.0667 -1.9312 113.7064 -0.0000 0.4395 0.8983 0.7439 0.6232
poisongolem.tga
2 15.4267 8.8871 106.8943 0.1773 0.5261 0.8317 0.7839 0.4700
2 0.0667 -1.9312 113.7064 -0.0000 0.4395 0.8983 0.7439 0.6232
2 11.8159 0.6541 111.7265 0.0840 0.1983 0.9765 0.7470 0.5226
poisongolem.tga
2 0.0766 -13.6010 83.8022 0.0000 -0.3997 -0.9167 0.9800 0.2830
2 0.0790 4.6580 76.9740 0.0001 -0.3503 -0.9366 0.9914 0.4012
2 28.1268 4.8932 93.1500 0.3747 -0.1026 -0.9214 0.8956 0.4017
poisongolem.tga
2 28.1268 4.8932 93.1500 0.3747 -0.1026 -0.9214 0.8956 0.4017
2 21.9525 -12.2985 89.6051 0.2849 -0.7009 -0.6539 0.9155 0.3012
2 0.0766 -13.6010 83.8022 0.0000 -0.3997 -0.9167 0.9800 0.2830
poisongolem.tga
2 0.0790 4.6580 76.9740 0.0001 0.4326 -0.9016 0.9722 0.5934
2 0.0768 16.1334 83.7605 0.0000 0.5090 -0.8607 0.9086 0.5657
2 22.6340 15.3629 93.8948 0.4261 0.3914 -0.8156 0.9215 0.4786
poisongolem.tga
2 22.6340 15.3629 93.8948 0.4261 0.3914 -0.8156 0.9215 0.4786
2 28.1268 4.8932 93.1500 0.7497 0.0354 -0.6608 0.9781 0.4761
2 0.0790 4.6580 76.9740 0.0001 0.4326 -0.9016 0.9722 0.5934
poisongolem.tga
2 -21.3891 15.4242 101.2135 -0.2140 0.8922 0.3976 0.8607 0.4662
2 0.0713 22.0189 100.4138 -0.0000 0.8406 0.5417 0.8476 0.5901
2 0.0768 16.1334 83.7605 0.0000 0.9860 -0.1669 0.9213 0.5917
poisongolem.tga
2 0.0768 16.1334 83.7605 0.0000 0.9860 -0.1669 0.9213 0.5917
2 -22.4871 15.3628 93.8947 -0.0355 0.9994 -0.0031 0.8897 0.4648
2 -21.3891 15.4242 101.2135 -0.2140 0.8922 0.3976 0.8607 0.4662
poisongolem.tga
2 0.0745 -17.7380 90.0171 -0.0000 -0.9476 -0.3195 0.9179 0.2677
2 -23.4466 -12.4079 98.1500 -0.6046 -0.7189 0.3429 0.8492 0.3233
2 -21.8031 -12.2986 89.6051 -0.2848 -0.7008 -0.6540 0.9021 0.3352
poisongolem.tga
2 -21.8031 -12.2986 89.6051 -0.2848 -0.7008 -0.6540 0.9021 0.3352
2 0.0766 -13.6010 83.8022 0.0000 -0.3997 -0.9167 0.9559 0.2830
2 0.0745 -17.7380 90.0171 -0.0000 -0.9476 -0.3195 0.9179 0.2677
poisongolem.tga
2 0.0745 -17.7380 90.0171 0.0000 -0.9995 0.0305 0.9179 0.2677
2 0.0695 -17.0749 105.0190 0.0000 -0.9990 0.0442 0.8482 0.2482
2 -19.6445 -13.0642 109.1177 -0.2031 -0.9787 0.0298 0.8060 0.3085
poisongolem.tga
2 -19.6445 -13.0642 109.1177 -0.2031 -0.9787 0.0298 0.8060 0.3085
2 -23.4466 -12.4079 98.1500 -0.6002 -0.7951 -0.0868 0.8522 0.3356
2 0.0745 -17.7380 90.0171 0.0000 -0.9995 0.0305 0.9179 0.2677
poisongolem.tga
2 -32.6184 1.9505 105.9413 -0.8916 -0.3562 -0.2796 0.8161 0.3865
2 -27.9796 4.8931 93.1500 -0.7495 0.0354 -0.6611 0.8956 0.4017
2 -21.8031 -12.2986 89.6051 -0.8916 -0.3562 -0.2796 0.9021 0.3352
poisongolem.tga
2 -21.8031 -12.2986 89.6051 -0.8916 -0.3562 -0.2796 0.9021 0.3352
2 -23.4466 -12.4079 98.1500 -0.6002 -0.7951 -0.0868 0.8542 0.3308
2 -32.6184 1.9505 105.9413 -0.8916 -0.3562 -0.2796 0.8161 0.3865
poisongolem.tga
2 -19.6445 -13.0642 109.1177 -0.4028 -0.3394 0.8500 0.8060 0.3085
2 0.0695 -17.0749 105.0190 -0.0000 -0.4976 0.8674 0.8482 0.2482
2 0.0667 -1.9312 113.7064 -0.0000 -0.2982 0.9545 0.8277 0.1873
poisongolem.tga
2 0.0667 -1.9312 113.7064 -0.0000 -0.2982 0.9545 0.8277 0.1873
2 -11.6811 0.6540 111.7265 -0.1828 -0.0802 0.9799 0.8055 0.2290
2 -19.6445 -13.0642 109.1177 -0.4028 -0.3394 0.8500 0.8060 0.3085
poisongolem.tga
2 -21.3891 15.4242 101.2135 -0.2140 0.8922 0.3976 0.8607 0.4662
2 -22.4871 15.3628 93.8947 -0.8819 0.4535 0.1285 0.9010 0.4577
2 -27.9796 4.8931 93.1500 -0.8446 0.5353 -0.0088 0.8956 0.4017
poisongolem.tga
2 -27.9796 4.8931 93.1500 -0.8446 0.5353 -0.0088 0.8956 0.4017
2 -32.6184 1.9505 105.9413 -0.5233 0.4359 0.7322 0.8161 0.3865
2 -21.3891 15.4242 101.2135 -0.2140 0.8922 0.3976 0.8607 0.4662
poisongolem.tga
2 -23.4466 -12.4079 98.1500 -0.6046 -0.7189 0.3429 0.8492 0.3233
2 -19.6445 -13.0642 109.1177 -0.4028 -0.3394 0.8500 0.7939 0.3231
2 -23.3235 0.1115 110.2261 -0.7130 -0.4831 0.5081 0.7731 0.3649
poisongolem.tga
2 -23.3235 0.1115 110.2261 -0.7130 -0.4831 0.5081 0.7731 0.3649
2 -32.6184 1.9505 105.9413 -0.5233 0.4359 0.7322 0.8161 0.3865
2 -23.4466 -12.4079 98.1500 -0.6046 -0.7189 0.3429 0.8492 0.3233
poisongolem.tga
2 -32.6184 1.9505 105.9413 -0.5233 0.4359 0.7322 0.8161 0.3865
2 -23.3235 0.1115 110.2261 -0.2609 0.5422 0.7987 0.7779 0.4186
2 -15.2886 8.8871 106.8942 -0.1773 0.5262 0.8317 0.8063 0.4735
poisongolem.tga
2 -32.6184 1.9505 105.9413 -0.5233 0.4359 0.7322 0.8161 0.3865
2 -15.2886 8.8871 106.8942 -0.1773 0.5262 0.8317 0.8063 0.4735
2 -15.0087 9.1067 106.8042 -0.2287 0.5642 0.7934 0.8068 0.4752
poisongolem.tga
2 -32.6184 1.9505 105.9413 -0.5233 0.4359 0.7322 0.8161 0.3865
2 -15.0087 9.1067 106.8042 -0.2287 0.5642 0.7934 0.8068 0.4752
2 -21.3891 15.4242 101.2135 -0.2140 0.8922 0.3976 0.8607 0.4662
poisongolem.tga
2 0.0713 22.0189 100.4138 -0.0000 0.8406 0.5417 0.8476 0.5901
2 -21.3891 15.4242 101.2135 -0.2140 0.8922 0.3976 0.8381 0.4234
2 -15.0087 9.1067 106.8042 -0.1383 0.5643 0.8139 0.8068 0.4752
poisongolem.tga
2 -15.0087 9.1067 106.8042 -0.1383 0.5643 0.8139 0.8068 0.4752
2 0.0684 9.4730 108.9780 -0.0000 0.5638 0.8259 0.7964 0.5932
2 0.0713 22.0189 100.4138 -0.0000 0.8406 0.5417 0.8476 0.5901
poisongolem.tga
2 -19.6445 -13.0642 109.1177 -0.1216 -0.1169 0.9857 0.8060 0.3085
2 -11.6811 0.6540 111.7265 -0.0840 0.1983 0.9765 0.7852 0.1837
2 -23.3235 0.1115 110.2261 -0.1216 -0.1169 0.9857 0.7731 0.3649
poisongolem.tga
2 -23.3235 0.1115 110.2261 -0.1346 0.4571 0.8792 0.7731 0.3649
2 -11.6811 0.6540 111.7265 -0.1346 0.4571 0.8792 0.7335 0.5097
2 -15.2886 8.8871 106.8942 -0.1346 0.4571 0.8792 0.7839 0.4700
poisongolem.tga
2 -15.2886 8.8871 106.8942 -0.1773 0.5262 0.8317 0.7839 0.4700
2 -11.6811 0.6540 111.7265 -0.0840 0.1983 0.9765 0.7470 0.5226
2 0.0667 -1.9312 113.7064 -0.0000 0.4395 0.8983 0.7439 0.6232
poisongolem.tga
2 -15.2886 8.8871 106.8942 -0.1773 0.5262 0.8317 0.7839 0.4700
2 0.0667 -1.9312 113.7064 -0.0000 0.4395 0.8983 0.7439 0.6232
2 0.0684 9.4730 108.9780 -0.0000 0.4540 0.8910 0.7964 0.5932
poisongolem.tga
2 -15.2886 8.8871 106.8942 -0.1773 0.5262 0.8317 0.7839 0.4700
2 0.0684 9.4730 108.9780 -0.0000 0.4540 0.8910 0.7964 0.5932
2 -15.0087 9.1067 106.8042 -0.2287 0.5642 0.7934 0.7852 0.4716
poisongolem.tga
2 -27.9796 4.8931 93.1500 -0.3746 -0.1025 -0.9215 0.8956 0.4017
2 0.0790 4.6580 76.9740 0.0001 -0.3503 -0.9366 0.9914 0.4012
2 0.0766 -13.6010 83.8022 0.0000 -0.3997 -0.9167 0.9800 0.2830
poisongolem.tga
2 0.0766 -13.6010 83.8022 0.0000 -0.3997 -0.9167 0.9800 0.2830
2 -21.8031 -12.2986 89.6051 -0.2848 -0.7008 -0.6540 0.9155 0.3012
2 -27.9796 4.8931 93.1500 -0.3746 -0.1025 -0.9215 0.8956 0.4017
poisongolem.tga
2 -22.4871 15.3628 93.8947 -0.4260 0.3913 -0.8157 0.9215 0.4786
2 0.0768 16.1334 83.7605 0.0000 0.5090 -0.8607 0.9086 0.5657
2 0.0790 4.6580 76.9740 0.0001 0.4326 -0.9016 0.9722 0.5934
poisongolem.tga
2 0.0790 4.6580 76.9740 0.0001 0.4326 -0.9016 0.9722 0.5934
2 -27.9796 4.8931 93.1500 -0.7495 0.0354 -0.6611 0.9781 0.4761
2 -22.4871 15.3628 93.8947 -0.4260 0.3913 -0.8157 0.9215 0.4786
poisongolem.tga
11 -18.5770 23.1361 71.2153 -0.3930 0.9195 0.0094 0.7355 0.4298
11 -47.2871 10.8286 74.6161 -0.3930 0.9195 0.0094 0.6421 0.3831
11 -31.6545 16.4251 86.2027 -0.3853 0.9197 0.0756 0.6672 0.4427
poisongolem.tga
11 -47.2871 10.8286 74.6161 -0.3930 0.9195 0.0094 0.6421 0.3831
11 -18.5770 23.1361 71.2153 -0.3930 0.9195 0.0094 0.7355 0.4298
11 -27.0613 18.1602 50.7067 -0.3991 0.9151 -0.0569 0.7458 0.3587
poisongolem.tga
11 -18.5770 23.1361 71.2153 0.7288 0.4471 -0.5187 0.3658 0.4139
11 -13.1779 -10.5509 49.7673 0.7288 0.4471 -0.5187 0.4645 0.3239
11 -27.0613 18.1602 50.7067 0.8065 0.4041 -0.4317 0.3822 0.3587
poisongolem.tga
11 -13.1779 -10.5509 49.7673 0.7288 0.4471 -0.5187 0.4645 0.3239
11 -18.5770 23.1361 71.2153 0.7288 0.4471 -0.5187 0.3658 0.4139
11 -5.2249 3.8286 69.9022 0.6398 0.4831 -0.5977 0.4252 0.3909
poisongolem.tga
11 -5.2249 3.8286 69.9022 0.9056 -0.4205 -0.0554 0.4337 0.4010
11 -19.5526 -25.9570 61.7787 0.9056 -0.4205 -0.0554 0.5104 0.3209
11 -13.1779 -10.5509 49.7673 0.9057 -0.4199 -0.0579 0.4482 0.3303
poisongolem.tga
11 -19.5526 -25.9570 61.7787 0.9056 -0.4205 -0.0554 0.5104 0.3209
11 -5.2249 3.8286 69.9022 0.9056 -0.4205 -0.0554 0.4337 0.4010
11 -12.3061 -13.2962 85.0081 0.9055 -0.4211 -0.0529 0.5054 0.3938
poisongolem.tga
11 -19.5526 -25.9570 61.7787 -0.2698 -0.9607 0.0658 0.5104 0.3209
11 -39.1616 -19.2458 79.3751 -0.2698 -0.9607 0.0658 0.5631 0.3536
11 -41.2763 -19.1710 71.7972 -0.2698 -0.9607 0.0658 0.5657 0.3333
poisongolem.tga
11 -41.2763 -19.1710 71.7972 -0.9161 -0.2153 0.3381 0.5657 0.3333
11 -47.2871 10.8286 74.6161 -0.9161 -0.2153 0.3381 0.6421 0.3831
11 -51.9361 -1.0287 58.4699 -0.8845 -0.2161 0.4134 0.6400 0.3198
poisongolem.tga
11 -47.2871 10.8286 74.6161 -0.9161 -0.2153 0.3381 0.6421 0.3831
11 -41.2763 -19.1710 71.7972 -0.9161 -0.2153 0.3381 0.5657 0.3333
11 -39.1616 -19.2458 79.3751 -0.9416 -0.2132 0.2607 0.5629 0.3536
poisongolem.tga
11 -31.6545 16.4251 86.2027 0.1502 0.8468 0.5103 0.4915 0.4971
11 -12.2813 11.0358 89.4424 0.1502 0.8468 0.5103 0.4737 0.4342
11 -18.5770 23.1361 71.2153 0.1502 0.8468 0.5103 0.4122 0.4828
poisongolem.tga
11 -26.9182 -3.7292 90.7895 -0.1084 0.1963 0.9745 0.5475 0.4469
11 -12.2813 11.0358 89.4424 -0.1084 0.1963 0.9745 0.4737 0.4342
11 -31.6545 16.4251 86.2027 -0.1084 0.1963 0.9745 0.4915 0.4971
poisongolem.tga
11 -12.2813 11.0358 89.4424 0.2622 -0.1733 0.9493 0.4737 0.4342
11 -26.9182 -3.7292 90.7895 0.2622 -0.1733 0.9493 0.5475 0.4469
11 -12.3061 -13.2962 85.0081 0.2622 -0.1733 0.9493 0.5054 0.3938
poisongolem.tga
11 -18.5770 23.1361 71.2153 0.8220 0.5624 0.0894 0.4122 0.4828
11 -12.2813 11.0358 89.4424 0.8220 0.5624 0.0894 0.4737 0.4342
11 -5.2249 3.8286 69.9022 0.8220 0.5624 0.0894 0.4337 0.4010
poisongolem.tga
11 -12.2813 11.0358 89.4424 0.9303 -0.0667 0.3606 0.4737 0.4342
11 -12.3061 -13.2962 85.0081 0.9303 -0.0667 0.3606 0.5054 0.3938
11 -5.2249 3.8286 69.9022 0.9303 -0.0667 0.3606 0.4337 0.4010
poisongolem.tga
11 -48.3836 -28.7522 55.8006 -0.0690 -0.5427 -0.8371 0.5674 0.2479
11 -31.2290 -22.6891 53.7922 0.1983 -0.7643 -0.6136 0.5199 0.2947
11 -48.4634 -30.2584 68.1145 0.3193 -0.9409 -0.1130 0.5683 0.2987
poisongolem.tga
11 -48.4634 -30.2584 68.1145 -0.9959 -0.0889 -0.0173 0.5683 0.2987
11 -49.7159 -14.1735 57.6164 -0.8602 -0.0151 -0.5097 0.6012 0.2995
11 -48.3836 -28.7522 55.8006 -0.0690 -0.5427 -0.8371 0.5674 0.2479
poisongolem.tga
11 -31.2290 -22.6891 53.7922 0.1711 -0.9785 -0.1149 0.5199 0.2947
11 -41.2763 -19.1710 71.7972 0.6550 -0.5839 0.4796 0.5657 0.3333
11 -48.4634 -30.2584 68.1145 0.6550 -0.5839 0.4796 0.5683 0.2987
poisongolem.tga
11 -41.2763 -19.1710 71.7972 -0.7656 0.3088 0.5644 0.5657 0.3333
11 -49.7159 -14.1735 57.6164 -0.7656 0.3088 0.5644 0.6012 0.2995
11 -48.4634 -30.2584 68.1145 -0.7656 0.3088 0.5644 0.5683 0.2987
poisongolem.tga
11 -33.4719 11.1333 40.4876 0.3404 0.0099 -0.9402 0.3773 0.3159
11 -22.3764 -13.3858 44.2459 0.1403 -0.1751 -0.9745 0.4645 0.2963
11 -37.3653 1.3508 40.4884 -0.0572 -0.3009 -0.9519 0.4046 0.2917
poisongolem.tga
11 -22.3764 -13.3858 44.2459 0.1403 -0.1751 -0.9745 0.4645 0.2963
11 -33.4719 11.1333 40.4876 0.3404 0.0099 -0.9402 0.3773 0.3159
11 -13.1779 -10.5509 49.7673 0.4920 0.0899 -0.8659 0.4645 0.3239
poisongolem.tga
11 -13.1779 -10.5509 49.7673 0.6074 -0.5745 -0.5487 0.4645 0.3239
11 -24.9993 -23.4132 50.1489 0.1337 -0.6463 -0.7513 0.5003 0.2913
11 -22.3764 -13.3858 44.2459 0.1353 -0.5287 -0.8380 0.4739 0.2937
poisongolem.tga
11 -24.9993 -23.4132 50.1489 0.1337 -0.6463 -0.7513 0.5003 0.2913
11 -13.1779 -10.5509 49.7673 0.6074 -0.5745 -0.5487 0.4645 0.3239
11 -19.5526 -25.9570 61.7787 0.6543 -0.6144 -0.4408 0.5104 0.3209
poisongolem.tga
11 -19.5526 -25.9570 61.7787 -0.2377 -0.9701 -0.0494 0.5104 0.3209
11 -31.2290 -22.6891 53.7922 0.1711 -0.9785 -0.1149 0.5199 0.2947
11 -24.9993 -23.4132 50.1489 0.1337 -0.6463 -0.7513 0.5035 0.2891
poisongolem.tga
11 -31.2290 -22.6891 53.7922 0.1711 -0.9785 -0.1149 0.5199 0.2947
11 -19.5526 -25.9570 61.7787 -0.2377 -0.9701 -0.0494 0.5104 0.3209
11 -41.2763 -19.1710 71.7972 -0.2866 -0.9577 0.0272 0.5657 0.3333
poisongolem.tga
11 -47.2871 10.8286 74.6161 -0.6287 0.7371 -0.2479 0.6421 0.3831
11 -33.4719 11.1333 40.4876 -0.6287 0.7371 -0.2479 0.7410 0.3159
11 -51.9361 -1.0287 58.4699 -0.7026 0.6548 -0.2786 0.6400 0.3198
poisongolem.tga
11 -33.4719 11.1333 40.4876 -0.6287 0.7371 -0.2479 0.7410 0.3159
11 -47.2871 10.8286 74.6161 -0.6287 0.7371 -0.2479 0.6421 0.3831
11 -27.0613 18.1602 50.7067 -0.5464 0.8097 -0.2140 0.7499 0.3578
poisongolem.tga
11 -27.0613 18.1602 50.7067 0.6696 0.3453 -0.6575 0.3822 0.3587
11 -13.1779 -10.5509 49.7673 0.6696 0.3453 -0.6575 0.4645 0.3239
11 -33.4719 11.1333 40.4876 0.6696 0.3453 -0.6575 0.3773 0.3159
poisongolem.tga
11 -47.2871 10.8286 74.6161 -0.6249 -0.0070 0.7807 0.6421 0.3831
11 -26.9182 -3.7292 90.7895 -0.6249 -0.0070 0.7807 0.5509 0.4125
11 -31.6545 16.4251 86.2027 -0.6040 0.0392 0.7960 0.6179 0.4394
poisongolem.tga
11 -26.9182 -3.7292 90.7895 -0.6249 -0.0070 0.7807 0.5509 0.4125
11 -47.2871 10.8286 74.6161 -0.6249 -0.0070 0.7807 0.6421 0.3831
11 -39.1616 -19.2458 79.3751 -0.6440 -0.0532 0.7632 0.5631 0.3536
poisongolem.tga
11 -39.1616 -19.2458 79.3751 0.0285 -0.7521 0.6585 0.5631 0.3536
11 -12.3061 -13.2962 85.0081 0.0285 -0.7521 0.6585 0.5054 0.3938
11 -26.9182 -3.7292 90.7895 -0.0466 -0.5678 0.8218 0.5511 0.4124
poisongolem.tga
11 -12.3061 -13.2962 85.0081 0.0285 -0.7521 0.6585 0.5054 0.3938
11 -39.1616 -19.2458 79.3751 0.0285 -0.7521 0.6585 0.5631 0.3536
11 -19.5526 -25.9570 61.7787 0.1017 -0.8865 0.4514 0.5104 0.3209
poisongolem.tga
11 -51.1193 -5.6062 53.3197 -0.8882 -0.3830 -0.2540 0.6362 0.3007
11 -41.2763 -19.1710 71.7972 -0.9116 -0.1308 0.3896 0.5657 0.3333
11 -51.9361 -1.0287 58.4699 -0.9017 -0.3841 0.1984 0.6400 0.3198
poisongolem.tga
11 -41.2763 -19.1710 71.7972 -0.9116 -0.1308 0.3896 0.5657 0.3333
11 -51.1193 -5.6062 53.3197 -0.8882 -0.3830 -0.2540 0.6362 0.3007
11 -49.7159 -14.1735 57.6164 -0.9596 -0.2349 -0.1549 0.6013 0.2995
poisongolem.tga
11 -51.1193 -5.6062 53.3197 -0.8882 -0.3830 -0.2540 0.6362 0.3007
11 -33.4719 11.1333 40.4876 -0.7467 0.3570 -0.5613 0.7410 0.3159
11 -37.3653 1.3508 40.4884 -0.6550 -0.0892 -0.7504 0.7049 0.2942
poisongolem.tga
11 -33.4719 11.1333 40.4876 -0.7467 0.3570 -0.5613 0.7410 0.3159
11 -51.1193 -5.6062 53.3197 -0.8882 -0.3830 -0.2540 0.6362 0.3007
11 -51.9361 -1.0287 58.4699 -0.7598 0.4215 -0.4951 0.6400 0.3198
poisongolem.tga
11 -37.8841 -15.2385 50.7732 -0.2531 -0.1584 -0.9544 0.1620 0.2767
11 -48.3836 -28.7522 55.8006 -0.0690 -0.5427 -0.8371 0.2101 0.1292
11 -49.7159 -14.1735 57.6164 -0.8602 -0.0151 -0.5097 0.2858 0.2170
poisongolem.tga
11 -48.3836 -28.7522 55.8006 -0.0690 -0.5427 -0.8371 0.2101 0.1292
11 -37.8841 -15.2385 50.7732 -0.2531 -0.1584 -0.9544 0.1620 0.2767
11 -31.2290 -22.6891 53.7922 0.1983 -0.7643 -0.6136 0.0722 0.2231
poisongolem.tga
11 -22.3764 -13.3858 44.2459 0.1403 -0.1751 -0.9745 0.0164 0.3634
11 -37.8841 -15.2385 50.7732 -0.2850 -0.4986 -0.8186 0.1620 0.2767
11 -37.3653 1.3508 40.4884 -0.0572 -0.3009 -0.9519 0.2138 0.4524
poisongolem.tga
11 -37.8841 -15.2385 50.7732 -0.3800 -0.5418 -0.7497 0.1620 0.2767
11 -24.9993 -23.4132 50.1489 0.1337 -0.6463 -0.7513 0.0063 0.2536
11 -31.2290 -22.6891 53.7922 0.1711 -0.9785 -0.1149 0.0722 0.2231
poisongolem.tga
11 -24.9993 -23.4132 50.1489 0.1337 -0.6463 -0.7513 0.0063 0.2536
11 -37.8841 -15.2385 50.7732 -0.3800 -0.5418 -0.7497 0.1620 0.2767
11 -22.3764 -13.3858 44.2459 0.1353 -0.5287 -0.8380 0.0164 0.3634
poisongolem.tga
11 -37.8841 -15.2385 50.7732 -0.4755 -0.4541 -0.7535 0.1620 0.2767
11 -51.1193 -5.6062 53.3197 -0.8882 -0.3830 -0.2540 0.3295 0.2980
11 -37.3653 1.3508 40.4884 -0.6550 -0.0892 -0.7504 0.2138 0.4524
poisongolem.tga
11 -51.1193 -5.6062 53.3197 -0.8882 -0.3830 -0.2540 0.3295 0.2980
11 -37.8841 -15.2385 50.7732 -0.4755 -0.4541 -0.7535 0.1620 0.2767
11 -49.7159 -14.1735 57.6164 -0.9596 -0.2349 -0.1549 0.2858 0.2170
poisongolem.tga
3 24.0935 13.7605 67.7026 0.5898 0.7734 -0.2325 0.7355 0.4298
3 33.8991 10.6325 85.9987 0.5764 0.7988 -0.1723 0.6672 0.4427
3 48.8197 -1.4996 79.6633 0.5898 0.7734 -0.2325 0.6421 0.3831
poisongolem.tga
3 48.8197 -1.4996 79.6633 0.5898 0.7734 -0.2325 0.6421 0.3831
3 33.0254 0.2867 51.7019 0.6006 0.7445 -0.2917 0.7458 0.3587
3 24.0935 13.7605 67.7026 0.5898 0.7734 -0.2325 0.7355 0.4298
poisongolem.tga
3 24.0935 13.7605 67.7026 -0.5582 0.3550 -0.7499 0.3658 0.4139
3 33.0254 0.2867 51.7019 -0.6511 0.3612 -0.6676 0.3822 0.3587
3 13.1063 -23.8026 58.0968 -0.5582 0.3550 -0.7499 0.4645 0.3239
poisongolem.tga
3 13.1063 -23.8026 58.0968 -0.5582 0.3550 -0.7499 0.4645 0.3239
3 6.8660 -1.9539 70.7113 -0.4566 0.3434 -0.8207 0.4252 0.3909
3 24.0935 13.7605 67.7026 -0.5582 0.3550 -0.7499 0.3658 0.4139
poisongolem.tga
3 6.8660 -1.9539 70.7113 -0.9689 -0.2401 -0.0602 0.4337 0.4010
3 13.1063 -23.8026 58.0968 -0.9686 -0.2404 -0.0628 0.4482 0.3303
3 14.6986 -34.7400 75.4200 -0.9689 -0.2401 -0.0602 0.5104 0.3209
poisongolem.tga
3 14.6986 -34.7400 75.4200 -0.9689 -0.2401 -0.0602 0.5104 0.3209
3 8.4741 -13.4796 91.5959 -0.9691 -0.2398 -0.0577 0.5054 0.3938
3 6.8660 -1.9539 70.7113 -0.9689 -0.2401 -0.0602 0.4337 0.4010
poisongolem.tga
3 14.6986 -34.7400 75.4200 0.0367 -0.9046 0.4247 0.5104 0.3209
3 36.4085 -28.8755 86.0328 0.0367 -0.9046 0.4247 0.5657 0.3333
3 33.6614 -25.8336 92.7485 0.0367 -0.9046 0.4247 0.5631 0.3536
poisongolem.tga
3 36.4085 -28.8755 86.0328 0.8088 -0.2420 0.5359 0.5657 0.3333
3 52.0735 -19.0044 69.3726 0.7713 -0.2099 0.6009 0.6400 0.3198
3 48.8197 -1.4996 79.6633 0.8088 -0.2420 0.5359 0.6421 0.3831
poisongolem.tga
3 48.8197 -1.4996 79.6633 0.8088 -0.2420 0.5359 0.6421 0.3831
3 33.6614 -25.8336 92.7485 0.8410 -0.2725 0.4674 0.5629 0.3536
3 36.4085 -28.8755 86.0328 0.8088 -0.2420 0.5359 0.5657 0.3333
poisongolem.tga
3 33.8991 10.6325 85.9987 0.0015 0.9858 0.1677 0.4915 0.4971
3 24.0935 13.7605 67.7026 0.0015 0.9858 0.1677 0.4122 0.4828
3 13.5971 10.3881 87.6207 0.0015 0.9858 0.1677 0.4737 0.4342
poisongolem.tga
3 24.3027 -5.3011 96.1820 0.0624 0.5105 0.8576 0.5475 0.4469
3 33.8991 10.6325 85.9987 0.0624 0.5105 0.8576 0.4915 0.4971
3 13.5971 10.3881 87.6207 0.0624 0.5105 0.8576 0.4737 0.4342
poisongolem.tga
3 13.5971 10.3881 87.6207 -0.3788 0.2306 0.8963 0.4737 0.4342
3 8.4741 -13.4796 91.5959 -0.3788 0.2306 0.8963 0.5054 0.3938
3 24.3027 -5.3011 96.1820 -0.3788 0.2306 0.8963 0.5475 0.4469
poisongolem.tga
3 24.0935 13.7605 67.7026 -0.6769 0.6963 -0.2388 0.4122 0.4828
3 6.8660 -1.9539 70.7113 -0.6769 0.6963 -0.2388 0.4337 0.4010
3 13.5971 10.3881 87.6207 -0.6769 0.6963 -0.2388 0.4737 0.4342
poisongolem.tga
3 13.5971 10.3881 87.6207 -0.9495 0.2379 0.2044 0.4737 0.4342
3 6.8660 -1.9539 70.7113 -0.9495 0.2379 0.2044 0.4337 0.4010
3 8.4741 -13.4796 91.5959 -0.9495 0.2379 0.2044 0.5054 0.3938
poisongolem.tga
3 42.5510 -44.6906 75.5276 0.0183 -0.8103 -0.5857 0.5674 0.2479
3 41.1805 -41.6539 87.4778 -0.5139 -0.8437 0.1555 0.5683 0.2987
3 27.4806 -36.7453 68.8320 -0.3114 -0.8842 -0.3483 0.5199 0.2947
poisongolem.tga
3 41.1805 -41.6539 87.4778 0.9469 -0.2686 0.1769 0.5683 0.2987
3 42.5510 -44.6906 75.5276 0.0183 -0.8103 -0.5857 0.5674 0.2479
3 47.0021 -30.9376 72.5857 0.8763 -0.3536 -0.3272 0.6012 0.2995
poisongolem.tga
3 27.4806 -36.7453 68.8320 -0.3786 -0.9057 0.1906 0.5199 0.2947
3 41.1805 -41.6539 87.4778 -0.8112 -0.2427 0.5321 0.5683 0.2987
3 36.4085 -28.8755 86.0328 -0.8112 -0.2427 0.5321 0.5657 0.3333
poisongolem.tga
3 36.4085 -28.8755 86.0328 0.7620 0.3464 0.5472 0.5657 0.3333
3 41.1805 -41.6539 87.4778 0.7620 0.3464 0.5472 0.5683 0.2987
3 47.0021 -30.9376 72.5857 0.7620 0.3464 0.5472 0.6012 0.2995
poisongolem.tga
3 38.5562 -10.9858 45.5990 -0.2434 -0.2673 -0.9324 0.3773 0.3159
3 40.1017 -20.6460 49.4908 0.0723 -0.6282 -0.7747 0.4046 0.2917
3 21.8740 -30.0556 55.4206 -0.0885 -0.4853 -0.8699 0.4645 0.2963
poisongolem.tga
3 21.8740 -30.0556 55.4206 -0.0885 -0.4853 -0.8699 0.4645 0.2963
3 13.1063 -23.8026 58.0968 -0.3789 -0.1397 -0.9148 0.4645 0.3239
3 38.5562 -10.9858 45.5990 -0.2434 -0.2673 -0.9324 0.3773 0.3159
poisongolem.tga
3 13.1063 -23.8026 58.0968 -0.6706 -0.6127 -0.4183 0.4645 0.3239
3 21.8740 -30.0556 55.4206 -0.1765 -0.7607 -0.6247 0.4739 0.2937
3 21.6025 -37.5859 64.6670 -0.2096 -0.8374 -0.5048 0.5003 0.2913
poisongolem.tga
3 21.6025 -37.5859 64.6670 -0.2096 -0.8374 -0.5048 0.5003 0.2913
3 14.6986 -34.7400 75.4200 -0.7349 -0.6019 -0.3125 0.5104 0.3209
3 13.1063 -23.8026 58.0968 -0.6706 -0.6127 -0.4183 0.4645 0.3239
poisongolem.tga
3 14.6986 -34.7400 75.4200 0.0138 -0.9488 0.3156 0.5104 0.3209
3 21.6025 -37.5859 64.6670 -0.2096 -0.8374 -0.5048 0.5035 0.2891
3 27.4806 -36.7453 68.8320 -0.3786 -0.9057 0.1906 0.5199 0.2947
poisongolem.tga
3 27.4806 -36.7453 68.8320 -0.3786 -0.9057 0.1906 0.5199 0.2947
3 36.4085 -28.8755 86.0328 0.0572 -0.9187 0.3907 0.5657 0.3333
3 14.6986 -34.7400 75.4200 0.0138 -0.9488 0.3156 0.5104 0.3209
poisongolem.tga
3 48.8197 -1.4996 79.6633 0.7997 0.4711 -0.3721 0.6421 0.3831
3 52.0735 -19.0044 69.3726 0.8554 0.3713 -0.3611 0.6400 0.3198
3 38.5562 -10.9858 45.5990 0.7997 0.4711 -0.3721 0.7410 0.3159
poisongolem.tga
3 38.5562 -10.9858 45.5990 0.7997 0.4711 -0.3721 0.7410 0.3159
3 33.0254 0.2867 51.7019 0.7335 0.5647 -0.3783 0.7499 0.3578
3 48.8197 -1.4996 79.6633 0.7997 0.4711 -0.3721 0.6421 0.3831
poisongolem.tga
3 33.0254 0.2867 51.7019 -0.5116 0.2013 -0.8353 0.3822 0.3587
3 38.5562 -10.9858 45.5990 -0.5116 0.2013 -0.8353 0.3773 0.3159
3 13.1063 -23.8026 58.0968 -0.5116 0.2013 -0.8353 0.4645 0.3239
poisongolem.tga
3 48.8197 -1.4996 79.6633 0.5342 0.1608 0.8299 0.6421 0.3831
3 33.8991 10.6325 85.9987 0.5232 0.2124 0.8253 0.6179 0.4394
3 24.3027 -5.3011 96.1820 0.5342 0.1608 0.8299 0.5509 0.4125
poisongolem.tga
3 24.3027 -5.3011 96.1820 0.5342 0.1608 0.8299 0.5509 0.4125
3 33.6614 -25.8336 92.7485 0.5438 0.1087 0.8321 0.5631 0.3536
3 48.8197 -1.4996 79.6633 0.5342 0.1608 0.8299 0.6421 0.3831
poisongolem.tga
3 33.6614 -25.8336 92.7485 -0.2581 -0.4462 0.8569 0.5631 0.3536
3 24.3027 -5.3011 96.1820 -0.1579 -0.2325 0.9597 0.5511 0.4124
3 8.4741 -13.4796 91.5959 -0.2581 -0.4462 0.8569 0.5054 0.3938
poisongolem.tga
3 8.4741 -13.4796 91.5959 -0.2581 -0.4462 0.8569 0.5054 0.3938
3 14.6986 -34.7400 75.4200 -0.3411 -0.6304 0.6973 0.5104 0.3209
3 33.6614 -25.8336 92.7485 -0.2581 -0.4462 0.8569 0.5631 0.3536
poisongolem.tga
3 50.7005 -24.8979 65.9773 0.7966 -0.6033 0.0372 0.6362 0.3007
3 52.0735 -19.0044 69.3726 0.7689 -0.4441 0.4599 0.6400 0.3198
3 36.4085 -28.8755 86.0328 0.8191 -0.1453 0.5549 0.5657 0.3333
poisongolem.tga
3 36.4085 -28.8755 86.0328 0.8191 -0.1453 0.5549 0.5657 0.3333
3 47.0021 -30.9376 72.5857 0.8908 -0.4451 0.0917 0.6013 0.2995
3 50.7005 -24.8979 65.9773 0.7966 -0.6033 0.0372 0.6362 0.3007
poisongolem.tga
3 50.7005 -24.8979 65.9773 0.7966 -0.6033 0.0372 0.6362 0.3007
3 40.1017 -20.6460 49.4908 0.6820 -0.4706 -0.5598 0.7049 0.2942
3 38.5562 -10.9858 45.5990 0.8557 -0.0110 -0.5174 0.7410 0.3159
poisongolem.tga
3 38.5562 -10.9858 45.5990 0.8557 -0.0110 -0.5174 0.7410 0.3159
3 52.0735 -19.0044 69.3726 0.8771 0.0695 -0.4753 0.6400 0.3198
3 50.7005 -24.8979 65.9773 0.7966 -0.6033 0.0372 0.6362 0.3007
poisongolem.tga
3 35.9018 -32.2227 64.6430 0.2949 -0.5343 -0.7922 0.1620 0.2767
3 47.0021 -30.9376 72.5857 0.8763 -0.3536 -0.3272 0.2858 0.2170
3 42.5510 -44.6906 75.5276 0.0183 -0.8103 -0.5857 0.2101 0.1292
poisongolem.tga
3 42.5510 -44.6906 75.5276 0.0183 -0.8103 -0.5857 0.2101 0.1292
3 27.4806 -36.7453 68.8320 -0.3114 -0.8842 -0.3483 0.0722 0.2231
3 35.9018 -32.2227 64.6430 0.2949 -0.5343 -0.7922 0.1620 0.2767
poisongolem.tga
3 21.8740 -30.0556 55.4206 -0.0885 -0.4853 -0.8699 0.0164 0.3634
3 40.1017 -20.6460 49.4908 0.0723 -0.6282 -0.7747 0.2138 0.4524
3 35.9018 -32.2227 64.6430 0.2361 -0.8026 -0.5478 0.1620 0.2767
poisongolem.tga
3 35.9018 -32.2227 64.6430 0.3123 -0.8346 -0.4538 0.1620 0.2767
3 27.4806 -36.7453 68.8320 -0.3786 -0.9057 0.1906 0.0722 0.2231
3 21.6025 -37.5859 64.6670 -0.2096 -0.8374 -0.5048 0.0063 0.2536
poisongolem.tga
3 21.6025 -37.5859 64.6670 -0.2096 -0.8374 -0.5048 0.0063 0.2536
3 21.8740 -30.0556 55.4206 -0.1765 -0.7607 -0.6247 0.0164 0.3634
3 35.9018 -32.2227 64.6430 0.3123 -0.8346 -0.4538 0.1620 0.2767
poisongolem.tga
3 35.9018 -32.2227 64.6430 0.4251 -0.7731 -0.4708 0.1620 0.2767
3 40.1017 -20.6460 49.4908 0.6820 -0.4706 -0.5598 0.2138 0.4524
3 50.7005 -24.8979 65.9773 0.7966 -0.6033 0.0372 0.3295 0.2980
poisongolem.tga
3 50.7005 -24.8979 65.9773 0.7966 -0.6033 0.0372 0.3295 0.2980
3 47.0021 -30.9376 72.5857 0.8908 -0.4451 0.0917 0.2858 0.2170
3 35.9018 -32.2227 64.6430 0.4251 -0.7731 -0.4708 0.1620 0.2767
poisongolem.tga
13 -50.8129 23.8216 -0.3928 0.0013 0.0003 -1.0000 0.7072 0.0471
13 -61.8191 -6.2883 -0.4157 0.0013 0.0003 -1.0000 0.6899 0.0273
13 -63.3023 0.6140 -0.4158 0.0013 0.0003 -1.0000 0.6975 0.0287
poisongolem.tga
13 -56.4376 -6.0548 0.7078 0.1904 0.0558 -0.9801 0.6852 0.0316
13 -58.5189 -18.6846 -0.4156 0.1904 0.0558 -0.9801 0.6794 0.0257
13 -60.6063 -11.5659 -0.4157 0.1904 0.0558 -0.9801 0.6853 0.0265
poisongolem.tga
13 -58.5189 -18.6846 -0.4156 0.1765 0.5795 -0.7956 0.6794 0.0257
13 -46.2437 -18.7008 2.2953 0.1765 0.5795 -0.7956 0.6694 0.0354
13 -50.1143 -21.2439 -0.4156 0.1765 0.5795 -0.7956 0.6712 0.0315
poisongolem.tga
13 -56.4376 -6.0548 0.7078 0.2154 0.0512 -0.9752 0.0000 0.0000
13 -46.2437 -18.7008 2.2953 0.2154 0.0512 -0.9752 1.0000 0.0000
13 -58.5189 -18.6846 -0.4156 0.2154 0.0512 -0.9752 0.0000 1.0000
poisongolem.tga
13 -46.2437 -18.7008 2.2953 0.1585 0.4351 -0.8863 0.6694 0.0354
13 -38.6231 -26.9984 -0.4156 0.1585 0.4351 -0.8863 0.6604 0.0387
13 -45.9778 -24.3200 -0.4156 0.1585 0.4351 -0.8863 0.6676 0.0338
poisongolem.tga
13 -38.6231 -26.9984 -0.4156 0.0018 -0.0007 -1.0000 0.6604 0.0387
13 -10.9598 11.8047 -0.3932 0.0018 -0.0007 -1.0000 0.6596 0.0740
13 -19.0053 -10.2467 -0.3924 0.0018 -0.0007 -1.0000 0.6540 0.0600
poisongolem.tga
13 -46.2437 -18.7008 2.2953 -0.1941 0.1390 -0.9711 0.0000 0.0000
13 -10.9598 11.8047 -0.3932 -0.1941 0.1390 -0.9711 1.0000 0.0000
13 -38.6231 -26.9984 -0.4156 -0.1941 0.1390 -0.9711 0.0000 1.0000
poisongolem.tga
13 -56.4376 -6.0548 0.7078 0.0189 -0.1095 -0.9938 0.0000 0.0000
13 -10.9598 11.8047 -0.3932 0.0189 -0.1095 -0.9938 1.0000 0.0000
13 -46.2437 -18.7008 2.2953 0.0189 -0.1095 -0.9938 0.0000 1.0000
poisongolem.tga
13 -61.8191 -6.2883 -0.4157 0.1940 -0.5443 -0.8161 0.6899 0.0273
13 -10.9598 11.8047 -0.3932 0.1940 -0.5443 -0.8161 0.6596 0.0740
13 -56.4376 -6.0548 0.7078 0.1940 -0.5443 -0.8161 0.6852 0.0316
poisongolem.tga
13 -50.8129 23.8216 -0.3928 0.0002 0.0007 -1.0000 0.0000 0.0000
13 -10.9598 11.8047 -0.3932 0.0002 0.0007 -1.0000 1.0000 0.0000
13 -61.8191 -6.2883 -0.4157 0.0002 0.0007 -1.0000 0.0000 1.0000
poisongolem.tga
13 -50.8129 23.8216 -0.3928 0.0017 0.0057 -1.0000 0.7072 0.0471
13 -21.5556 38.2296 -0.2616 0.0017 0.0057 -1.0000 0.6934 0.0755
13 -10.9598 11.8047 -0.3932 0.0017 0.0057 -1.0000 0.6596 0.0740
poisongolem.tga
12 -51.7079 -5.1691 49.9880 -0.5435 -0.0582 0.8374 0.6362 0.3007
12 -27.4809 16.8541 57.5127 -0.4982 0.2661 0.8252 0.7342 0.2554
12 -55.2822 0.9021 45.0451 -0.5348 0.3214 0.7815 0.6411 0.2645
poisongolem.tga
12 -27.4809 16.8541 57.5127 -0.4982 0.2661 0.8252 0.7342 0.2554
12 -51.7079 -5.1691 49.9880 -0.5435 -0.0582 0.8374 0.6362 0.3007
12 -34.0216 -0.6097 58.2718 -0.4203 -0.0179 0.9072 0.7394 0.2957
poisongolem.tga
12 -34.0216 -0.6097 58.2718 0.4841 -0.1876 0.8547 0.3757 0.2957
12 -15.7469 -6.8862 42.3058 0.6457 -0.0570 0.7615 0.4532 0.2545
12 -27.4809 16.8541 57.5127 0.6069 -0.1938 0.7708 0.3705 0.2554
poisongolem.tga
12 -15.7469 -6.8862 42.3058 0.6457 -0.0570 0.7615 0.4532 0.2545
12 -34.0216 -0.6097 58.2718 0.4841 -0.1876 0.8547 0.3757 0.2957
12 -22.7771 -16.6575 49.7875 0.4128 -0.1825 0.8923 0.4351 0.2909
poisongolem.tga
12 -22.7771 -16.6575 49.7875 0.5951 -0.7487 0.2921 0.4645 0.2963
12 -24.1169 -22.3531 31.4804 0.7706 -0.6224 0.1373 0.5056 0.2659
12 -15.7469 -6.8862 42.3058 0.8430 -0.5280 0.1026 0.4532 0.2545
poisongolem.tga
12 -24.1169 -22.3531 31.4804 0.7706 -0.6224 0.1373 0.5056 0.2659
12 -22.7771 -16.6575 49.7875 0.5951 -0.7487 0.2921 0.4645 0.2963
12 -27.1485 -23.0733 40.7319 0.2417 -0.9080 0.3422 0.4945 0.2919
poisongolem.tga
12 -44.5103 -2.8969 12.0160 -0.9321 -0.2331 -0.2772 0.5746 0.2001
12 -55.2822 0.9021 45.0451 -0.9321 -0.2331 -0.2772 0.6411 0.2645
12 -57.8297 19.9266 29.6157 -0.9077 -0.3308 -0.2580 0.6708 0.2089
poisongolem.tga
12 -55.2822 0.9021 45.0451 -0.9321 -0.2331 -0.2772 0.6411 0.2645
12 -44.5103 -2.8969 12.0160 -0.9321 -0.2331 -0.2772 0.5746 0.2001
12 -48.1029 -16.2951 29.6756 -0.9467 -0.1329 -0.2935 0.5708 0.2538
poisongolem.tga
12 -57.8297 19.9266 29.6157 -0.5669 0.4799 0.6696 0.6708 0.2089
12 -27.4809 16.8541 57.5127 -0.5669 0.4799 0.6696 0.7342 0.2554
12 -23.4761 36.0212 46.7823 -0.5624 0.4903 0.6658 0.7448 0.1913
poisongolem.tga
12 -27.4809 16.8541 57.5127 -0.5669 0.4799 0.6696 0.7342 0.2554
12 -57.8297 19.9266 29.6157 -0.5669 0.4799 0.6696 0.6708 0.2089
12 -55.2822 0.9021 45.0451 -0.5713 0.4695 0.6732 0.6411 0.2645
poisongolem.tga
12 -27.4809 16.8541 57.5127 0.7214 0.0332 0.6917 0.3705 0.2554
12 -4.8605 5.2942 34.4746 0.7214 0.0332 0.6917 0.4432 0.2040
12 -23.4761 36.0212 46.7823 0.7473 0.1988 0.6340 0.3667 0.1913
poisongolem.tga
12 -4.8605 5.2942 34.4746 0.7214 0.0332 0.6917 0.4432 0.2040
12 -27.4809 16.8541 57.5127 0.7214 0.0332 0.6917 0.3705 0.2554
12 -15.7469 -6.8862 42.3058 0.6728 -0.1335 0.7276 0.4330 0.2569
poisongolem.tga
12 -15.7435 -10.4089 14.6177 0.8156 -0.5740 0.0731 0.4966 0.2020
12 -15.7469 -6.8862 42.3058 0.8156 -0.5740 0.0731 0.4330 0.2569
12 -24.1169 -22.3531 31.4804 0.8579 -0.5097 0.0650 0.4999 0.2503
poisongolem.tga
12 -15.7469 -6.8862 42.3058 0.8156 -0.5740 0.0731 0.4330 0.2569
12 -15.7435 -10.4089 14.6177 0.8156 -0.5740 0.0731 0.4966 0.2020
12 -4.8605 5.2942 34.4746 0.7684 -0.6348 0.0809 0.4432 0.2040
poisongolem.tga
12 -15.7435 -10.4089 14.6177 -0.1472 -0.7722 -0.6181 0.4966 0.2020
12 -48.1029 -16.2951 29.6756 -0.1472 -0.7722 -0.6181 0.5708 0.2538
12 -44.5103 -2.8969 12.0160 -0.1462 -0.7735 -0.6166 0.5746 0.2001
poisongolem.tga
12 -48.1029 -16.2951 29.6756 -0.1472 -0.7722 -0.6181 0.5708 0.2538
12 -15.7435 -10.4089 14.6177 -0.1472 -0.7722 -0.6181 0.4966 0.2020
12 -24.1169 -22.3531 31.4804 -0.1481 -0.7709 -0.6195 0.4999 0.2503
poisongolem.tga
12 -27.1485 -23.0733 40.7319 0.2417 -0.9080 0.3422 0.5003 0.2913
12 -48.1029 -16.2951 29.6756 -0.3326 -0.9368 -0.1086 0.5674 0.2479
12 -24.1169 -22.3531 31.4804 -0.2314 -0.9611 -0.1506 0.5056 0.2659
poisongolem.tga
12 -48.1029 -16.2951 29.6756 -0.3326 -0.9368 -0.1086 0.5674 0.2479
12 -27.1485 -23.0733 40.7319 0.2417 -0.9080 0.3422 0.5003 0.2913
12 -34.3269 -22.1868 40.1916 -0.2235 -0.9737 -0.0433 0.5181 0.2864
poisongolem.tga
12 -48.1029 -16.2951 29.6756 -0.3326 -0.9368 -0.1086 0.5674 0.2479
12 -51.7079 -5.1691 49.9880 -0.5435 -0.0582 0.8374 0.6362 0.3007
12 -55.2822 0.9021 45.0451 -0.8883 -0.4505 0.0891 0.6411 0.2645
poisongolem.tga
12 -51.7079 -5.1691 49.9880 -0.5435 -0.0582 0.8374 0.6362 0.3007
12 -48.1029 -16.2951 29.6756 -0.3326 -0.9368 -0.1086 0.5674 0.2479
12 -52.1514 -12.0871 43.2223 -0.9059 -0.4055 0.1217 0.6411 0.2645
poisongolem.tga
12 -57.8297 19.9266 29.6157 -0.3440 -0.2052 -0.9163 0.6708 0.2089
13 -40.9000 -1.8280 28.1312 0.1384 0.1742 -0.9749 0.5715 0.1581
12 -44.5103 -2.8969 12.0160 0.7643 0.6092 -0.2116 0.5746 0.2001
poisongolem.tga
12 -57.8297 19.9266 29.6157 -0.3440 -0.2052 -0.9163 0.6708 0.2089
13 -43.6405 8.3937 23.2280 -0.6485 -0.4635 -0.6038 0.6013 0.1451
13 -40.9000 -1.8280 28.1312 0.1384 0.1742 -0.9749 0.5715 0.1581
poisongolem.tga
12 -57.8297 19.9266 29.6157 -0.3440 -0.2052 -0.9163 0.6708 0.2089
13 -47.0816 21.2289 17.0712 -0.6485 -0.4635 -0.6038 0.6518 0.1437
13 -43.6405 8.3937 23.2280 -0.6485 -0.4635 -0.6038 0.6013 0.1451
poisongolem.tga
13 -47.0816 21.2289 17.0712 -0.6438 0.7529 0.1366 0.6518 0.1437
12 -23.4761 36.0212 46.7823 -0.6438 0.7529 0.1366 0.7448 0.1913
12 -19.7168 41.7250 33.0597 -0.6438 0.7529 0.1366 0.7395 0.1456
poisongolem.tga
12 -23.4761 36.0212 46.7823 -0.3360 0.9221 -0.1921 0.7448 0.1913
13 -47.0816 21.2289 17.0712 -0.3360 0.9221 -0.1921 0.6518 0.1437
12 -57.8297 19.9266 29.6157 -0.3360 0.9221 -0.1921 0.6708 0.2089
poisongolem.tga
12 -23.4761 36.0212 46.7823 0.8770 0.3084 0.3685 0.3667 0.1913
12 -4.6940 15.2601 19.4577 0.8770 0.3084 0.3685 0.4487 0.1506
12 -19.7168 41.7250 33.0597 0.8770 0.3084 0.3685 0.3802 0.1471
poisongolem.tga
12 -4.6940 15.2601 19.4577 0.8664 0.4116 0.2828 0.4487 0.1506
12 -23.4761 36.0212 46.7823 0.8664 0.4116 0.2828 0.3667 0.1913
12 -4.8605 5.2942 34.4746 0.8664 0.4116 0.2828 0.4432 0.2040
poisongolem.tga
13 -10.9598 11.8047 -0.3932 0.9247 -0.3374 0.1764 0.5426 0.5577
13 -21.1091 -7.8089 15.2986 0.9247 -0.3374 0.1764 0.5803 0.5153
13 -19.0053 -10.2467 -0.3924 0.9247 -0.3374 0.1764 0.5602 0.4974
poisongolem.tga
13 -49.8140 -18.9847 8.4236 -0.2823 -0.9271 0.2465 0.6675 0.4959
13 -58.5189 -18.6846 -0.4156 -0.2823 -0.9271 0.2465 0.7120 0.4972
13 -50.1143 -21.2439 -0.4156 -0.2823 -0.9271 0.2465 0.6792 0.4856
poisongolem.tga
13 -58.5189 -18.6846 -0.4156 -0.2916 -0.9217 0.2559 0.7120 0.4972
13 -49.8140 -18.9847 8.4236 -0.2916 -0.9217 0.2559 0.6675 0.4959
13 -57.2063 -16.2401 9.8845 -0.2916 -0.9217 0.2559 0.6947 0.5080
poisongolem.tga
13 -45.9778 -24.3200 -0.4156 -0.3620 -0.9014 0.2376 0.6671 0.4765
13 -40.1415 -24.8614 6.4228 -0.3620 -0.9014 0.2376 0.6297 0.4857
13 -45.7172 -22.2567 7.8081 -0.3620 -0.9014 0.2376 0.6547 0.5005
poisongolem.tga
13 -40.1415 -24.8614 6.4228 -0.3344 -0.9181 0.2127 0.6297 0.4857
13 -45.9778 -24.3200 -0.4156 -0.3344 -0.9181 0.2127 0.6671 0.4765
13 -38.6231 -26.9984 -0.4156 -0.3344 -0.9181 0.2127 0.6320 0.4627
poisongolem.tga
13 -61.8191 -6.2883 -0.4157 -0.9531 -0.2048 0.2229 0.7179 0.5375
13 -61.5685 -0.7542 5.7422 -0.9531 -0.2048 0.2229 0.7024 0.5611
13 -63.3023 0.6140 -0.4158 -0.9531 -0.2048 0.2229 0.7159 0.5642
poisongolem.tga
13 -61.5685 -0.7542 5.7422 -0.9689 -0.1631 0.1860 0.7024 0.5611
13 -61.8191 -6.2883 -0.4157 -0.9689 -0.1631 0.1860 0.7179 0.5375
13 -60.2203 -6.8990 7.3757 -0.9689 -0.1631 0.1860 0.7006 0.5381
poisongolem.tga
13 -50.8129 23.8216 -0.3928 -0.8627 0.4399 0.2496 0.6905 0.6166
13 -61.5685 -0.7542 5.7422 -0.8627 0.4399 0.2496 0.7024 0.5611
13 -47.0816 21.2289 17.0712 -0.8627 0.4399 0.2496 0.6708 0.6037
poisongolem.tga
13 -61.5685 -0.7542 5.7422 -0.8305 0.4466 0.3330 0.7024 0.5611
13 -50.8129 23.8216 -0.3928 -0.8305 0.4466 0.3330 0.6905 0.6166
13 -63.3023 0.6140 -0.4158 -0.8305 0.4466 0.3330 0.7094 0.5661
poisongolem.tga
13 -60.2203 -6.8990 7.3757 -0.6636 0.0528 0.7462 0.7006 0.5381
13 -47.0816 21.2289 17.0712 -0.6636 0.0528 0.7462 0.6708 0.6037
13 -61.5685 -0.7542 5.7422 -0.6636 0.0528 0.7462 0.7071 0.5557
poisongolem.tga
13 -47.0816 21.2289 17.0712 -0.7411 0.1183 0.6609 0.6708 0.6037
13 -60.2203 -6.8990 7.3757 -0.7411 0.1183 0.6609 0.7006 0.5381
13 -43.6405 8.3937 23.2280 -0.7411 0.1183 0.6609 0.6516 0.5649
poisongolem.tga
13 -40.1415 -24.8614 6.4228 -0.0857 -0.6046 0.7919 0.6297 0.4857
13 -32.9068 -4.2436 22.9484 -0.0857 -0.6046 0.7919 0.6082 0.5231
13 -45.7172 -22.2567 7.8081 -0.0857 -0.6046 0.7919 0.6416 0.4884
poisongolem.tga
13 -32.9068 -4.2436 22.9484 0.2597 -0.6578 0.7070 0.6082 0.5231
13 -40.1415 -24.8614 6.4228 0.2597 -0.6578 0.7070 0.6297 0.4857
13 -21.1091 -7.8089 15.2986 0.2597 -0.6578 0.7070 0.5803 0.5153
poisongolem.tga
13 -21.1091 -7.8089 15.2986 0.6360 -0.7451 0.2010 0.5803 0.5153
13 -38.6231 -26.9984 -0.4156 0.6360 -0.7451 0.2010 0.6320 0.4627
13 -19.0053 -10.2467 -0.3924 0.6360 -0.7451 0.2010 0.5602 0.4974
poisongolem.tga
13 -38.6231 -26.9984 -0.4156 0.5250 -0.7722 0.3579 0.6320 0.4627
13 -21.1091 -7.8089 15.2986 0.5250 -0.7722 0.3579 0.5803 0.5153
13 -40.1415 -24.8614 6.4228 0.5250 -0.7722 0.3579 0.6404 0.4711
poisongolem.tga
13 -21.1091 -7.8089 15.2986 0.2476 0.6893 -0.6808 0.5012 0.1307
12 -4.8605 5.2942 34.4746 0.2476 0.6893 -0.6808 0.4432 0.2040
12 -15.7435 -10.4089 14.6177 0.2476 0.6893 -0.6808 0.4966 0.2020
poisongolem.tga
12 -4.8605 5.2942 34.4746 0.7966 -0.5077 -0.3281 0.4432 0.2040
13 -21.1091 -7.8089 15.2986 0.7966 -0.5077 -0.3281 0.5012 0.1307
12 -4.6940 15.2601 19.4577 0.7966 -0.5077 -0.3281 0.4487 0.1506
poisongolem.tga
13 -47.0816 21.2289 17.0712 -0.4316 0.8743 0.2220 0.6708 0.6037
13 -21.5556 38.2296 -0.2616 -0.4316 0.8743 0.2220 0.5910 0.6376
13 -50.8129 23.8216 -0.3928 -0.4316 0.8743 0.2220 0.6905 0.6166
poisongolem.tga
13 -40.9000 -1.8280 28.1312 0.1580 -0.7790 0.6067 0.6400 0.5372
13 -49.8140 -18.9847 8.4236 0.1580 -0.7790 0.6067 0.6675 0.4959
13 -32.9068 -4.2436 22.9484 0.1580 -0.7790 0.6067 0.6082 0.5231
poisongolem.tga
13 -49.8140 -18.9847 8.4236 -0.1312 -0.7176 0.6840 0.6675 0.4959
13 -40.9000 -1.8280 28.1312 -0.1312 -0.7176 0.6840 0.6400 0.5372
13 -57.2063 -16.2401 9.8845 -0.1312 -0.7176 0.6840 0.6949 0.5047
poisongolem.tga
13 -57.2063 -16.2401 9.8845 -0.6695 -0.0333 0.7421 0.6947 0.5080
13 -43.6405 8.3937 23.2280 -0.6695 -0.0333 0.7421 0.6516 0.5649
13 -59.0824 -11.9138 8.3860 -0.6695 -0.0333 0.7421 0.6996 0.5195
poisongolem.tga
13 -43.6405 8.3937 23.2280 -0.7770 0.0905 0.6229 0.6516 0.5649
13 -57.2063 -16.2401 9.8845 -0.7770 0.0905 0.6229 0.6947 0.5080
13 -40.9000 -1.8280 28.1312 -0.7770 0.0905 0.6229 0.6400 0.5372
poisongolem.tga
13 -58.5189 -18.6846 -0.4156 -0.9483 -0.2781 0.1532 0.7120 0.4972
13 -59.0824 -11.9138 8.3860 -0.9483 -0.2781 0.1532 0.6982 0.5260
13 -60.6063 -11.5659 -0.4157 -0.9483 -0.2781 0.1532 0.7159 0.5254
poisongolem.tga
13 -59.0824 -11.9138 8.3860 -0.9226 -0.3321 0.1964 0.6982 0.5260
13 -58.5189 -18.6846 -0.4156 -0.9226 -0.3321 0.1964 0.7120 0.4972
13 -57.2063 -16.2401 9.8845 -0.9226 -0.3321 0.1964 0.6927 0.5088
poisongolem.tga
13 -55.2534 -5.3295 4.9679 0.0082 -0.9862 0.1656 0.6994 0.5323
13 -61.8191 -6.2883 -0.4157 0.0082 -0.9862 0.1656 0.7179 0.5375
13 -56.4376 -6.0548 0.7078 0.0082 -0.9862 0.1656 0.7093 0.5326
poisongolem.tga
13 -61.8191 -6.2883 -0.4157 0.2432 -0.9619 -0.1253 0.7179 0.5375
13 -55.2534 -5.3295 4.9679 0.2432 -0.9619 -0.1253 0.6994 0.5323
13 -60.2203 -6.8990 7.3757 0.2432 -0.9619 -0.1253 0.7006 0.5381
poisongolem.tga
13 -56.4376 -6.0548 0.7078 -0.8243 0.5497 0.1355 0.7167 0.5315
13 -59.0824 -11.9138 8.3860 -0.8243 0.5497 0.1355 0.6982 0.5260
13 -55.2534 -5.3295 4.9679 -0.8243 0.5497 0.1355 0.7087 0.5326
poisongolem.tga
13 -59.0824 -11.9138 8.3860 -0.8026 0.5742 0.1617 0.6982 0.5260
13 -56.4376 -6.0548 0.7078 -0.8026 0.5742 0.1617 0.7167 0.5315
13 -60.6063 -11.5659 -0.4157 -0.8026 0.5742 0.1617 0.7159 0.5254
poisongolem.tga
13 -55.2534 -5.3295 4.9679 0.4322 -0.8312 0.3498 0.6994 0.5323
13 -43.6405 8.3937 23.2280 0.4322 -0.8312 0.3498 0.6516 0.5649
13 -60.2203 -6.8990 7.3757 0.4322 -0.8312 0.3498 0.7006 0.5381
poisongolem.tga
13 -45.7172 -22.2567 7.8081 -0.8709 0.2800 0.4038 0.6560 0.4909
13 -32.9068 -4.2436 22.9484 -0.8709 0.2800 0.4038 0.6082 0.5231
13 -45.4453 -17.0767 4.8031 -0.8709 0.2800 0.4038 0.6617 0.4934
poisongolem.tga
13 -46.2437 -18.7008 2.2953 -0.9656 0.1665 0.1996 0.6730 0.4789
13 -45.7172 -22.2567 7.8081 -0.9656 0.1665 0.1996 0.6560 0.4909
13 -45.4453 -17.0767 4.8031 -0.9656 0.1665 0.1996 0.6714 0.4829
poisongolem.tga
13 -45.7172 -22.2567 7.8081 -0.9963 -0.0710 0.0494 0.6560 0.4909
13 -46.2437 -18.7008 2.2953 -0.9963 -0.0710 0.0494 0.6730 0.4789
13 -45.9778 -24.3200 -0.4156 -0.9963 -0.0710 0.0494 0.6671 0.4765
poisongolem.tga
13 -45.4453 -17.0767 4.8031 0.2223 -0.8491 0.4792 0.6617 0.4934
13 -50.1143 -21.2439 -0.4156 0.2223 -0.8491 0.4792 0.6788 0.4812
13 -46.2437 -18.7008 2.2953 0.2223 -0.8491 0.4792 0.6672 0.4883
poisongolem.tga
13 -50.1143 -21.2439 -0.4156 0.5234 -0.8297 0.1943 0.6788 0.4812
13 -45.4453 -17.0767 4.8031 0.5234 -0.8297 0.1943 0.6617 0.4934
13 -49.8140 -18.9847 8.4236 0.5234 -0.8297 0.1943 0.6675 0.4959
poisongolem.tga
13 -45.4453 -17.0767 4.8031 0.5329 -0.8194 0.2112 0.6617 0.4934
13 -32.9068 -4.2436 22.9484 0.5329 -0.8194 0.2112 0.6082 0.5231
13 -49.8140 -18.9847 8.4236 0.5329 -0.8194 0.2112 0.6675 0.4959
poisongolem.tga
13 -32.9068 -4.2436 22.9484 0.0292 0.8830 -0.4685 0.5362 0.1301
12 -44.5103 -2.8969 12.0160 0.2413 0.9606 -0.1378 0.5746 0.2001
13 -40.9000 -1.8280 28.1312 0.2193 0.9690 -0.1134 0.5715 0.1581
poisongolem.tga
13 -32.9068 -4.2436 22.9484 0.0292 0.8830 -0.4685 0.5362 0.1301
12 -15.7435 -10.4089 14.6177 -0.3643 0.2113 -0.9070 0.4966 0.2020
12 -44.5103 -2.8969 12.0160 0.2413 0.9606 -0.1378 0.5746 0.2001
poisongolem.tga
13 -32.9068 -4.2436 22.9484 0.0292 0.8830 -0.4685 0.5362 0.1301
13 -21.1091 -7.8089 15.2986 -0.4467 -0.8445 -0.2953 0.5012 0.1307
12 -15.7435 -10.4089 14.6177 -0.3643 0.2113 -0.9070 0.4966 0.2020
poisongolem.tga
13 -59.0824 -11.9138 8.3860 -0.8303 0.5445 0.1188 0.6982 0.5260
13 -43.6405 8.3937 23.2280 -0.8303 0.5445 0.1188 0.6516 0.5649
13 -55.2534 -5.3295 4.9679 -0.8303 0.5445 0.1188 0.6994 0.5323
poisongolem.tga
12 -40.9293 -18.6620 50.6280 -0.3797 -0.8096 0.4476 0.4717 0.4260
12 -51.7079 -5.1691 49.9880 -0.5435 -0.0582 0.8374 0.6355 0.4469
12 -52.1514 -12.0871 43.2223 -0.9059 -0.4055 0.1217 0.5928 0.3676
poisongolem.tga
12 -51.7079 -5.1691 49.9880 -0.5435 -0.0582 0.8374 0.6355 0.4469
12 -40.9293 -18.6620 50.6280 -0.3797 -0.8096 0.4476 0.4717 0.4260
12 -34.0216 -0.6097 58.2718 -0.4203 -0.0179 0.9072 0.5223 0.5979
poisongolem.tga
12 -34.0216 -0.6097 58.2718 0.4841 -0.1876 0.8547 0.5223 0.5979
12 -40.9293 -18.6620 50.6280 0.0879 -0.4167 0.9048 0.4717 0.4260
12 -22.7771 -16.6575 49.7875 0.4128 -0.1825 0.8923 0.3292 0.5109
poisongolem.tga
12 -27.1485 -23.0733 40.7319 0.2417 -0.9080 0.3422 0.3194 0.4035
12 -40.9293 -18.6620 50.6280 -0.3797 -0.8096 0.4476 0.4717 0.4260
12 -34.3269 -22.1868 40.1916 -0.2235 -0.9737 -0.0433 0.3838 0.3736
poisongolem.tga
12 -40.9293 -18.6620 50.6280 -0.3797 -0.8096 0.4476 0.4717 0.4260
12 -27.1485 -23.0733 40.7319 0.2417 -0.9080 0.3422 0.3194 0.4035
12 -22.7771 -16.6575 49.7875 0.5951 -0.7487 0.2921 0.3292 0.5109
poisongolem.tga
12 -48.1029 -16.2951 29.6756 -0.3326 -0.9368 -0.1086 0.5187 0.2818
12 -40.9293 -18.6620 50.6280 -0.3797 -0.8096 0.4476 0.4717 0.4260
12 -52.1514 -12.0871 43.2223 -0.9059 -0.4055 0.1217 0.5928 0.3676
poisongolem.tga
12 -40.9293 -18.6620 50.6280 -0.3797 -0.8096 0.4476 0.4717 0.4260
12 -48.1029 -16.2951 29.6756 -0.3326 -0.9368 -0.1086 0.5187 0.2818
12 -34.3269 -22.1868 40.1916 -0.2235 -0.9737 -0.0433 0.3838 0.3736
poisongolem.tga
13 -47.0816 21.2289 17.0712 -0.5784 0.8140 -0.0535 0.6518 0.1437
12 -19.7168 41.7250 33.0597 -0.5784 0.8140 -0.0535 0.7395 0.1456
13 -21.5556 38.2296 -0.2616 -0.5784 0.8140 -0.0535 0.7334 0.0930
poisongolem.tga
12 -19.7168 41.7250 33.0597 0.9242 0.3711 -0.0899 0.3802 0.1471
13 -10.9598 11.8047 -0.3932 0.9242 0.3711 -0.0899 0.4547 0.0926
13 -21.5556 38.2296 -0.2616 0.9242 0.3711 -0.0899 0.3956 0.0963
poisongolem.tga
13 -10.9598 11.8047 -0.3932 0.7353 0.5894 -0.3347 0.4547 0.0926
12 -19.7168 41.7250 33.0597 0.7353 0.5894 -0.3347 0.3802 0.1471
12 -4.6940 15.2601 19.4577 0.7353 0.5894 -0.3347 0.4487 0.1506
poisongolem.tga
12 -4.6940 15.2601 19.4577 0.8176 -0.5526 -0.1619 0.4487 0.1506
13 -21.1091 -7.8089 15.2986 0.8176 -0.5526 -0.1619 0.5012 0.1307
13 -10.9598 11.8047 -0.3932 0.8176 -0.5526 -0.1619 0.4547 0.0926
poisongolem.tga
5 61.5118 -10.0332 0.5561 -0.0013 0.0006 -1.0000 0.7072 0.0471
5 68.6821 -35.3933 0.5320 -0.0013 0.0006 -1.0000 0.6975 0.0287
5 65.7405 -41.8107 0.5319 -0.0013 0.0006 -1.0000 0.6899 0.0273
poisongolem.tga
5 60.5374 -40.4179 1.6555 -0.1738 0.0957 -0.9801 0.6852 0.0316
5 63.4144 -46.7005 0.5318 -0.1738 0.0957 -0.9801 0.6853 0.0265
5 59.8361 -53.1984 0.5317 -0.1738 0.0957 -0.9801 0.6794 0.0257
poisongolem.tga
5 59.8361 -53.1984 0.5317 -0.0469 0.6040 -0.7956 0.6794 0.0257
5 51.0775 -53.8778 0.5317 -0.0469 0.6040 -0.7956 0.6712 0.0315
5 47.8492 -50.5572 3.2426 -0.0469 0.6040 -0.7956 0.6694 0.0354
poisongolem.tga
5 60.5374 -40.4179 1.6555 -0.1992 0.0967 -0.9752 0.0000 0.0000
5 59.8361 -53.1984 0.5317 -0.1992 0.0967 -0.9752 1.0000 0.0000
5 47.8492 -50.5572 3.2426 -0.1992 0.0967 -0.9752 0.0000 1.0000
poisongolem.tga
5 47.8492 -50.5572 3.2426 -0.0605 0.4591 -0.8863 0.6694 0.0354
5 46.3737 -55.9855 0.5317 -0.0605 0.4591 -0.8863 0.6676 0.0338
5 38.6142 -57.0084 0.5318 -0.0605 0.4591 -0.8863 0.6604 0.0387
poisongolem.tga
5 38.6142 -57.0084 0.5318 -0.0019 -0.0002 -1.0000 0.6604 0.0387
5 23.0880 -36.4080 0.5558 -0.0019 -0.0002 -1.0000 0.6540 0.0600
5 20.0058 -13.1386 0.5559 -0.0019 -0.0002 -1.0000 0.6596 0.0740
poisongolem.tga
5 47.8492 -50.5572 3.2426 0.2196 0.0937 -0.9711 0.0000 0.0000
5 38.6142 -57.0084 0.5318 0.2196 0.0937 -0.9711 1.0000 0.0000
5 20.0058 -13.1386 0.5559 0.2196 0.0937 -0.9711 0.0000 1.0000
poisongolem.tga
5 60.5374 -40.4179 1.6555 -0.0422 -0.1028 -0.9938 0.0000 0.0000
5 47.8492 -50.5572 3.2426 -0.0422 -0.1028 -0.9938 1.0000 0.0000
5 20.0058 -13.1386 0.5559 -0.0422 -0.1028 -0.9938 0.0000 1.0000
poisongolem.tga
5 65.7405 -41.8107 0.5319 -0.3073 -0.4894 -0.8161 0.6899 0.0273
5 60.5374 -40.4179 1.6555 -0.3073 -0.4894 -0.8161 0.6852 0.0316
5 20.0058 -13.1386 0.5559 -0.3073 -0.4894 -0.8161 0.6596 0.0740
poisongolem.tga
5 61.5118 -10.0332 0.5561 -0.0001 0.0008 -1.0000 0.0000 0.0000
5 65.7405 -41.8107 0.5319 -0.0001 0.0008 -1.0000 1.0000 0.0000
5 20.0058 -13.1386 0.5559 -0.0001 0.0008 -1.0000 0.0000 1.0000
poisongolem.tga
5 61.5118 -10.0332 0.5561 -0.0004 0.0059 -1.0000 0.7072 0.0471
5 20.0058 -13.1386 0.5559 -0.0004 0.0059 -1.0000 0.6596 0.0740
5 36.0682 10.3656 0.6882 -0.0004 0.0059 -1.0000 0.6934 0.0755
poisongolem.tga
4 51.7200 -26.2780 63.0662 0.4256 0.1525 0.8920 0.6362 0.3007
4 57.2484 -23.4827 57.0921 0.5246 0.4739 0.7072 0.6411 0.2645
4 33.7032 1.5769 57.7666 0.4705 0.4489 0.7597 0.7342 0.2554
poisongolem.tga
4 33.7032 1.5769 57.7666 0.4705 0.4489 0.7597 0.7342 0.2554
4 35.2054 -15.2221 65.7588 0.3117 0.2418 0.9189 0.7394 0.2957
4 51.7200 -26.2780 63.0662 0.4256 0.1525 0.8920 0.6362 0.3007
poisongolem.tga
4 35.2054 -15.2221 65.7588 -0.5957 0.2626 0.7590 0.3757 0.2957
4 33.7032 1.5769 57.7666 -0.7071 0.2512 0.6610 0.3705 0.2554
4 17.5219 -23.0729 49.8236 -0.7067 0.3789 0.5976 0.4532 0.2545
poisongolem.tga
4 17.5219 -23.0729 49.8236 -0.7067 0.3789 0.5976 0.4532 0.2545
4 20.9214 -30.4879 61.4141 -0.5297 0.2664 0.8053 0.4351 0.2909
4 35.2054 -15.2221 65.7588 -0.5957 0.2626 0.7590 0.3757 0.2957
poisongolem.tga
4 20.9214 -30.4879 61.4141 -0.7994 -0.4334 0.4160 0.4645 0.2963
4 17.5219 -23.0729 49.8236 -0.9597 -0.2547 0.1185 0.4532 0.2545
4 22.4169 -42.9102 46.8252 -0.9189 -0.3418 0.1968 0.5056 0.2659
poisongolem.tga
4 22.4169 -42.9102 46.8252 -0.9189 -0.3418 0.1968 0.5056 0.2659
4 24.2485 -40.6591 56.1460 -0.5083 -0.6330 0.5839 0.4945 0.2919
4 20.9214 -30.4879 61.4141 -0.7994 -0.4334 0.4160 0.4645 0.2963
poisongolem.tga
4 49.0462 -37.2539 26.0363 0.8571 -0.5151 0.0020 0.5746 0.2001
4 66.2728 -12.8496 36.7946 0.8057 -0.5903 0.0490 0.6708 0.2089
4 57.2484 -23.4827 57.0921 0.8571 -0.5151 0.0020 0.6411 0.2645
poisongolem.tga
4 57.2484 -23.4827 57.0921 0.8571 -0.5151 0.0020 0.6411 0.2645
4 47.2071 -43.2903 47.5877 0.8996 -0.4345 -0.0449 0.5708 0.2538
4 49.0462 -37.2539 26.0363 0.8571 -0.5151 0.0020 0.5746 0.2001
poisongolem.tga
4 66.2728 -12.8496 36.7946 0.6086 0.5666 0.5554 0.6708 0.2089
4 36.0384 15.5412 40.5008 0.6075 0.5754 0.5476 0.7448 0.1913
4 33.7032 1.5769 57.7666 0.6086 0.5666 0.5554 0.7342 0.2554
poisongolem.tga
4 33.7032 1.5769 57.7666 0.6086 0.5666 0.5554 0.7342 0.2554
4 57.2484 -23.4827 57.0921 0.6097 0.5577 0.5632 0.6411 0.2645
4 66.2728 -12.8496 36.7946 0.6086 0.5666 0.5554 0.6708 0.2089
poisongolem.tga
4 33.7032 1.5769 57.7666 -0.7484 0.4493 0.4879 0.3705 0.2554
4 36.0384 15.5412 40.5008 -0.7232 0.5816 0.3725 0.3667 0.1913
4 11.1072 -12.8025 36.3487 -0.7484 0.4493 0.4879 0.4432 0.2040
poisongolem.tga
4 11.1072 -12.8025 36.3487 -0.7484 0.4493 0.4879 0.4432 0.2040
4 17.5219 -23.0729 49.8236 -0.7500 0.3029 0.5879 0.4330 0.2569
4 33.7032 1.5769 57.7666 -0.7484 0.4493 0.4879 0.3705 0.2554
poisongolem.tga
4 19.2069 -36.8519 25.6091 -0.9430 -0.3132 0.1126 0.4966 0.2020
4 22.4169 -42.9102 46.8252 -0.9655 -0.2495 0.0748 0.4999 0.2503
4 17.5219 -23.0729 49.8236 -0.9430 -0.3132 0.1126 0.4330 0.2569
poisongolem.tga
4 17.5219 -23.0729 49.8236 -0.9430 -0.3132 0.1126 0.4330 0.2569
4 11.1072 -12.8025 36.3487 -0.9149 -0.3750 0.1497 0.4432 0.2040
4 19.2069 -36.8519 25.6091 -0.9430 -0.3132 0.1126 0.4966 0.2020
poisongolem.tga
4 19.2069 -36.8519 25.6091 -0.0077 -0.9622 -0.2721 0.4966 0.2020
4 49.0462 -37.2539 26.0363 -0.0091 -0.9627 -0.2704 0.5746 0.2001
4 47.2071 -43.2903 47.5877 -0.0077 -0.9622 -0.2721 0.5708 0.2538
poisongolem.tga
4 47.2071 -43.2903 47.5877 -0.0077 -0.9622 -0.2721 0.5708 0.2538
4 22.4169 -42.9102 46.8252 -0.0063 -0.9618 -0.2737 0.4999 0.2503
4 19.2069 -36.8519 25.6091 -0.0077 -0.9622 -0.2721 0.4966 0.2020
poisongolem.tga
4 24.2485 -40.6591 56.1460 -0.5083 -0.6330 0.5839 0.5003 0.2913
4 22.4169 -42.9102 46.8252 -0.0222 -0.9708 0.2388 0.5056 0.2659
4 47.2071 -43.2903 47.5877 0.0773 -0.9545 0.2881 0.5674 0.2479
poisongolem.tga
4 47.2071 -43.2903 47.5877 0.0773 -0.9545 0.2881 0.5674 0.2479
4 31.4185 -41.6054 56.6956 -0.0434 -0.9393 0.3404 0.5181 0.2864
4 24.2485 -40.6591 56.1460 -0.5083 -0.6330 0.5839 0.5003 0.2913
poisongolem.tga
4 47.2071 -43.2903 47.5877 0.0773 -0.9545 0.2881 0.5674 0.2479
4 57.2484 -23.4827 57.0921 0.7219 -0.5606 0.4057 0.6411 0.2645
4 51.7200 -26.2780 63.0662 0.4256 0.1525 0.8920 0.6362 0.3007
poisongolem.tga
4 51.7200 -26.2780 63.0662 0.4256 0.1525 0.8920 0.6362 0.3007
4 50.9294 -35.1822 59.3355 0.7477 -0.5115 0.4234 0.6411 0.2645
4 47.2071 -43.2903 47.5877 0.0773 -0.9545 0.2881 0.5674 0.2479
poisongolem.tga
4 66.2728 -12.8496 36.7946 0.5931 -0.3039 -0.7456 0.6708 0.2089
4 49.0462 -37.2539 26.0363 -0.1664 0.4937 -0.8535 0.5746 0.2001
5 46.2835 -32.9274 29.0775 0.4116 -0.0603 -0.9094 0.5715 0.1581
poisongolem.tga
4 66.2728 -12.8496 36.7946 0.5931 -0.3039 -0.7456 0.6708 0.2089
5 46.2835 -32.9274 29.0775 0.4116 -0.0603 -0.9094 0.5715 0.1581
5 51.1709 -23.5416 24.1749 0.7245 -0.5755 -0.3794 0.6013 0.1451
poisongolem.tga
4 66.2728 -12.8496 36.7946 0.5931 -0.3039 -0.7456 0.6708 0.2089
5 51.1709 -23.5416 24.1749 0.7245 -0.5755 -0.3794 0.6013 0.1451
5 57.3079 -11.7561 18.0188 0.7245 -0.5755 -0.3794 0.6518 0.1437
poisongolem.tga
5 57.3079 -11.7561 18.0188 0.7839 0.6207 -0.0120 0.6518 0.1437
4 35.2746 16.2094 25.2056 0.7839 0.6207 -0.0120 0.7395 0.1456
4 36.0384 15.5412 40.5008 0.7839 0.6207 -0.0120 0.7448 0.1913
poisongolem.tga
4 36.0384 15.5412 40.5008 0.6426 0.7189 -0.2650 0.7448 0.1913
4 66.2728 -12.8496 36.7946 0.6426 0.7189 -0.2650 0.6708 0.2089
5 57.3079 -11.7561 18.0188 0.6426 0.7189 -0.2650 0.6518 0.1437
poisongolem.tga
4 36.0384 15.5412 40.5008 -0.7927 0.6060 0.0661 0.3667 0.1913
4 35.2746 16.2094 25.2056 -0.7927 0.6060 0.0661 0.3802 0.1471
4 15.0559 -9.5696 19.0626 -0.7927 0.6060 0.0661 0.4487 0.1506
poisongolem.tga
4 15.0559 -9.5696 19.0626 -0.7467 0.6636 -0.0465 0.4487 0.1506
4 11.1072 -12.8025 36.3487 -0.7467 0.6636 -0.0465 0.4432 0.2040
4 36.0384 15.5412 40.5008 -0.7467 0.6636 -0.0465 0.3667 0.1913
poisongolem.tga
5 20.0058 -13.1386 0.5559 -0.9758 -0.1293 0.1764 0.5426 0.5577
5 23.0880 -36.4080 0.5558 -0.9758 -0.1293 0.1764 0.5602 0.4974
5 25.6691 -34.4829 16.2459 -0.9758 -0.1293 0.1764 0.5803 0.5153
poisongolem.tga
5 51.2731 -51.6070 9.3704 0.0749 -0.9662 0.2466 0.6675 0.4959
5 51.0775 -53.8778 0.5317 0.0749 -0.9662 0.2466 0.6792 0.4856
5 59.8361 -53.1984 0.5317 0.0749 -0.9662 0.2466 0.7120 0.4972
poisongolem.tga
5 59.8361 -53.1984 0.5317 0.0852 -0.9629 0.2559 0.7120 0.4972
5 59.0835 -50.5275 10.8313 0.0852 -0.9629 0.2559 0.6947 0.5080
5 51.2731 -51.6070 9.3704 0.0852 -0.9629 0.2559 0.6675 0.4959
poisongolem.tga
5 46.3737 -55.9855 0.5317 0.1584 -0.9583 0.2377 0.6671 0.4765
5 46.5657 -53.9145 8.7550 0.1584 -0.9583 0.2377 0.6547 0.5005
5 40.5589 -55.2506 7.3697 0.1584 -0.9583 0.2377 0.6297 0.4857
poisongolem.tga
5 40.5589 -55.2506 7.3697 0.1277 -0.9687 0.2127 0.6297 0.4857
5 38.6142 -57.0084 0.5318 0.1277 -0.9687 0.2127 0.6320 0.4627
5 46.3737 -55.9855 0.5317 0.1277 -0.9687 0.2127 0.6671 0.4765
poisongolem.tga
5 65.7405 -41.8107 0.5319 0.8862 -0.4062 0.2229 0.7179 0.5375
5 68.6821 -35.3933 0.5320 0.8862 -0.4062 0.2229 0.7159 0.5642
5 66.6933 -36.3535 6.6896 0.8862 -0.4062 0.2229 0.7024 0.5611
poisongolem.tga
5 66.6933 -36.3535 6.6896 0.9106 -0.3689 0.1861 0.7024 0.5611
5 64.0474 -42.0606 8.3229 0.9106 -0.3689 0.1861 0.7006 0.5381
5 65.7405 -41.8107 0.5319 0.9106 -0.3689 0.1861 0.7179 0.5375
poisongolem.tga
5 61.5118 -10.0332 0.5561 0.9374 0.2427 0.2496 0.6905 0.6166
5 57.3079 -11.7561 18.0188 0.9374 0.2427 0.2496 0.6708 0.6037
5 66.6933 -36.3535 6.6896 0.9374 0.2427 0.2496 0.7024 0.5611
poisongolem.tga
5 66.6933 -36.3535 6.6896 0.9074 0.2562 0.3330 0.7024 0.5611
5 68.6821 -35.3933 0.5320 0.9074 0.2562 0.3330 0.7094 0.5661
5 61.5118 -10.0332 0.5561 0.9074 0.2562 0.3330 0.6905 0.6166
poisongolem.tga
5 64.0474 -42.0606 8.3229 0.6593 -0.0921 0.7462 0.7006 0.5381
5 66.6933 -36.3535 6.6896 0.6593 -0.0921 0.7462 0.7071 0.5557
5 57.3079 -11.7561 18.0188 0.6593 -0.0921 0.7462 0.6708 0.6037
poisongolem.tga
5 57.3079 -11.7561 18.0188 0.7491 -0.0449 0.6609 0.6708 0.6037
5 51.1709 -23.5416 24.1749 0.7491 -0.0449 0.6609 0.6516 0.5649
5 64.0474 -42.0606 8.3229 0.7491 -0.0449 0.6609 0.7006 0.5381
poisongolem.tga
5 40.5589 -55.2506 7.3697 -0.0472 -0.6088 0.7919 0.6297 0.4857
5 46.5657 -53.9145 8.7550 -0.0472 -0.6088 0.7919 0.6416 0.4884
5 37.9578 -33.5556 23.8951 -0.0472 -0.6088 0.7919 0.6082 0.5231
poisongolem.tga
5 37.9578 -33.5556 23.8951 -0.3959 -0.5860 0.7070 0.6082 0.5231
5 25.6691 -34.4829 16.2459 -0.3959 -0.5860 0.7070 0.5803 0.5153
5 40.5589 -55.2506 7.3697 -0.3959 -0.5860 0.7070 0.6297 0.4857
poisongolem.tga
5 25.6691 -34.4829 16.2459 -0.7822 -0.5897 0.2010 0.5803 0.5153
5 23.0880 -36.4080 0.5558 -0.7822 -0.5897 0.2010 0.5602 0.4974
5 38.6142 -57.0084 0.5318 -0.7822 -0.5897 0.2010 0.6320 0.4627
poisongolem.tga
5 38.6142 -57.0084 0.5318 -0.6797 -0.6403 0.3579 0.6320 0.4627
5 40.5589 -55.2506 7.3697 -0.6797 -0.6403 0.3579 0.6404 0.4711
5 25.6691 -34.4829 16.2459 -0.6797 -0.6403 0.3579 0.5803 0.5153
poisongolem.tga
5 25.6691 -34.4829 16.2459 -0.8203 -0.0211 -0.5715 0.5012 0.1307
4 19.2069 -36.8519 25.6091 -0.8203 -0.0211 -0.5715 0.4966 0.2020
4 11.1072 -12.8025 36.3487 -0.8203 -0.0211 -0.5715 0.4432 0.2040
poisongolem.tga
4 11.1072 -12.8025 36.3487 -0.8963 -0.3513 -0.2705 0.4432 0.2040
4 15.0559 -9.5696 19.0626 -0.8963 -0.3513 -0.2705 0.4487 0.1506
5 25.6691 -34.4829 16.2459 -0.8963 -0.3513 -0.2705 0.5012 0.1307
poisongolem.tga
5 57.3079 -11.7561 18.0188 0.6106 0.7602 0.2220 0.6708 0.6037
5 61.5118 -10.0332 0.5561 0.6106 0.7602 0.2220 0.6905 0.6166
5 36.0682 10.3656 0.6882 0.6106 0.7602 0.2220 0.5910 0.6376
poisongolem.tga
5 46.2835 -32.9274 29.0775 -0.3229 -0.7264 0.6068 0.6400 0.5372
5 37.9578 -33.5556 23.8951 -0.3229 -0.7264 0.6068 0.6082 0.5231
5 51.2731 -51.6070 9.3704 -0.3229 -0.7264 0.6068 0.6675 0.4959
poisongolem.tga
5 51.2731 -51.6070 9.3704 -0.0272 -0.7289 0.6840 0.6675 0.4959
5 59.0835 -50.5275 10.8313 -0.0272 -0.7289 0.6840 0.6949 0.5047
5 46.2835 -32.9274 29.0775 -0.0272 -0.7289 0.6840 0.6400 0.5372
poisongolem.tga
5 59.0835 -50.5275 10.8313 0.6464 -0.1774 0.7421 0.6947 0.5080
5 61.8514 -46.7100 9.3330 0.6464 -0.1774 0.7421 0.6996 0.5195
5 51.1709 -23.5416 24.1749 0.6464 -0.1774 0.7421 0.6516 0.5649
poisongolem.tga
5 51.1709 -23.5416 24.1749 0.7782 -0.0798 0.6229 0.6516 0.5649
5 46.2835 -32.9274 29.0775 0.7782 -0.0798 0.6229 0.6400 0.5372
5 59.0835 -50.5275 10.8313 0.7782 -0.0798 0.6229 0.6947 0.5080
poisongolem.tga
5 59.8361 -53.1984 0.5317 0.8656 -0.4767 0.1532 0.7120 0.4972
5 63.4144 -46.7005 0.5318 0.8656 -0.4767 0.1532 0.7159 0.5254
5 61.8514 -46.7100 9.3330 0.8656 -0.4767 0.1532 0.6982 0.5260
poisongolem.tga
5 61.8514 -46.7100 9.3330 0.8288 -0.5239 0.1964 0.6982 0.5260
5 59.0835 -50.5275 10.8313 0.8288 -0.5239 0.1964 0.6927 0.5088
5 59.8361 -53.1984 0.5317 0.8288 -0.5239 0.1964 0.7120 0.4972
poisongolem.tga
5 59.5382 -39.4533 5.9153 -0.2215 -0.9610 0.1657 0.6994 0.5323
5 60.5374 -40.4179 1.6555 -0.2215 -0.9610 0.1657 0.7093 0.5326
5 65.7405 -41.8107 0.5319 -0.2215 -0.9610 0.1657 0.7179 0.5375
poisongolem.tga
5 65.7405 -41.8107 0.5319 -0.4456 -0.8864 -0.1253 0.7179 0.5375
5 64.0474 -42.0606 8.3229 -0.4456 -0.8864 -0.1253 0.7006 0.5381
5 59.5382 -39.4533 5.9153 -0.4456 -0.8864 -0.1253 0.6994 0.5323
poisongolem.tga
5 60.5374 -40.4179 1.6555 0.9237 0.3583 0.1355 0.7167 0.5315
5 59.5382 -39.4533 5.9153 0.9237 0.3583 0.1355 0.7087 0.5326
5 61.8514 -46.7100 9.3330 0.9237 0.3583 0.1355 0.6982 0.5260
poisongolem.tga
5 61.8514 -46.7100 9.3330 0.9079 0.3868 0.1616 0.6982 0.5260
5 63.4144 -46.7005 0.5318 0.9079 0.3868 0.1616 0.7159 0.5254
5 60.5374 -40.4179 1.6555 0.9079 0.3868 0.1616 0.7167 0.5315
poisongolem.tga
5 59.5382 -39.4533 5.9153 -0.6019 -0.7179 0.3498 0.6994 0.5323
5 64.0474 -42.0606 8.3229 -0.6019 -0.7179 0.3498 0.7006 0.5381
5 51.1709 -23.5416 24.1749 -0.6019 -0.7179 0.3498 0.6516 0.5649
poisongolem.tga
5 46.5657 -53.9145 8.7550 0.9109 0.0848 0.4038 0.6560 0.4909
5 47.4212 -48.7987 5.7503 0.9109 0.0848 0.4038 0.6617 0.4934
5 37.9578 -33.5556 23.8951 0.9109 0.0848 0.4038 0.6082 0.5231
poisongolem.tga
5 47.8492 -50.5572 3.2426 0.9788 -0.0465 0.1996 0.6730 0.4789
5 47.4212 -48.7987 5.7503 0.9788 -0.0465 0.1996 0.6714 0.4829
5 46.5657 -53.9145 8.7550 0.9788 -0.0465 0.1996 0.6560 0.4909
poisongolem.tga
5 46.5657 -53.9145 8.7550 0.9573 -0.2849 0.0494 0.6560 0.4909
5 46.3737 -55.9855 0.5317 0.9573 -0.2849 0.0494 0.6671 0.4765
5 47.8492 -50.5572 3.2426 0.9573 -0.2849 0.0494 0.6730 0.4789
poisongolem.tga
5 47.4212 -48.7987 5.7503 -0.4008 -0.7809 0.4792 0.6617 0.4934
5 47.8492 -50.5572 3.2426 -0.4008 -0.7809 0.4792 0.6672 0.4883
5 51.0775 -53.8778 0.5317 -0.4008 -0.7809 0.4792 0.6788 0.4812
poisongolem.tga
5 51.0775 -53.8778 0.5317 -0.6905 -0.6967 0.1943 0.6788 0.4812
5 51.2731 -51.6070 9.3704 -0.6905 -0.6967 0.1943 0.6675 0.4959
5 47.4212 -48.7987 5.7503 -0.6905 -0.6967 0.1943 0.6617 0.4934
poisongolem.tga
5 47.4212 -48.7987 5.7503 -0.6976 -0.6846 0.2113 0.6617 0.4934
5 51.2731 -51.6070 9.3704 -0.6976 -0.6846 0.2113 0.6675 0.4959
5 37.9578 -33.5556 23.8951 -0.6976 -0.6846 0.2113 0.6082 0.5231
poisongolem.tga
5 37.9578 -33.5556 23.8951 0.2709 -0.4132 -0.8694 0.5362 0.1301
5 46.2835 -32.9274 29.0775 0.3509 0.6780 -0.6459 0.5715 0.1581
4 49.0462 -37.2539 26.0363 0.2270 0.1211 -0.9663 0.5746 0.2001
poisongolem.tga
5 37.9578 -33.5556 23.8951 0.2709 -0.4132 -0.8694 0.5362 0.1301
4 49.0462 -37.2539 26.0363 0.2270 0.1211 -0.9663 0.5746 0.2001
4 19.2069 -36.8519 25.6091 0.0924 -0.8197 -0.5652 0.4966 0.2020
poisongolem.tga
5 37.9578 -33.5556 23.8951 0.2709 -0.4132 -0.8694 0.5362 0.1301
4 19.2069 -36.8519 25.6091 0.0924 -0.8197 -0.5652 0.4966 0.2020
5 25.6691 -34.4829 16.2459 0.1593 -0.9776 -0.1374 0.5012 0.1307
poisongolem.tga
5 61.8514 -46.7100 9.3330 0.9285 0.3519 0.1188 0.6982 0.5260
5 59.5382 -39.4533 5.9153 0.9285 0.3519 0.1188 0.6994 0.5323
5 51.1709 -23.5416 24.1749 0.9285 0.3519 0.1188 0.6516 0.5649
poisongolem.tga
4 37.7010 -35.8499 66.3049 0.1037 -0.6371 0.7638 0.4717 0.4260
4 50.9294 -35.1822 59.3355 0.7477 -0.5115 0.4234 0.5928 0.3676
4 51.7200 -26.2780 63.0662 0.4256 0.1525 0.8920 0.6355 0.4469
poisongolem.tga
4 51.7200 -26.2780 63.0662 0.4256 0.1525 0.8920 0.6355 0.4469
4 35.2054 -15.2221 65.7588 0.3117 0.2418 0.9189 0.5223 0.5979
4 37.7010 -35.8499 66.3049 0.1037 -0.6371 0.7638 0.4717 0.4260
poisongolem.tga
4 35.2054 -15.2221 65.7588 -0.5957 0.2626 0.7590 0.5223 0.5979
4 20.9214 -30.4879 61.4141 -0.5297 0.2664 0.8053 0.3292 0.5109
4 37.7010 -35.8499 66.3049 -0.2824 -0.0088 0.9593 0.4717 0.4260
poisongolem.tga
4 24.2485 -40.6591 56.1460 -0.5083 -0.6330 0.5839 0.3194 0.4035
4 31.4185 -41.6054 56.6956 -0.0434 -0.9393 0.3404 0.3838 0.3736
4 37.7010 -35.8499 66.3049 0.1037 -0.6371 0.7638 0.4717 0.4260
poisongolem.tga
4 37.7010 -35.8499 66.3049 0.1037 -0.6371 0.7638 0.4717 0.4260
4 20.9214 -30.4879 61.4141 -0.7994 -0.4334 0.4160 0.3292 0.5109
4 24.2485 -40.6591 56.1460 -0.5083 -0.6330 0.5839 0.3194 0.4035
poisongolem.tga
4 47.2071 -43.2903 47.5877 0.0773 -0.9545 0.2881 0.5187 0.2818
4 50.9294 -35.1822 59.3355 0.7477 -0.5115 0.4234 0.5928 0.3676
4 37.7010 -35.8499 66.3049 0.1037 -0.6371 0.7638 0.4717 0.4260
poisongolem.tga
4 37.7010 -35.8499 66.3049 0.1037 -0.6371 0.7638 0.4717 0.4260
4 31.4185 -41.6054 56.6956 -0.0434 -0.9393 0.3404 0.3838 0.3736
4 47.2071 -43.2903 47.5877 0.0773 -0.9545 0.2881 0.5187 0.2818
poisongolem.tga
5 57.3079 -11.7561 18.0188 0.7632 0.6337 -0.1264 0.6518 0.1437
5 36.0682 10.3656 0.6882 0.7632 0.6337 -0.1264 0.7334 0.0930
4 35.2746 16.2094 25.2056 0.7632 0.6337 -0.1264 0.7395 0.1456
poisongolem.tga
4 35.2746 16.2094 25.2056 -0.8147 0.5576 -0.1593 0.3802 0.1471
5 36.0682 10.3656 0.6882 -0.8147 0.5576 -0.1593 0.3956 0.0963
5 20.0058 -13.1386 0.5559 -0.8147 0.5576 -0.1593 0.4547 0.0926
poisongolem.tga
5 20.0058 -13.1386 0.5559 -0.7102 0.6313 -0.3117 0.4547 0.0926
4 15.0559 -9.5696 19.0626 -0.7102 0.6313 -0.3117 0.4487 0.1506
4 35.2746 16.2094 25.2056 -0.7102 0.6313 -0.3117 0.3802 0.1471
poisongolem.tga
4 15.0559 -9.5696 19.0626 -0.9130 -0.3694 -0.1730 0.4487 0.1506
5 20.0058 -13.1386 0.5559 -0.9130 -0.3694 -0.1730 0.4547 0.0926
5 25.6691 -34.4829 16.2459 -0.9130 -0.3694 -0.1730 0.5012 0.1307
poisongolem.tga
35 80.6759 36.8931 14.9561 -0.0503 0.9821 -0.1816 0.2726 0.1093
34 82.9607 42.7076 33.9977 0.0611 0.9525 -0.2982 0.3200 0.0740
34 96.4234 40.3215 29.1325 -0.0503 0.9821 -0.1816 0.3191 0.0326
poisongolem.tga
34 96.4234 40.3215 29.1325 -0.0503 0.9821 -0.1816 0.3191 0.0326
35 90.1487 38.2923 12.6330 -0.1603 0.9852 -0.0602 0.2798 0.0737
35 80.6759 36.8931 14.9561 -0.0503 0.9821 -0.1816 0.2726 0.1093
poisongolem.tga
34 82.9607 42.7076 33.9977 0.1212 0.9910 -0.0570 0.0552 0.2456
30 78.1721 43.3702 48.2196 0.1047 0.9944 -0.0111 0.0440 0.2871
30 100.4837 40.9345 40.4392 0.1212 0.9910 -0.0570 0.0908 0.2715
poisongolem.tga
30 100.4837 40.9345 40.4392 0.1212 0.9910 -0.0570 0.0908 0.2715
34 96.4234 40.3215 29.1325 0.1375 0.9852 -0.1028 0.0834 0.2346
34 82.9607 42.7076 33.9977 0.1212 0.9910 -0.0570 0.0552 0.2456
poisongolem.tga
30 69.3404 17.8201 57.6580 -0.8556 0.2155 0.4706 0.2630 0.3223
30 77.0434 35.7474 63.4545 -0.8556 0.2155 0.4706 0.3339 0.3338
30 78.1721 43.3702 48.2196 -0.9256 0.3614 0.1123 0.3477 0.2871
poisongolem.tga
35 80.2508 10.3350 7.8231 0.0228 -0.8785 -0.4772 0.2229 0.1588
35 87.6121 11.4449 5.7544 0.0050 -0.8885 -0.4588 0.2035 0.1545
34 98.7016 3.2389 21.7655 0.0228 -0.8785 -0.4772 0.1776 0.2115
poisongolem.tga
34 98.7016 3.2389 21.7655 0.0228 -0.8785 -0.4772 0.1776 0.2115
34 86.3042 1.5184 23.7670 0.0405 -0.8678 -0.4952 0.2088 0.2204
35 80.2508 10.3350 7.8231 0.0228 -0.8785 -0.4772 0.2229 0.1588
poisongolem.tga
34 86.3042 1.5184 23.7670 0.1083 -0.9827 -0.1500 0.2088 0.2204
34 98.7016 3.2389 21.7655 0.1113 -0.9817 -0.1542 0.1792 0.2212
30 100.8989 1.5190 34.3006 0.1083 -0.9827 -0.1500 0.1629 0.2698
poisongolem.tga
30 100.8989 1.5190 34.3006 0.1083 -0.9827 -0.1500 0.1629 0.2698
30 81.6775 -1.7162 42.2525 0.1053 -0.9837 -0.1458 0.2059 0.2843
34 86.3042 1.5184 23.7670 0.1083 -0.9827 -0.1500 0.2088 0.2204
poisongolem.tga
35 80.6759 36.8931 14.9561 -0.2816 0.2575 -0.9243 0.2726 0.1093
35 90.1487 38.2923 12.6330 -0.2662 0.2628 -0.9274 0.2448 0.0866
35 87.6121 11.4449 5.7544 -0.2816 0.2575 -0.9243 0.2018 0.1507
poisongolem.tga
35 87.6121 11.4449 5.7544 -0.2816 0.2575 -0.9243 0.2018 0.1507
35 80.2508 10.3350 7.8231 -0.2969 0.2521 -0.9210 0.2238 0.1684
35 80.6759 36.8931 14.9561 -0.2816 0.2575 -0.9243 0.2726 0.1093
poisongolem.tga
35 90.1487 38.2923 12.6330 0.8831 0.0958 -0.4592 0.1505 0.1259
34 96.4234 40.3215 29.1325 0.9214 0.1294 -0.3663 0.0999 0.2085
34 98.7016 3.2389 21.7655 0.8831 0.0958 -0.4592 0.1776 0.2115
poisongolem.tga
34 98.7016 3.2389 21.7655 0.8831 0.0958 -0.4592 0.1776 0.2115
35 87.6121 11.4449 5.7544 0.8349 0.0612 -0.5469 0.2019 0.1491
35 90.1487 38.2923 12.6330 0.8831 0.0958 -0.4592 0.1505 0.1259
poisongolem.tga
34 96.4234 40.3215 29.1325 0.9648 0.0778 -0.2511 0.0999 0.2085
30 100.4837 40.9345 40.4392 0.9382 0.0629 -0.3403 0.0824 0.2615
30 100.8989 1.5190 34.3006 0.9648 0.0778 -0.2511 0.1629 0.2698
poisongolem.tga
30 100.8989 1.5190 34.3006 0.9648 0.0778 -0.2511 0.1629 0.2698
34 98.7016 3.2389 21.7655 0.9829 0.0921 -0.1597 0.1776 0.2115
34 96.4234 40.3215 29.1325 0.9648 0.0778 -0.2511 0.0999 0.2085
poisongolem.tga
30 94.3980 18.6220 60.4302 0.9651 -0.0303 0.2600 0.1306 0.3353
30 100.8989 1.5190 34.3006 0.9651 -0.0303 0.2600 0.1629 0.2698
30 100.4837 40.9345 40.4392 0.9651 -0.0303 0.2600 0.0908 0.2715
poisongolem.tga
32 66.9537 5.3837 19.8141 -0.1150 0.1002 -0.9883 0.8442 0.0769
32 59.0119 18.0950 22.0270 -0.1150 0.1002 -0.9883 0.8400 0.0606
32 73.2273 15.9255 20.1530 -0.1150 0.1002 -0.9883 0.8607 0.0865
poisongolem.tga
30 78.1721 43.3702 48.2196 -0.9584 -0.0199 -0.2846 0.3443 0.1148
34 82.9607 42.7076 33.9977 -0.9477 0.0024 -0.3192 0.3367 0.0781
34 86.3042 1.5184 23.7670 -0.9584 -0.0199 -0.2846 0.2088 0.2204
poisongolem.tga
34 86.3042 1.5184 23.7670 -0.9584 -0.0199 -0.2846 0.2088 0.2204
30 81.6775 -1.7162 42.2525 -0.9675 -0.0422 -0.2495 0.2059 0.2843
30 78.1721 43.3702 48.2196 -0.9584 -0.0199 -0.2846 0.3443 0.1148
poisongolem.tga
34 82.9607 42.7076 33.9977 -0.9757 -0.0824 0.2029 0.3222 0.1062
35 80.6759 36.8931 14.9561 -0.9921 -0.0175 0.1244 0.2959 0.0886
35 80.2508 10.3350 7.8231 -0.9757 -0.0824 0.2029 0.2229 0.1588
poisongolem.tga
35 80.2508 10.3350 7.8231 -0.9757 -0.0824 0.2029 0.2229 0.1588
34 86.3042 1.5184 23.7670 -0.9490 -0.1464 0.2793 0.2088 0.2204
34 82.9607 42.7076 33.9977 -0.9757 -0.0824 0.2029 0.3222 0.1062
poisongolem.tga
30 87.6587 30.1164 61.9980 0.5789 0.4818 0.6579 0.0814 0.3355
30 94.3980 18.6220 60.4302 0.7176 0.3376 0.6092 0.1296 0.3372
30 100.4837 40.9345 40.4392 0.5946 0.5190 0.6141 0.0908 0.2715
poisongolem.tga
30 100.4837 40.9345 40.4392 0.5946 0.5190 0.6141 0.0908 0.2715
30 77.0434 35.7474 63.4545 0.4147 0.6061 0.6787 0.0412 0.3438
30 87.6587 30.1164 61.9980 0.5789 0.4818 0.6579 0.0814 0.3355
poisongolem.tga
30 81.6775 -1.7162 42.2525 -0.7640 0.0259 -0.6447 0.2059 0.2843
30 69.3404 17.8201 57.6580 -0.7640 0.0259 -0.6447 0.2630 0.3223
30 78.1721 43.3702 48.2196 -0.7640 0.0259 -0.6447 0.3477 0.2871
poisongolem.tga
31 70.7960 1.3441 33.3050 0.0980 -0.8991 -0.4266 0.7953 0.1173
31 77.5223 11.6034 34.6469 0.5655 -0.2688 -0.7797 0.8191 0.1377
30 81.6775 -1.7162 42.2525 0.0980 -0.8991 -0.4266 0.8123 0.1524
poisongolem.tga
30 81.6775 -1.7162 42.2525 0.0980 -0.8991 -0.4266 0.8123 0.1524
30 83.9692 1.6242 58.3352 -0.4422 -0.8636 0.2424 0.7595 0.1559
31 70.7960 1.3441 33.3050 0.0980 -0.8991 -0.4266 0.7953 0.1173
poisongolem.tga
31 63.7497 14.0211 40.0189 -0.7049 -0.6067 0.3675 0.7808 0.0799
31 70.7960 1.3441 33.3050 -0.7086 -0.5949 0.3796 0.8074 0.1306
30 83.9692 1.6242 58.3352 -0.6637 -0.5693 0.4852 0.7595 0.1559
poisongolem.tga
30 83.9692 1.6242 58.3352 -0.6637 -0.5693 0.4852 0.7595 0.1559
30 69.3404 17.8201 57.6580 -0.6373 -0.5532 0.5366 0.7372 0.0801
31 63.7497 14.0211 40.0189 -0.7049 -0.6067 0.3675 0.7808 0.0799
poisongolem.tga
31 77.5223 11.6034 34.6469 0.5792 0.8150 -0.0142 0.7808 0.0799
31 63.7497 14.0211 40.0189 0.0790 0.9691 -0.2337 0.7947 0.0520
30 69.3404 17.8201 57.6580 0.5792 0.8150 -0.0142 0.7530 0.0094
poisongolem.tga
30 69.3404 17.8201 57.6580 0.5792 0.8150 -0.0142 0.7530 0.0094
30 81.6775 -1.7162 42.2525 0.8929 0.3984 0.2099 0.7372 0.0801
31 77.5223 11.6034 34.6469 0.5792 0.8150 -0.0142 0.7808 0.0799
poisongolem.tga
32 66.9537 5.3837 19.8141 0.8000 -0.4700 -0.3729 0.8442 0.0769
32 73.2273 15.9255 20.1530 0.8015 -0.4649 -0.3761 0.8634 0.0922
31 77.5223 11.6034 34.6469 0.8000 -0.4700 -0.3729 0.8226 0.1242
poisongolem.tga
31 77.5223 11.6034 34.6469 0.8000 -0.4700 -0.3729 0.8226 0.1242
31 70.7960 1.3441 33.3050 0.7985 -0.4751 -0.3697 0.7953 0.1173
32 66.9537 5.3837 19.8141 0.8000 -0.4700 -0.3729 0.8442 0.0769
poisongolem.tga
32 66.9537 5.3837 19.8141 -0.8434 -0.5292 0.0925 0.8442 0.0769
31 70.7960 1.3441 33.3050 -0.8505 -0.5188 0.0869 0.8000 0.0923
31 63.7497 14.0211 40.0189 -0.8434 -0.5292 0.0925 0.7808 0.0799
poisongolem.tga
31 63.7497 14.0211 40.0189 -0.8434 -0.5292 0.0925 0.7808 0.0799
32 59.0119 18.0950 22.0270 -0.8362 -0.5395 0.0980 0.8400 0.0606
32 66.9537 5.3837 19.8141 -0.8434 -0.5292 0.0925 0.8442 0.0769
poisongolem.tga
32 73.2273 15.9255 20.1530 0.2095 0.9588 0.1918 0.8400 0.0606
32 59.0119 18.0950 22.0270 0.1710 0.9697 0.1745 0.8363 0.0310
31 63.7497 14.0211 40.0189 0.2095 0.9588 0.1918 0.7882 0.0331
poisongolem.tga
31 63.7497 14.0211 40.0189 0.2095 0.9588 0.1918 0.7882 0.0331
31 77.5223 11.6034 34.6469 0.2475 0.9461 0.2088 0.8098 0.0605
32 73.2273 15.9255 20.1530 0.2095 0.9588 0.1918 0.8400 0.0606
poisongolem.tga
30 100.8989 1.5190 34.3006 0.2302 -0.9588 0.1663 0.1629 0.2698
30 83.9692 1.6242 58.3352 0.2302 -0.9588 0.1663 0.1924 0.3353
30 81.6775 -1.7162 42.2525 0.2302 -0.9588 0.1663 0.2059 0.2843
poisongolem.tga
30 78.1721 43.3702 48.2196 0.2499 0.8584 0.4480 0.0440 0.2871
30 77.0434 35.7474 63.4545 0.2499 0.8584 0.4480 0.0349 0.3338
30 100.4837 40.9345 40.4392 0.2499 0.8584 0.4480 0.0908 0.2715
poisongolem.tga
30 94.3980 18.6220 60.4302 0.6742 -0.4826 0.5591 0.1585 0.3364
30 83.9692 1.6242 58.3352 0.6742 -0.4826 0.5591 0.1924 0.3353
30 100.8989 1.5190 34.3006 0.7086 -0.4965 0.5013 0.1629 0.2698
poisongolem.tga
30 77.0434 35.7474 63.4545 -0.8556 0.2155 0.4706 0.5866 0.7309
30 69.3404 17.8201 57.6580 -0.8556 0.2155 0.4706 0.4980 0.5628
30 84.8547 19.4910 70.9811 -0.0116 -0.2994 0.9541 0.6201 0.5780
poisongolem.tga
30 94.3980 18.6220 60.4302 0.7176 0.3376 0.6092 0.7279 0.5425
30 87.6587 30.1164 61.9980 0.5789 0.4818 0.6579 0.6797 0.6620
30 84.8547 19.4910 70.9811 0.5612 0.4430 0.6992 0.6201 0.5780
poisongolem.tga
30 87.6587 30.1164 61.9980 0.5789 0.4818 0.6579 0.6797 0.6620
30 77.0434 35.7474 63.4545 0.4147 0.6061 0.6787 0.5866 0.7309
30 84.8547 19.4910 70.9811 0.5612 0.4430 0.6992 0.6201 0.5780
poisongolem.tga
30 69.3404 17.8201 57.6580 -0.6373 -0.5532 0.5366 0.4980 0.5628
30 83.9692 1.6242 58.3352 -0.6637 -0.5693 0.4852 0.6083 0.3920
30 84.8547 19.4910 70.9811 -0.5473 -0.4653 0.6957 0.6201 0.5780
poisongolem.tga
30 83.9692 1.6242 58.3352 0.6742 -0.4826 0.5591 0.6083 0.3920
30 94.3980 18.6220 60.4302 0.6742 -0.4826 0.5591 0.7279 0.5425
30 84.8547 19.4910 70.9811 -0.0116 -0.2994 0.9541 0.6201 0.5780
poisongolem.tga
42 -112.5549 -22.6358 71.7488 -0.8682 -0.3750 0.3249 0.0724 0.3262
42 -108.4383 -14.5006 90.3584 -0.8063 -0.3267 0.4931 0.0735 0.4274
42 -102.4335 -29.1199 91.3105 -0.5081 -0.7344 0.4500 0.1327 0.4265
poisongolem.tga
42 -102.4335 -29.1199 91.3105 -0.5081 -0.7344 0.4500 0.1327 0.4265
42 -106.5597 -38.0997 67.7854 -0.3314 -0.8606 0.3866 0.1057 0.3220
42 -112.5549 -22.6358 71.7488 -0.8682 -0.3750 0.3249 0.0724 0.3262
poisongolem.tga
42 -98.5517 -3.5575 85.8260 -0.5413 0.8254 -0.1603 0.0533 0.4170
42 -105.1085 -9.9691 66.2375 -0.6124 0.7832 -0.1077 0.0478 0.3320
42 -98.0207 -10.5873 62.7313 -0.8864 0.4622 -0.0263 0.0207 0.3295
poisongolem.tga
42 -98.0207 -10.5873 62.7313 -0.8864 0.4622 -0.0263 0.0207 0.3295
42 -93.1583 4.3894 100.8394 -0.8311 0.5551 0.0334 0.0246 0.4350
42 -98.5517 -3.5575 85.8260 -0.5413 0.8254 -0.1603 0.0533 0.4170
poisongolem.tga
42 -83.2454 -48.5824 80.8045 0.5604 -0.7965 0.2270 0.2225 0.4158
42 -62.9876 -35.0060 77.4644 0.8938 -0.4407 0.0827 0.2557 0.4028
42 -63.1650 -38.9266 60.6306 0.7542 -0.6529 0.0700 0.2513 0.3323
poisongolem.tga
42 -63.1650 -38.9266 60.6306 0.7542 -0.6529 0.0700 0.2513 0.3323
42 -86.7773 -50.4308 66.1674 0.4394 -0.8983 0.0074 0.2098 0.3304
42 -83.2454 -48.5824 80.8045 0.5604 -0.7965 0.2270 0.2225 0.4158
poisongolem.tga
42 -88.7129 6.0527 58.7207 0.7986 0.5956 -0.0863 0.3509 0.3592
42 -62.2368 -12.8966 53.9222 0.5889 0.8053 0.0691 0.2858 0.3321
42 -57.5923 -17.5874 69.0124 0.5994 0.7775 -0.1902 0.2905 0.4041
poisongolem.tga
42 -57.5923 -17.5874 69.0124 0.5994 0.7775 -0.1902 0.2905 0.4041
42 -86.9044 10.4928 80.4265 0.7999 0.5575 -0.2221 0.3492 0.4175
42 -88.7129 6.0527 58.7207 0.7986 0.5956 -0.0863 0.3509 0.3592
poisongolem.tga
42 -63.1650 -38.9266 60.6306 0.2605 -0.5102 -0.8197 0.2310 0.3471
42 -77.0771 -26.8446 48.6769 0.2245 -0.5004 -0.8362 0.2630 0.3223
42 -86.4572 -42.8847 60.1441 0.0863 -0.6119 -0.7862 0.1924 0.3353
poisongolem.tga
42 -86.4572 -42.8847 60.1441 0.0863 -0.6119 -0.7862 0.1924 0.3353
42 -86.7773 -50.4308 66.1674 0.1219 -0.6223 -0.7732 0.1634 0.3443
42 -63.1650 -38.9266 60.6306 0.2605 -0.5102 -0.8197 0.2310 0.3471
poisongolem.tga
42 -99.9740 -28.1047 59.1822 -0.5870 -0.3950 -0.7066 0.1296 0.3372
42 -112.5549 -22.6358 71.7488 -0.7256 -0.1071 -0.6798 0.1181 0.3690
42 -106.5597 -38.0997 67.7854 -0.3586 -0.6976 -0.6203 0.1361 0.3649
poisongolem.tga
42 -98.0207 -10.5873 62.7313 -0.7524 0.2017 -0.6271 0.0789 0.3699
42 -105.1085 -9.9691 66.2375 -0.5586 0.1586 -0.8142 0.0908 0.3745
42 -99.9740 -28.1047 59.1822 -0.7238 0.1075 -0.6816 0.1296 0.3372
poisongolem.tga
42 -99.9740 -28.1047 59.1822 -0.7238 0.1075 -0.6816 0.1296 0.3372
42 -96.1996 -16.3015 54.0404 -0.7551 0.1974 -0.6252 0.0901 0.3541
42 -98.0207 -10.5873 62.7313 -0.7524 0.2017 -0.6271 0.0789 0.3699
poisongolem.tga
42 -87.3480 -9.2988 49.6671 0.1206 0.2411 -0.9630 0.3339 0.3338
42 -77.0771 -26.8446 48.6769 0.0688 0.0963 -0.9930 0.2887 0.3115
42 -62.2368 -12.8966 53.9222 0.2045 0.3434 -0.9167 0.2668 0.3580
poisongolem.tga
42 -62.2368 -12.8966 53.9222 0.2045 0.3434 -0.9167 0.2668 0.3580
42 -88.7129 6.0527 58.7207 0.2142 0.5103 -0.8329 0.3545 0.3718
42 -87.3480 -9.2988 49.6671 0.1206 0.2411 -0.9630 0.3339 0.3338
poisongolem.tga
42 -73.9408 -2.9273 112.2599 -0.1742 0.6696 0.7220 0.2457 0.5055
42 -97.8791 -6.2885 110.4918 -0.1498 0.6986 0.6996 0.3853 0.5105
42 -93.1583 4.3894 100.8394 -0.1742 0.6696 0.7220 0.3683 0.4875
poisongolem.tga
42 -93.1583 4.3894 100.8394 -0.1742 0.6696 0.7220 0.3683 0.4875
42 -85.7046 13.0148 95.4083 -0.1982 0.6392 0.7431 0.3310 0.4711
42 -73.9408 -2.9273 112.2599 -0.1742 0.6696 0.7220 0.2457 0.5055
poisongolem.tga
42 -73.9408 -2.9273 112.2599 -0.1347 0.0030 0.9909 0.2457 0.5055
42 -77.1919 -29.3058 113.2942 -0.2027 0.0633 0.9772 0.2009 0.4687
42 -90.6422 -22.2740 110.0480 -0.1347 0.0030 0.9909 0.2012 0.5076
poisongolem.tga
42 -90.6422 -22.2740 110.0480 -0.1347 0.0030 0.9909 0.2012 0.5076
42 -97.8791 -6.2885 110.4918 -0.0655 -0.0573 0.9962 0.2213 0.5486
42 -73.9408 -2.9273 112.2599 -0.1347 0.0030 0.9909 0.2457 0.5055
poisongolem.tga
42 -85.7046 13.0148 95.4083 0.4817 0.7792 0.4009 0.3498 0.4569
42 -58.4641 -2.8288 93.4745 0.4817 0.7792 0.4009 0.3008 0.4670
42 -73.9408 -2.9273 112.2599 0.4817 0.7792 0.4009 0.2735 0.5080
poisongolem.tga
42 -73.9408 -2.9273 112.2599 0.6699 0.0807 0.7381 0.2457 0.5055
42 -58.4641 -2.8288 93.4745 0.7564 0.1953 0.6242 0.2814 0.4741
42 -62.5366 -19.9675 103.7712 0.6699 0.0807 0.7381 0.2319 0.4643
poisongolem.tga
42 -62.5366 -19.9675 103.7712 0.6699 0.0807 0.7381 0.2319 0.4643
42 -77.1919 -29.3058 113.2942 0.5608 -0.0367 0.8271 0.1855 0.4756
42 -73.9408 -2.9273 112.2599 0.6699 0.0807 0.7381 0.2457 0.5055
poisongolem.tga
42 -91.9679 -35.0612 91.0225 -0.7662 -0.4509 0.4578 0.1784 0.4286
42 -100.5151 -42.2880 71.8512 -0.7711 -0.4952 0.4003 0.1534 0.3253
42 -97.7189 -34.3309 68.5578 -0.5551 -0.7155 0.4242 0.1425 0.3261
poisongolem.tga
42 -97.7189 -34.3309 68.5578 -0.5551 -0.7155 0.4242 0.1425 0.3261
42 -90.6422 -22.2740 110.0480 -0.6456 -0.5869 0.4886 0.1552 0.4868
42 -91.9679 -35.0612 91.0225 -0.7662 -0.4509 0.4578 0.1784 0.4286
poisongolem.tga
42 -86.4572 -42.8847 60.1441 -0.6579 -0.4697 -0.5887 0.1924 0.3354
42 -93.7709 -34.6339 59.7180 -0.4568 -0.7505 -0.4776 0.1631 0.3509
42 -97.7189 -34.3309 68.5578 -0.4663 -0.7834 -0.4109 0.1474 0.3646
poisongolem.tga
42 -97.7189 -34.3309 68.5578 -0.4663 -0.7834 -0.4109 0.1474 0.3646
42 -100.5151 -42.2880 71.8512 -0.6176 -0.3021 -0.7262 0.1577 0.3648
42 -86.4572 -42.8847 60.1441 -0.6579 -0.4697 -0.5887 0.1924 0.3354
poisongolem.tga
42 -100.5151 -42.2880 71.8512 -0.7711 -0.4952 0.4003 0.1534 0.3253
42 -91.9679 -35.0612 91.0225 -0.7662 -0.4509 0.4578 0.1784 0.4286
42 -83.2454 -48.5824 80.8045 -0.4854 -0.7715 0.4114 0.2225 0.4158
poisongolem.tga
42 -83.2454 -48.5824 80.8045 -0.4854 -0.7715 0.4114 0.2225 0.4158
42 -86.7773 -50.4308 66.1674 -0.4308 -0.8766 0.2146 0.2098 0.3304
42 -100.5151 -42.2880 71.8512 -0.7711 -0.4952 0.4003 0.1534 0.3253
poisongolem.tga
42 -100.5151 -42.2880 71.8512 -0.6176 -0.3021 -0.7262 0.1577 0.3648
42 -86.7773 -50.4308 66.1674 -0.5670 -0.4991 -0.6554 0.1830 0.3671
42 -86.4572 -42.8847 60.1441 -0.6579 -0.4697 -0.5887 0.1924 0.3354
poisongolem.tga
42 -97.7189 -34.3309 68.5578 -0.5551 -0.7155 0.4242 0.1425 0.3261
42 -106.5597 -38.0997 67.7854 -0.3314 -0.8606 0.3866 0.1057 0.3220
42 -102.4335 -29.1199 91.3105 -0.5081 -0.7344 0.4500 0.1327 0.4265
poisongolem.tga
42 -102.4335 -29.1199 91.3105 -0.5081 -0.7344 0.4500 0.1327 0.4265
42 -90.6422 -22.2740 110.0480 -0.6456 -0.5869 0.4886 0.1552 0.4868
42 -97.7189 -34.3309 68.5578 -0.5551 -0.7155 0.4242 0.1425 0.3261
poisongolem.tga
42 -93.7709 -34.6339 59.7180 -0.4568 -0.7505 -0.4776 0.1585 0.3364
42 -99.9740 -28.1047 59.1822 -0.5870 -0.3950 -0.7066 0.1313 0.3372
42 -106.5597 -38.0997 67.7854 -0.3586 -0.6976 -0.6203 0.1361 0.3649
poisongolem.tga
42 -106.5597 -38.0997 67.7854 -0.3586 -0.6976 -0.6203 0.1361 0.3649
42 -97.7189 -34.3309 68.5578 -0.4663 -0.7834 -0.4109 0.1481 0.3509
42 -93.7709 -34.6339 59.7180 -0.4568 -0.7505 -0.4776 0.1585 0.3364
poisongolem.tga
42 -62.9876 -35.0060 77.4644 0.8938 -0.4407 0.0827 0.2557 0.4028
42 -57.5923 -17.5874 69.0124 0.9315 -0.3447 -0.1159 0.2905 0.4041
42 -62.2368 -12.8966 53.9222 0.9471 -0.2484 -0.2031 0.2858 0.3321
poisongolem.tga
42 -62.2368 -12.8966 53.9222 0.9471 -0.2484 -0.2031 0.2858 0.3321
42 -63.1650 -38.9266 60.6306 0.7542 -0.6529 0.0700 0.2513 0.3323
42 -62.9876 -35.0060 77.4644 0.8938 -0.4407 0.0827 0.2557 0.4028
poisongolem.tga
42 -63.1650 -38.9266 60.6306 0.2605 -0.5102 -0.8197 0.2310 0.3471
42 -62.2368 -12.8966 53.9222 0.5104 -0.2316 -0.8281 0.2668 0.3580
42 -77.0771 -26.8446 48.6769 0.2245 -0.5004 -0.8362 0.2630 0.3223
poisongolem.tga
42 -87.3480 -9.2988 49.6671 -0.6613 0.2202 -0.7171 0.0863 0.3358
42 -88.7129 6.0527 58.7207 -0.5731 0.3779 -0.7271 0.0428 0.3707
42 -100.5502 -2.8482 63.4256 -0.6944 0.0991 -0.7128 0.0752 0.3699
poisongolem.tga
42 -87.0573 11.6884 80.1125 -0.6635 0.7438 -0.0808 0.3492 0.4175
42 -96.9229 2.6560 81.3810 -0.9195 0.3773 0.1106 0.3890 0.4234
42 -100.5502 -2.8482 63.4256 -0.8843 0.4666 0.0173 0.3941 0.3554
poisongolem.tga
42 -100.5502 -2.8482 63.4256 -0.8843 0.4666 0.0173 0.3941 0.3554
42 -88.7129 6.0527 58.7207 -0.6318 0.7602 -0.1514 0.3509 0.3592
42 -87.0573 11.6884 80.1125 -0.6635 0.7438 -0.0808 0.3492 0.4175
poisongolem.tga
42 -105.1085 -9.9691 66.2375 -0.6124 0.7832 -0.1077 0.0478 0.3320
42 -98.5517 -3.5575 85.8260 -0.5413 0.8254 -0.1603 0.0533 0.4170
42 -108.4383 -14.5006 90.3584 -0.8006 0.5983 0.0328 0.0735 0.4274
poisongolem.tga
42 -108.4383 -14.5006 90.3584 -0.8006 0.5983 0.0328 0.0735 0.4274
42 -112.5549 -22.6358 71.7488 -0.8667 0.4982 -0.0261 0.0724 0.3262
42 -105.1085 -9.9691 66.2375 -0.6124 0.7832 -0.1077 0.0478 0.3320
poisongolem.tga
42 -105.1085 -9.9691 66.2375 -0.5586 0.1586 -0.8142 0.0908 0.3745
42 -112.5549 -22.6358 71.7488 -0.6846 0.0877 -0.7236 0.1181 0.3690
42 -99.9740 -28.1047 59.1822 -0.7238 0.1075 -0.6816 0.1296 0.3372
poisongolem.tga
42 -98.0207 -10.5873 62.7313 -0.8864 0.4622 -0.0263 0.0207 0.3295
42 -100.5502 -2.8482 63.4256 -0.8843 0.4666 0.0173 -0.0012 0.3327
42 -96.9229 2.6560 81.3810 -0.9195 0.3773 0.1106 0.0049 0.4191
poisongolem.tga
42 -96.9229 2.6560 81.3810 -0.9195 0.3773 0.1106 0.0049 0.4191
42 -93.1583 4.3894 100.8394 -0.8311 0.5551 0.0334 0.0246 0.4350
42 -98.0207 -10.5873 62.7313 -0.8864 0.4622 -0.0263 0.0207 0.3295
poisongolem.tga
42 -98.0207 -10.5873 62.7313 -0.7524 0.2017 -0.6271 0.0789 0.3699
42 -96.1996 -16.3015 54.0404 -0.7551 0.1974 -0.6252 0.0841 0.3569
42 -87.3480 -9.2988 49.6671 -0.6613 0.2202 -0.7171 0.0863 0.3358
poisongolem.tga
42 -87.3480 -9.2988 49.6671 -0.6613 0.2202 -0.7171 0.0863 0.3358
42 -100.5502 -2.8482 63.4256 -0.6944 0.0991 -0.7128 0.0752 0.3699
42 -98.0207 -10.5873 62.7313 -0.7524 0.2017 -0.6271 0.0789 0.3699
poisongolem.tga
42 -108.4383 -14.5006 90.3584 -0.8006 0.5983 0.0328 0.0735 0.4274
42 -98.5517 -3.5575 85.8260 -0.5413 0.8254 -0.1603 0.0533 0.4170
42 -93.1583 4.3894 100.8394 -0.8311 0.5551 0.0334 0.0246 0.4350
poisongolem.tga
42 -93.1583 4.3894 100.8394 -0.8311 0.5551 0.0334 0.0246 0.4350
42 -97.8791 -6.2885 110.4918 -0.8134 0.5445 0.2045 0.0813 0.4861
42 -108.4383 -14.5006 90.3584 -0.8006 0.5983 0.0328 0.0735 0.4274
poisongolem.tga
42 -90.6422 -22.2740 110.0480 -0.6456 -0.5869 0.4886 0.1552 0.4868
42 -102.4335 -29.1199 91.3105 -0.5081 -0.7344 0.4500 0.1327 0.4265
42 -108.4383 -14.5006 90.3584 -0.8063 -0.3267 0.4931 0.0735 0.4274
poisongolem.tga
42 -108.4383 -14.5006 90.3584 -0.8063 -0.3267 0.4931 0.0735 0.4274
42 -97.8791 -6.2885 110.4918 -0.7586 -0.3585 0.5441 0.0813 0.4861
42 -90.6422 -22.2740 110.0480 -0.6456 -0.5869 0.4886 0.1552 0.4868
poisongolem.tga
42 -77.1919 -29.3058 113.2942 -0.4932 -0.7052 0.5094 0.2041 0.4853
42 -83.2454 -48.5824 80.8045 -0.4854 -0.7715 0.4114 0.2225 0.4158
42 -91.9679 -35.0612 91.0225 -0.7662 -0.4509 0.4578 0.1784 0.4286
poisongolem.tga
42 -91.9679 -35.0612 91.0225 -0.7662 -0.4509 0.4578 0.1784 0.4286
42 -90.6422 -22.2740 110.0480 -0.6456 -0.5869 0.4886 0.1552 0.4868
42 -77.1919 -29.3058 113.2942 -0.4932 -0.7052 0.5094 0.2041 0.4853
poisongolem.tga
42 -62.5366 -19.9675 103.7712 0.7713 -0.5714 0.2803 0.2608 0.4812
42 -62.9876 -35.0060 77.4644 0.8938 -0.4407 0.0827 0.2557 0.4028
42 -83.2454 -48.5824 80.8045 0.5604 -0.7965 0.2270 0.2225 0.4158
poisongolem.tga
42 -83.2454 -48.5824 80.8045 0.5604 -0.7965 0.2270 0.2225 0.4158
42 -77.1919 -29.3058 113.2942 0.6432 -0.7051 0.2985 0.2041 0.4853
42 -62.5366 -19.9675 103.7712 0.7713 -0.5714 0.2803 0.2608 0.4812
poisongolem.tga
42 -58.4641 -2.8288 93.4745 0.9718 -0.1994 0.1262 0.3008 0.4670
42 -57.5923 -17.5874 69.0124 0.9315 -0.3447 -0.1159 0.2905 0.4041
42 -62.9876 -35.0060 77.4644 0.8938 -0.4407 0.0827 0.2557 0.4028
poisongolem.tga
42 -62.9876 -35.0060 77.4644 0.8938 -0.4407 0.0827 0.2557 0.4028
42 -62.5366 -19.9675 103.7712 0.7713 -0.5714 0.2803 0.2608 0.4812
42 -58.4641 -2.8288 93.4745 0.9718 -0.1994 0.1262 0.3008 0.4670
poisongolem.tga
42 -87.0573 11.6884 80.1125 0.9899 0.1004 -0.0996 0.3526 0.4179
42 -88.7129 6.0527 58.7207 0.7986 0.5956 -0.0863 0.3545 0.3718
42 -86.9044 10.4928 80.4265 0.7999 0.5575 -0.2221 0.3525 0.4179
poisongolem.tga
42 -86.9044 10.4928 80.4265 0.7999 0.5575 -0.2221 0.3492 0.4175
42 -57.5923 -17.5874 69.0124 0.5994 0.7775 -0.1902 0.2905 0.4041
42 -58.4641 -2.8288 93.4745 0.5152 0.8009 -0.3053 0.3008 0.4670
poisongolem.tga
42 -58.4641 -2.8288 93.4745 0.5152 0.8009 -0.3053 0.3008 0.4670
42 -85.7046 13.0148 95.4083 0.8285 0.5375 -0.1568 0.3498 0.4569
42 -86.9044 10.4928 80.4265 0.7999 0.5575 -0.2221 0.3492 0.4175
poisongolem.tga
42 -86.9044 10.4928 80.4265 0.7999 0.5575 -0.2221 0.3525 0.4179
42 -85.7046 13.0148 95.4083 0.8285 0.5375 -0.1568 0.3508 0.4638
42 -87.0573 11.6884 80.1125 0.9899 0.1004 -0.0996 0.3526 0.4179
poisongolem.tga
42 -96.9229 2.6560 81.3810 -0.9195 0.3773 0.1106 0.3890 0.4234
42 -87.0573 11.6884 80.1125 -0.6635 0.7438 -0.0808 0.3492 0.4175
42 -85.7046 13.0148 95.4083 -0.7032 0.7099 0.0382 0.3498 0.4569
poisongolem.tga
42 -85.7046 13.0148 95.4083 -0.7032 0.7099 0.0382 0.3498 0.4569
42 -93.1583 4.3894 100.8394 -0.8311 0.5551 0.0334 0.3492 0.4175
42 -96.9229 2.6560 81.3810 -0.9195 0.3773 0.1106 0.3890 0.4234
poisongolem.tga
42 -86.4572 -42.8847 60.1441 0.0863 -0.6119 -0.7862 0.5431 0.1259
42 -77.0771 -26.8446 48.6769 0.2245 -0.5004 -0.8362 0.3761 0.3014
42 -90.5866 -28.0903 49.3399 0.0144 -0.5871 -0.8094 0.5743 0.2995
poisongolem.tga
42 -96.1996 -16.3015 54.0404 -0.7551 0.1974 -0.6252 0.6513 0.4033
42 -99.9740 -28.1047 59.1822 -0.7238 0.1075 -0.6816 0.7242 0.2805
42 -90.5866 -28.0903 49.3399 -0.6213 0.0166 -0.7834 0.5743 0.2995
poisongolem.tga
42 -77.0771 -26.8446 48.6769 0.0688 0.0963 -0.9930 0.3761 0.3014
42 -87.3480 -9.2988 49.6671 0.1206 0.2411 -0.9630 0.5102 0.4740
42 -90.5866 -28.0903 49.3399 -0.0514 0.0262 -0.9983 0.5743 0.2995
poisongolem.tga
42 -93.7709 -34.6339 59.7180 -0.4568 -0.7505 -0.4776 0.6410 0.2117
42 -86.4572 -42.8847 60.1441 -0.6579 -0.4697 -0.5887 0.5431 0.1259
42 -90.5866 -28.0903 49.3399 -0.5962 -0.5838 -0.5511 0.5743 0.2995
poisongolem.tga
42 -99.9740 -28.1047 59.1822 -0.5870 -0.3950 -0.7066 0.7242 0.2805
42 -93.7709 -34.6339 59.7180 -0.4568 -0.7505 -0.4776 0.6410 0.2117
42 -90.5866 -28.0903 49.3399 -0.5962 -0.5838 -0.5511 0.5743 0.2995
poisongolem.tga
42 -87.3480 -9.2988 49.6671 -0.6613 0.2202 -0.7171 0.5102 0.4740
42 -96.1996 -16.3015 54.0404 -0.7551 0.1974 -0.6252 0.6513 0.4033
42 -90.5866 -28.0903 49.3399 -0.6213 0.0166 -0.7834 0.5743 0.2995
poisongolem.tga
48 -91.9059 -19.8827 7.7391 -0.1074 0.9018 -0.4186 0.2726 0.1093
47 -93.9380 -9.9253 24.6204 -0.2182 0.8288 -0.5152 0.3200 0.0740
47 -107.1106 -15.2249 21.6738 -0.1074 0.9018 -0.4186 0.3191 0.0326
poisongolem.tga
47 -107.1106 -15.2249 21.6738 -0.1074 0.9018 -0.4186 0.3191 0.0326
48 -101.6003 -20.3887 5.9935 0.0064 0.9505 -0.3108 0.2798 0.0737
48 -91.9059 -19.8827 7.7391 -0.1074 0.9018 -0.4186 0.2726 0.1093
poisongolem.tga
47 -93.9380 -9.9253 24.6204 -0.2727 0.9200 -0.2815 0.0552 0.2456
43 -88.5710 -5.0870 37.8409 -0.2545 0.9369 -0.2396 0.0440 0.2871
43 -110.6352 -12.3501 32.8713 -0.2727 0.9200 -0.2815 0.0908 0.2715
poisongolem.tga
43 -110.6352 -12.3501 32.8713 -0.2727 0.9200 -0.2815 0.0908 0.2715
47 -107.1106 -15.2249 21.6738 -0.2903 0.9009 -0.3227 0.0834 0.2346
47 -93.9380 -9.9253 24.6204 -0.2727 0.9200 -0.2815 0.0552 0.2456
poisongolem.tga
43 -75.4821 -26.0607 52.2867 0.8367 0.4385 0.3280 0.2630 0.3223
43 -85.4964 -8.4535 54.2938 0.8367 0.4385 0.3280 0.3339 0.3338
43 -88.5710 -5.0870 37.8409 0.8648 0.4986 -0.0596 0.3477 0.2871
poisongolem.tga
48 -87.8348 -47.1035 7.1466 0.0861 -0.9633 -0.2541 0.2229 0.1588
48 -95.3857 -47.5407 5.5299 0.1063 -0.9661 -0.2352 0.2035 0.1545
47 -104.1308 -52.9011 23.6008 0.0861 -0.9633 -0.2541 0.1776 0.2115
poisongolem.tga
47 -104.1308 -52.9011 23.6008 0.0861 -0.9633 -0.2541 0.1776 0.2115
47 -91.5383 -52.3924 24.8523 0.0659 -0.9598 -0.2729 0.2088 0.2204
48 -87.8348 -47.1035 7.1466 0.0861 -0.9633 -0.2541 0.2229 0.1588
poisongolem.tga
47 -91.5383 -52.3924 24.8523 0.0345 -0.9946 0.0976 0.2088 0.2204
47 -104.1308 -52.9011 23.6008 0.0309 -0.9951 0.0934 0.1792 0.2212
43 -105.3946 -51.7413 36.3811 0.0345 -0.9946 0.0976 0.1629 0.2698
poisongolem.tga
43 -105.3946 -51.7413 36.3811 0.0345 -0.9946 0.0976 0.1629 0.2698
43 -85.5118 -50.2890 43.1435 0.0380 -0.9941 0.1018 0.2059 0.2843
47 -91.5383 -52.3924 24.8523 0.0345 -0.9946 0.0976 0.2088 0.2204
poisongolem.tga
48 -91.9059 -19.8827 7.7391 0.1902 0.0544 -0.9802 0.2726 0.1093
48 -101.6003 -20.3887 5.9935 0.1741 0.0566 -0.9831 0.2448 0.0866
48 -95.3857 -47.5407 5.5299 0.1902 0.0544 -0.9802 0.2018 0.1507
poisongolem.tga
48 -95.3857 -47.5407 5.5299 0.1902 0.0544 -0.9802 0.2018 0.1507
48 -87.8348 -47.1035 7.1466 0.2062 0.0521 -0.9771 0.2238 0.1684
48 -91.9059 -19.8827 7.7391 0.1902 0.0544 -0.9802 0.2726 0.1093
poisongolem.tga
48 -101.6003 -20.3887 5.9935 -0.9099 -0.1406 -0.3903 0.1505 0.1259
47 -107.1106 -15.2249 21.6738 -0.9485 -0.0905 -0.3035 0.0999 0.2085
47 -104.1308 -52.9011 23.6008 -0.9099 -0.1406 -0.3903 0.1776 0.2115
poisongolem.tga
47 -104.1308 -52.9011 23.6008 -0.9099 -0.1406 -0.3903 0.1776 0.2115
48 -95.3857 -47.5407 5.5299 -0.8608 -0.1889 -0.4726 0.2019 0.1491
48 -101.6003 -20.3887 5.9935 -0.9099 -0.1406 -0.3903 0.1505 0.1259
poisongolem.tga
47 -107.1106 -15.2249 21.6738 -0.9772 -0.1172 -0.1769 0.0999 0.2085
43 -110.6352 -12.3501 32.8713 -0.9534 -0.1501 -0.2616 0.0824 0.2615
43 -105.3946 -51.7413 36.3811 -0.9772 -0.1172 -0.1769 0.1629 0.2698
poisongolem.tga
43 -105.3946 -51.7413 36.3811 -0.9772 -0.1172 -0.1769 0.1629 0.2698
47 -104.1308 -52.9011 23.6008 -0.9924 -0.0831 -0.0906 0.1776 0.2115
47 -107.1106 -15.2249 21.6738 -0.9772 -0.1172 -0.1769 0.0999 0.2085
poisongolem.tga
43 -100.1899 -27.9583 56.9921 -0.9343 -0.0936 0.3440 0.1306 0.3353
43 -105.3946 -51.7413 36.3811 -0.9343 -0.0936 0.3440 0.1629 0.2698
43 -110.6352 -12.3501 32.8713 -0.9343 -0.0936 0.3440 0.0908 0.2715
poisongolem.tga
45 -73.4158 -47.1562 18.6452 0.0456 -0.1337 -0.9900 0.8442 0.0769
45 -67.3423 -33.3655 17.0631 0.0456 -0.1337 -0.9900 0.8400 0.0606
45 -81.1586 -37.7735 17.0215 0.0456 -0.1337 -0.9900 0.8607 0.0865
poisongolem.tga
43 -88.5710 -5.0870 37.8409 0.9345 0.0385 -0.3538 0.3443 0.1148
47 -93.9380 -9.9253 24.6204 0.9189 0.0498 -0.3913 0.3367 0.0781
47 -91.5383 -52.3924 24.8523 0.9345 0.0385 -0.3538 0.2088 0.2204
poisongolem.tga
47 -91.5383 -52.3924 24.8523 0.9345 0.0385 -0.3538 0.2088 0.2204
43 -85.5118 -50.2890 43.1435 0.9485 0.0272 -0.3156 0.2059 0.2843
43 -88.5710 -5.0870 37.8409 0.9345 0.0385 -0.3538 0.3443 0.1148
poisongolem.tga
47 -93.9380 -9.9253 24.6204 0.9866 0.1023 0.1270 0.3222 0.1062
48 -91.9059 -19.8827 7.7391 0.9886 0.1471 0.0322 0.2959 0.0886
48 -87.8348 -47.1035 7.1466 0.9866 0.1023 0.1270 0.2229 0.1588
poisongolem.tga
48 -87.8348 -47.1035 7.1466 0.9866 0.1023 0.1270 0.2229 0.1588
47 -91.5383 -52.3924 24.8523 0.9738 0.0562 0.2205 0.2088 0.2204
47 -93.9380 -9.9253 24.6204 0.9866 0.1023 0.1270 0.3222 0.1062
poisongolem.tga
43 -95.1974 -15.6396 55.1683 -0.6096 0.5484 0.5724 0.0814 0.3355
43 -100.1899 -27.9583 56.9921 -0.7273 0.3794 0.5720 0.1296 0.3372
43 -110.6352 -12.3501 32.8713 -0.6331 0.5711 0.5226 0.0908 0.2715
poisongolem.tga
43 -110.6352 -12.3501 32.8713 -0.6331 0.5711 0.5226 0.0908 0.2715
43 -85.4964 -8.4535 54.2938 -0.4653 0.6949 0.5483 0.0412 0.3438
43 -95.1974 -15.6396 55.1683 -0.6096 0.5484 0.5724 0.0814 0.3355
poisongolem.tga
43 -85.5118 -50.2890 43.1435 0.7161 -0.0333 -0.6972 0.2059 0.2843
43 -75.4821 -26.0607 52.2867 0.7161 -0.0333 -0.6972 0.2630 0.3223
43 -88.5710 -5.0870 37.8409 0.7161 -0.0333 -0.6972 0.3477 0.2871
poisongolem.tga
44 -75.6284 -48.2130 32.2965 0.0115 -0.9840 -0.1778 0.7953 0.1173
44 -83.6951 -38.9028 31.7509 -0.5724 -0.5325 -0.6235 0.8191 0.1377
43 -85.5118 -50.2890 43.1435 0.0115 -0.9840 -0.1778 0.8123 0.1524
poisongolem.tga
43 -85.5118 -50.2890 43.1435 0.0115 -0.9840 -0.1778 0.8123 0.1524
43 -87.4304 -43.3868 58.1016 0.5869 -0.7039 0.4001 0.7595 0.1559
44 -75.6284 -48.2130 32.2965 0.0115 -0.9840 -0.1778 0.7953 0.1173
poisongolem.tga
44 -70.1637 -33.4813 35.1445 0.8073 -0.3987 0.4352 0.7808 0.0799
44 -75.6284 -48.2130 32.2965 0.8096 -0.3858 0.4424 0.8074 0.1306
43 -87.4304 -43.3868 58.1016 0.7674 -0.3382 0.5447 0.7595 0.1559
poisongolem.tga
43 -87.4304 -43.3868 58.1016 0.7674 -0.3382 0.5447 0.7595 0.1559
43 -75.4821 -26.0607 52.2867 0.7415 -0.3120 0.5939 0.7372 0.0801
44 -70.1637 -33.4813 35.1445 0.8073 -0.3987 0.4352 0.7808 0.0799
poisongolem.tga
44 -83.6951 -38.9028 31.7509 -0.6920 0.7032 -0.1630 0.7808 0.0799
44 -70.1637 -33.4813 35.1445 -0.2341 0.8636 -0.4465 0.7947 0.0520
43 -75.4821 -26.0607 52.2867 -0.6920 0.7032 -0.1630 0.7530 0.0094
poisongolem.tga
43 -75.4821 -26.0607 52.2867 -0.6920 0.7032 -0.1630 0.7530 0.0094
43 -85.5118 -50.2890 43.1435 -0.9314 0.3207 0.1720 0.7372 0.0801
44 -83.6951 -38.9028 31.7509 -0.6920 0.7032 -0.1630 0.7808 0.0799
poisongolem.tga
45 -73.4158 -47.1562 18.6452 -0.7418 -0.6477 -0.1739 0.8442 0.0769
45 -81.1586 -37.7735 17.0215 -0.7437 -0.6445 -0.1775 0.8634 0.0922
44 -83.6951 -38.9028 31.7509 -0.7418 -0.6477 -0.1739 0.8226 0.1242
poisongolem.tga
44 -83.6951 -38.9028 31.7509 -0.7418 -0.6477 -0.1739 0.8226 0.1242
44 -75.6284 -48.2130 32.2965 -0.7398 -0.6509 -0.1703 0.7953 0.1173
45 -73.4158 -47.1562 18.6452 -0.7418 -0.6477 -0.1739 0.8442 0.0769
poisongolem.tga
45 -73.4158 -47.1562 18.6452 0.9175 -0.3757 0.1306 0.8442 0.0769
44 -75.6284 -48.2130 32.2965 0.9228 -0.3657 0.1213 0.8000 0.0923
44 -70.1637 -33.4813 35.1445 0.9175 -0.3757 0.1306 0.7808 0.0799
poisongolem.tga
44 -70.1637 -33.4813 35.1445 0.9175 -0.3757 0.1306 0.7808 0.0799
45 -67.3423 -33.3655 17.0631 0.9120 -0.3856 0.1398 0.8400 0.0606
45 -73.4158 -47.1562 18.6452 0.9175 -0.3757 0.1306 0.8442 0.0769
poisongolem.tga
45 -81.1586 -37.7735 17.0215 -0.3388 0.9407 -0.0172 0.8400 0.0606
45 -67.3423 -33.3655 17.0631 -0.3036 0.9519 -0.0413 0.8363 0.0310
44 -70.1637 -33.4813 35.1445 -0.3388 0.9407 -0.0172 0.7882 0.0331
poisongolem.tga
44 -70.1637 -33.4813 35.1445 -0.3388 0.9407 -0.0172 0.7882 0.0331
44 -83.6951 -38.9028 31.7509 -0.3734 0.9277 0.0068 0.8098 0.0605
45 -81.1586 -37.7735 17.0215 -0.3388 0.9407 -0.0172 0.8400 0.0606
poisongolem.tga
43 -105.3946 -51.7413 36.3811 -0.0731 -0.9091 0.4101 0.1629 0.2698
43 -87.4304 -43.3868 58.1016 -0.0731 -0.9091 0.4101 0.1924 0.3353
43 -85.5118 -50.2890 43.1435 -0.0731 -0.9091 0.4101 0.2059 0.2843
poisongolem.tga
43 -88.5710 -5.0870 37.8409 -0.3531 0.9014 0.2504 0.0440 0.2871
43 -85.4964 -8.4535 54.2938 -0.3531 0.9014 0.2504 0.0349 0.3338
43 -110.6352 -12.3501 32.8713 -0.3531 0.9014 0.2504 0.0908 0.2715
poisongolem.tga
43 -100.1899 -27.9583 56.9921 -0.5628 -0.4140 0.7155 0.1585 0.3364
43 -87.4304 -43.3868 58.1016 -0.5628 -0.4140 0.7155 0.1924 0.3353
43 -105.3946 -51.7413 36.3811 -0.5977 -0.4464 0.6660 0.1629 0.2698
poisongolem.tga
43 -85.4964 -8.4535 54.2938 0.8367 0.4385 0.3280 0.5866 0.7309
43 -75.4821 -26.0607 52.2867 0.8367 0.4385 0.3280 0.4980 0.5628
43 -90.3445 -23.2187 66.1440 0.1073 -0.0480 0.9931 0.6201 0.5780
poisongolem.tga
43 -100.1899 -27.9583 56.9921 -0.7273 0.3794 0.5720 0.7279 0.5425
43 -95.1974 -15.6396 55.1683 -0.6096 0.5484 0.5724 0.6797 0.6620
43 -90.3445 -23.2187 66.1440 -0.5841 0.5238 0.6200 0.6201 0.5780
poisongolem.tga
43 -95.1974 -15.6396 55.1683 -0.6096 0.5484 0.5724 0.6797 0.6620
43 -85.4964 -8.4535 54.2938 -0.4653 0.6949 0.5483 0.5866 0.7309
43 -90.3445 -23.2187 66.1440 -0.5841 0.5238 0.6200 0.6201 0.5780
poisongolem.tga
43 -75.4821 -26.0607 52.2867 0.7415 -0.3120 0.5939 0.4980 0.5628
43 -87.4304 -43.3868 58.1016 0.7674 -0.3382 0.5447 0.6083 0.3920
43 -90.3445 -23.2187 66.1440 0.6475 -0.1997 0.7354 0.6201 0.5780
poisongolem.tga
43 -87.4304 -43.3868 58.1016 -0.5628 -0.4140 0.7155 0.6083 0.3920
43 -100.1899 -27.9583 56.9921 -0.5628 -0.4140 0.7155 0.7279 0.5425
43 -90.3445 -23.2187 66.1440 0.1073 -0.0480 0.9931 0.6201 0.5780
poisongolem.tga
19 -20.4257 -2.7524 169.3994 -0.6415 0.6482 0.4102 0.7154 0.8373
19 -44.5375 -12.2831 151.8536 -0.6053 0.6259 0.4918 0.6148 0.8240
19 -46.6338 -31.1423 173.2772 -0.6415 0.6482 0.4102 0.6130 0.9231
poisongolem.tga
19 -46.6338 -31.1423 173.2772 -0.6415 0.6482 0.4102 0.6130 0.9231
19 -31.7447 -22.3428 186.0677 -0.6723 0.6651 0.3251 0.6819 0.9294
19 -20.4257 -2.7524 169.3994 -0.6415 0.6482 0.4102 0.7154 0.8373
poisongolem.tga
19 -49.0957 -21.0993 145.8083 -0.7486 -0.0035 -0.6630 0.9857 0.7674
19 -32.3555 -1.1038 128.5936 -0.7490 0.0588 -0.6600 0.9363 0.7060
19 -32.2618 -20.0870 126.7951 -0.7486 -0.0035 -0.6630 0.9245 0.7605
poisongolem.tga
19 -32.2618 -20.0870 126.7951 -0.7486 -0.0035 -0.6630 0.9245 0.7605
19 -39.0211 -35.2398 135.8913 -0.7454 -0.0658 -0.6634 0.9534 0.7940
19 -49.0957 -21.0993 145.8083 -0.7486 -0.0035 -0.6630 0.9857 0.7674
poisongolem.tga
19 -13.9739 -40.7253 182.9920 -0.3651 -0.3848 0.8477 0.7176 0.9913
19 -31.7447 -22.3428 186.0677 -0.3781 -0.4963 0.7815 0.6634 0.9380
19 -46.6338 -31.1423 173.2772 -0.3651 -0.3848 0.8477 0.6130 0.9231
poisongolem.tga
19 -46.6338 -31.1423 173.2772 -0.3651 -0.3848 0.8477 0.6130 0.9231
19 -43.8310 -43.9286 170.5613 -0.3459 -0.2669 0.8995 0.6238 0.9438
19 -13.9739 -40.7253 182.9920 -0.3651 -0.3848 0.8477 0.7176 0.9913
poisongolem.tga
19 -10.7580 -56.9358 151.3051 0.0005 -0.8869 0.4619 0.8626 0.8829
19 9.6005 -59.3900 153.1262 0.1095 -0.7874 0.6066 0.7891 0.9043
19 6.6845 -48.0109 168.4227 0.1284 -0.8716 0.4731 0.7891 0.9493
poisongolem.tga
19 6.6845 -48.0109 168.4227 0.1284 -0.8716 0.4731 0.7891 0.9493
19 -13.3923 -52.5269 164.8097 0.1495 -0.9310 0.3331 0.8627 0.9212
19 -10.7580 -56.9358 151.3051 0.0005 -0.8869 0.4619 0.8626 0.8829
poisongolem.tga
19 -31.7447 -22.3428 186.0677 0.2020 -0.0007 0.9794 0.6634 0.9380
19 -13.9739 -40.7253 182.9920 0.2144 0.0440 0.9758 0.7172 0.9942
19 3.6070 -32.7143 178.7689 -0.0383 -0.0427 0.9984 0.7891 0.9684
poisongolem.tga
19 3.6070 -32.7143 178.7689 -0.0383 -0.0427 0.9984 0.7891 0.9684
19 -0.2568 -10.5033 180.5393 -0.0310 -0.0848 0.9959 0.7891 0.8992
19 -31.7447 -22.3428 186.0677 0.2020 -0.0007 0.9794 0.6634 0.9380
poisongolem.tga
19 -2.5753 5.2790 172.4408 -0.1420 0.6291 0.7642 0.7891 0.8285
19 -20.4257 -2.7524 169.3994 -0.4176 0.7166 0.5586 0.7183 0.8440
19 -31.7447 -22.3428 186.0677 -0.2260 0.6124 0.7576 0.6634 0.9380
poisongolem.tga
19 -31.7447 -22.3428 186.0677 -0.2260 0.6124 0.7576 0.6634 0.9380
19 -0.2568 -10.5033 180.5393 -0.1156 0.4400 0.8905 0.7891 0.8992
19 -2.5753 5.2790 172.4408 -0.1420 0.6291 0.7642 0.7891 0.8285
poisongolem.tga
19 -16.6480 -24.4119 113.3166 -0.4460 -0.2005 -0.8723 0.8702 0.7302
19 4.6015 -17.9239 101.7784 0.0531 -0.0446 -0.9976 0.7964 0.7187
19 6.3573 -28.3829 102.3398 0.0647 -0.1141 -0.9914 0.7891 0.7418
poisongolem.tga
19 -16.6480 -24.4119 113.3166 -0.4460 -0.2005 -0.8723 0.8702 0.7302
19 6.3573 -28.3829 102.3398 0.0647 -0.1141 -0.9914 0.7891 0.7418
19 -5.7483 -37.6577 111.3582 -0.4457 -0.2392 -0.8626 0.8329 0.7614
poisongolem.tga
19 -16.6480 -24.4119 113.3166 -0.4460 -0.2005 -0.8723 0.8702 0.7302
19 -5.7483 -37.6577 111.3582 -0.4457 -0.2392 -0.8626 0.8329 0.7614
19 -15.3659 -42.4344 117.5200 -0.4397 -0.2336 -0.8673 0.8685 0.7530
poisongolem.tga
19 -9.6271 -43.0784 117.4125 -0.0027 -0.5960 -0.8030 0.8543 0.7974
19 -13.3633 -56.1342 127.7907 0.0723 -0.6332 -0.7706 0.8461 0.8438
19 -22.8664 -59.2787 129.4831 -0.0027 -0.5960 -0.8030 0.9091 0.8415
poisongolem.tga
19 -22.8664 -59.2787 129.4831 -0.0027 -0.5960 -0.8030 0.9091 0.8415
19 -15.3659 -42.4344 117.5200 -0.0777 -0.5541 -0.8288 0.8808 0.7914
19 -9.6271 -43.0784 117.4125 -0.0027 -0.5960 -0.8030 0.8543 0.7974
poisongolem.tga
19 -10.7580 -56.9358 151.3051 0.0372 -0.9956 0.0863 0.8626 0.8829
19 -23.1192 -54.7731 147.7214 -0.2321 -0.9451 0.2302 0.9174 0.8808
19 -22.8664 -59.2787 129.4831 0.0372 -0.9956 0.0863 0.9091 0.8415
poisongolem.tga
19 -22.8664 -59.2787 129.4831 0.0372 -0.9956 0.0863 0.9091 0.8415
19 -13.3633 -56.1342 127.7907 0.3028 -0.9508 -0.0660 0.8461 0.8438
19 -10.7580 -56.9358 151.3051 0.0372 -0.9956 0.0863 0.8626 0.8829
poisongolem.tga
19 -39.4248 -51.1068 154.1602 -0.8498 -0.5222 -0.0720 0.9628 0.8940
19 -43.8310 -43.9286 170.5613 -0.8491 -0.5283 0.0031 0.9741 0.9296
19 -50.4396 -33.3940 155.6833 -0.8498 -0.5222 -0.0720 1.0001 0.8502
poisongolem.tga
19 -50.4396 -33.3940 155.6833 -0.8498 -0.5222 -0.0720 1.0001 0.8502
19 -37.1393 -50.7904 139.8725 -0.8456 -0.5132 -0.1466 0.9661 0.8479
19 -39.4248 -51.1068 154.1602 -0.8498 -0.5222 -0.0720 0.9628 0.8940
poisongolem.tga
19 3.6070 -32.7143 178.7689 0.0900 -0.7145 0.6938 0.7891 0.9710
19 -13.9739 -40.7253 182.9920 0.4560 -0.7398 0.4948 0.8615 0.9750
19 -13.3923 -52.5269 164.8097 0.2278 -0.6838 0.6932 0.8672 0.9298
poisongolem.tga
19 -13.3923 -52.5269 164.8097 0.2278 -0.6838 0.6932 0.8672 0.9298
19 6.6845 -48.0109 168.4227 0.0560 -0.5516 0.8322 0.7878 0.9331
19 3.6070 -32.7143 178.7689 0.0900 -0.7145 0.6938 0.7891 0.9710
poisongolem.tga
19 -13.3923 -52.5269 164.8097 -0.0563 -0.9853 0.1616 0.8672 0.9298
19 -31.4662 -54.9264 163.9389 0.1287 -0.9901 0.0569 0.9148 0.9217
19 -23.1192 -54.7731 147.7214 -0.0563 -0.9853 0.1616 0.9068 0.8909
poisongolem.tga
19 -23.1192 -54.7731 147.7214 -0.0563 -0.9853 0.1616 0.9068 0.8909
19 -10.7580 -56.9358 151.3051 -0.2388 -0.9359 0.2590 0.8732 0.9020
19 -13.3923 -52.5269 164.8097 -0.0563 -0.9853 0.1616 0.8672 0.9298
poisongolem.tga
19 -13.3923 -52.5269 164.8097 0.0846 -0.8346 0.5444 0.8672 0.9298
19 -13.9739 -40.7253 182.9920 0.0846 -0.8346 0.5444 0.8615 0.9750
19 -31.4662 -54.9264 163.9389 0.0846 -0.8346 0.5444 0.9148 0.9217
poisongolem.tga
19 9.6005 -59.3900 153.1262 0.1772 -0.9827 0.0543 0.7891 0.9043
19 -10.7580 -56.9358 151.3051 -0.1178 -0.9928 -0.0208 0.8626 0.8829
19 -13.3633 -56.1342 127.7907 -0.1966 -0.9791 0.0524 0.8461 0.8438
poisongolem.tga
19 -13.3633 -56.1342 127.7907 -0.1966 -0.9791 0.0524 0.8461 0.8438
19 10.0545 -60.8924 142.6542 0.1814 -0.9723 0.1474 0.7891 0.8615
19 9.6005 -59.3900 153.1262 0.1772 -0.9827 0.0543 0.7891 0.9043
poisongolem.tga
19 -23.1192 -54.7731 147.7214 -0.2727 -0.9504 -0.1493 0.9068 0.8909
19 -31.4662 -54.9264 163.9389 -0.2727 -0.9504 -0.1493 0.9148 0.9217
19 -39.4248 -51.1068 154.1602 -0.2727 -0.9504 -0.1493 0.9628 0.8940
poisongolem.tga
19 -31.4662 -54.9264 163.9389 -0.4333 -0.7696 0.4690 0.9148 0.9217
19 -13.9739 -40.7253 182.9920 -0.2214 -0.6735 0.7052 0.8615 0.9750
19 -43.8310 -43.9286 170.5613 -0.4333 -0.7696 0.4690 0.9741 0.9296
poisongolem.tga
19 -15.3659 -42.4344 117.5200 -0.0929 -0.7115 -0.6965 0.8809 0.7912
19 -5.7483 -37.6577 111.3582 -0.0929 -0.7115 -0.6965 0.8329 0.7614
19 -9.6271 -43.0784 117.4125 -0.0929 -0.7115 -0.6965 0.8543 0.7974
poisongolem.tga
19 -9.6271 -43.0784 117.4125 -0.5205 -0.6355 -0.5702 0.8543 0.7974
19 -3.8565 -47.5236 112.6446 -0.7198 -0.6361 -0.2781 0.8337 0.7994
19 -0.5409 -56.0585 123.5858 -0.5205 -0.6355 -0.5702 0.8248 0.8337
poisongolem.tga
19 -0.5409 -56.0585 123.5858 -0.5205 -0.6355 -0.5702 0.8248 0.8337
19 -13.3633 -56.1342 127.7907 -0.2561 -0.5555 -0.7911 0.8461 0.8438
19 -9.6271 -43.0784 117.4125 -0.5205 -0.6355 -0.5702 0.8543 0.7974
poisongolem.tga
19 -13.3633 -56.1342 127.7907 -0.1152 -0.9474 -0.2987 0.8461 0.8438
19 -0.5409 -56.0585 123.5858 -0.1342 -0.8950 -0.4255 0.8248 0.8337
19 10.3801 -57.6929 123.5779 0.1874 -0.9504 -0.2484 0.7891 0.8436
poisongolem.tga
19 10.3801 -57.6929 123.5779 0.1874 -0.9504 -0.2484 0.7891 0.8436
19 10.0545 -60.8924 142.6542 0.1938 -0.9681 -0.1591 0.7891 0.8615
19 -13.3633 -56.1342 127.7907 -0.1152 -0.9474 -0.2987 0.8461 0.8438
poisongolem.tga
19 -32.2618 -20.0870 126.7951 -0.6542 -0.1909 -0.7318 0.9245 0.7605
19 -16.6480 -24.4119 113.3166 -0.6716 -0.2133 -0.7096 0.8684 0.7531
19 -15.3659 -42.4344 117.5200 -0.6542 -0.1909 -0.7318 0.8809 0.7912
poisongolem.tga
19 -15.3659 -42.4344 117.5200 -0.6542 -0.1909 -0.7318 0.8809 0.7912
19 -39.0211 -35.2398 135.8913 -0.6360 -0.1683 -0.7531 0.9534 0.7938
19 -32.2618 -20.0870 126.7951 -0.6542 -0.1909 -0.7318 0.9245 0.7605
poisongolem.tga
19 -37.1393 -50.7904 139.8725 -0.3133 -0.9463 0.0795 0.9653 0.8494
19 -22.8664 -59.2787 129.4831 -0.3773 -0.9003 0.2172 0.9091 0.8415
19 -23.1192 -54.7731 147.7214 -0.3133 -0.9463 0.0795 0.9068 0.8909
poisongolem.tga
19 -23.1192 -54.7731 147.7214 -0.3133 -0.9463 0.0795 0.9068 0.8909
19 -39.4248 -51.1068 154.1602 -0.2415 -0.9685 -0.0601 0.9627 0.8879
19 -37.1393 -50.7904 139.8725 -0.3133 -0.9463 0.0795 0.9653 0.8494
poisongolem.tga
19 -50.4396 -33.3940 155.6833 -0.9777 0.0197 0.2090 0.5620 0.8794
19 -43.8310 -43.9286 170.5613 -0.9377 -0.2556 0.2355 0.5771 0.9416
19 -46.6338 -31.1423 173.2772 -0.9777 0.0197 0.2090 0.6130 0.9231
poisongolem.tga
19 -46.6338 -31.1423 173.2772 -0.9777 0.0197 0.2090 0.6130 0.9231
19 -44.5375 -12.2831 151.8536 -0.9415 0.2933 0.1661 0.6148 0.8240
19 -50.4396 -33.3940 155.6833 -0.9777 0.0197 0.2090 0.5620 0.8794
poisongolem.tga
19 -49.0957 -21.0993 145.8083 -0.7061 0.6972 -0.1237 0.5827 0.7905
19 -44.5375 -12.2831 151.8536 -0.6712 0.6228 -0.4021 0.6231 0.7941
19 -17.5790 10.0473 141.4422 -0.7061 0.6972 -0.1237 0.7294 0.7222
poisongolem.tga
19 -17.5790 10.0473 141.4422 -0.7061 0.6972 -0.1237 0.7294 0.7222
19 -32.3555 -1.1038 128.5936 -0.6816 0.7128 0.1652 0.6468 0.7083
19 -49.0957 -21.0993 145.8083 -0.7061 0.6972 -0.1237 0.5827 0.7905
poisongolem.tga
19 4.6015 -17.9239 101.7784 0.0831 -0.2281 -0.9701 0.7891 0.6923
19 -16.6480 -24.4119 113.3166 -0.3744 -0.3209 -0.8700 0.8702 0.7302
19 -12.7063 -0.3714 102.7518 -0.3317 -0.2771 -0.9018 0.8427 0.6430
poisongolem.tga
19 -12.7063 -0.3714 102.7518 -0.3317 -0.2771 -0.9018 0.8427 0.6430
19 1.3158 2.4576 97.7085 0.0760 -0.1835 -0.9801 0.7927 0.6256
19 4.6015 -17.9239 101.7784 0.0831 -0.2281 -0.9701 0.7891 0.6923
poisongolem.tga
19 -16.6480 -24.4119 113.3166 -0.5997 -0.2967 -0.7432 0.8702 0.7302
19 -32.2618 -20.0870 126.7951 -0.6682 -0.3214 -0.6709 0.9245 0.7605
19 -26.1015 -2.0382 112.0125 -0.5997 -0.2967 -0.7432 0.8835 0.6580
poisongolem.tga
19 -26.1015 -2.0382 112.0125 -0.5997 -0.2967 -0.7432 0.8835 0.6580
19 -12.7063 -0.3714 102.7518 -0.5249 -0.2688 -0.8076 0.8422 0.6419
19 -16.6480 -24.4119 113.3166 -0.5997 -0.2967 -0.7432 0.8702 0.7302
poisongolem.tga
19 -26.1015 -2.0382 112.0125 -0.9350 0.0230 -0.3539 0.8835 0.6580
19 -32.2618 -20.0870 126.7951 -0.9347 0.0289 -0.3542 0.9245 0.7605
19 -32.3555 -1.1038 128.5936 -0.9350 0.0230 -0.3539 0.9363 0.7060
poisongolem.tga
19 -32.3555 -1.1038 128.5936 -0.9350 0.0230 -0.3539 0.9363 0.7060
19 -30.2187 5.4066 123.2561 -0.9352 0.0170 -0.3537 0.9216 0.6691
19 -26.1015 -2.0382 112.0125 -0.9350 0.0230 -0.3539 0.8835 0.6580
poisongolem.tga
19 -30.2187 5.4066 123.2561 -0.8070 0.3581 0.4695 0.6724 0.6718
19 -32.3555 -1.1038 128.5936 -0.7439 0.5525 0.3761 0.6716 0.7016
19 -17.5790 10.0473 141.4422 -0.8070 0.3581 0.4695 0.7294 0.7222
poisongolem.tga
19 -17.5790 10.0473 141.4422 -0.8070 0.3581 0.4695 0.7294 0.7222
19 -21.9843 22.6426 131.2646 -0.8294 0.1457 0.5393 0.7192 0.6544
19 -30.2187 5.4066 123.2561 -0.8070 0.3581 0.4695 0.6724 0.6718
poisongolem.tga
19 -21.9843 22.6426 131.2646 -0.4421 0.5906 0.6750 0.7192 0.6544
19 -17.5790 10.0473 141.4422 -0.5648 0.3901 0.7272 0.7270 0.7185
19 -3.3367 15.9378 149.3443 -0.1479 0.6743 0.7235 0.7891 0.7320
poisongolem.tga
19 -3.3367 15.9378 149.3443 -0.1479 0.6743 0.7235 0.7891 0.7320
19 -5.0110 31.3494 128.5158 -0.1612 0.7871 0.5954 0.7891 0.6272
19 -21.9843 22.6426 131.2646 -0.4421 0.5906 0.6750 0.7192 0.6544
poisongolem.tga
19 -44.5375 -12.2831 151.8536 -0.5343 0.7878 0.3063 0.6148 0.8240
19 -20.4257 -2.7524 169.3994 -0.5343 0.7878 0.3063 0.7154 0.8373
19 -17.5790 10.0473 141.4422 -0.5343 0.7878 0.3063 0.7294 0.7222
poisongolem.tga
19 -20.4257 -2.7524 169.3994 -0.4702 0.8088 0.3531 0.7154 0.8373
19 -2.5753 5.2790 172.4408 -0.1711 0.8924 0.4175 0.7872 0.8257
19 -3.3367 15.9378 149.3443 -0.1720 0.9062 0.3863 0.7891 0.7320
poisongolem.tga
19 -3.3367 15.9378 149.3443 -0.1720 0.9062 0.3863 0.7891 0.7320
19 -17.5790 10.0473 141.4422 -0.5069 0.8021 0.3156 0.7294 0.7222
19 -20.4257 -2.7524 169.3994 -0.4702 0.8088 0.3531 0.7154 0.8373
poisongolem.tga
19 10.3801 -57.6929 123.5779 0.1576 -0.7549 -0.6366 0.7891 0.8436
19 -0.5409 -56.0585 123.5858 -0.1202 -0.8001 -0.5877 0.8248 0.8337
19 -3.8565 -47.5236 112.6446 -0.0683 -0.7733 -0.6303 0.8337 0.7994
poisongolem.tga
19 -3.8565 -47.5236 112.6446 -0.0683 -0.7733 -0.6303 0.8337 0.7994
19 9.0902 -46.9296 111.6745 0.1541 -0.7245 -0.6718 0.7891 0.7876
19 10.3801 -57.6929 123.5779 0.1576 -0.7549 -0.6366 0.7891 0.8436
poisongolem.tga
19 9.0902 -46.9296 111.6745 0.1142 -0.4306 -0.8953 0.7891 0.7876
19 -3.8565 -47.5236 112.6446 -0.0495 -0.4094 -0.9110 0.8337 0.7994
19 -0.3243 -39.3569 108.7822 -0.0951 -0.4562 -0.8848 0.8187 0.7796
poisongolem.tga
19 -0.3243 -39.3569 108.7822 -0.0951 -0.4562 -0.8848 0.8187 0.7796
19 7.5503 -36.2846 105.6878 0.1204 -0.4733 -0.8726 0.7893 0.7625
19 9.0902 -46.9296 111.6745 0.1142 -0.4306 -0.8953 0.7891 0.7876
poisongolem.tga
19 -3.8565 -47.5236 112.6446 -0.6019 -0.2157 -0.7689 0.8337 0.7994
19 -9.6271 -43.0784 117.4125 -0.7174 -0.2236 -0.6598 0.8543 0.7974
19 -5.7483 -37.6577 111.3582 -0.6019 -0.2157 -0.7689 0.8329 0.7614
poisongolem.tga
19 -5.7483 -37.6577 111.3582 -0.6019 -0.2157 -0.7689 0.8329 0.7614
19 -0.3243 -39.3569 108.7822 -0.4711 -0.2023 -0.8586 0.8185 0.7795
19 -3.8565 -47.5236 112.6446 -0.6019 -0.2157 -0.7689 0.8337 0.7994
poisongolem.tga
19 -0.3243 -39.3569 108.7822 -0.3375 -0.3152 -0.8870 0.8187 0.7796
19 -5.7483 -37.6577 111.3582 -0.4729 -0.2138 -0.8548 0.8329 0.7614
19 6.3573 -28.3829 102.3398 0.0897 -0.2695 -0.9588 0.7891 0.7418
poisongolem.tga
19 6.3573 -28.3829 102.3398 0.0897 -0.2695 -0.9588 0.7891 0.7418
19 7.5503 -36.2846 105.6878 0.1058 -0.3744 -0.9212 0.7893 0.7625
19 -0.3243 -39.3569 108.7822 -0.3375 -0.3152 -0.8870 0.8187 0.7796
poisongolem.tga
19 -12.7063 -0.3714 102.7518 -0.3812 0.4597 -0.8021 0.9165 0.1158
19 -1.8476 18.2090 108.2388 -0.0551 0.5473 -0.8351 0.8555 0.1610
19 1.3158 2.4576 97.7085 -0.0551 0.5473 -0.8351 0.8555 0.0980
poisongolem.tga
19 -26.1015 -2.0382 112.0125 -0.5311 0.5102 -0.6765 0.9999 0.1586
19 -1.8476 18.2090 108.2388 -0.0796 0.6661 -0.7416 0.8555 0.1610
19 -12.7063 -0.3714 102.7518 -0.5311 0.5102 -0.6765 0.9165 0.1158
poisongolem.tga
19 -30.2187 5.4066 123.2561 -0.5702 0.5733 -0.5884 0.9865 0.2269
19 -1.8476 18.2090 108.2388 -0.0986 0.7532 -0.6504 0.8555 0.1610
19 -26.1015 -2.0382 112.0125 -0.5702 0.5733 -0.5884 0.9999 0.1586
poisongolem.tga
19 -21.9843 22.6426 131.2646 -0.5708 0.5542 -0.6059 0.9215 0.2621
19 -1.8476 18.2090 108.2388 -0.0944 0.7343 -0.6722 0.8555 0.1610
19 -30.2187 5.4066 123.2561 -0.5708 0.5542 -0.6059 0.9865 0.2269
poisongolem.tga
19 -5.0110 31.3494 128.5158 -0.1153 0.8253 -0.5528 0.8494 0.2160
19 -1.8476 18.2090 108.2388 -0.1153 0.8253 -0.5528 0.8555 0.1610
19 -21.9843 22.6426 131.2646 -0.4528 0.7143 -0.5336 0.9215 0.2621
poisongolem.tga
19 -15.3659 -42.4344 117.5200 -0.6485 -0.2414 -0.7219 0.8809 0.7912
19 -22.8664 -59.2787 129.4831 -0.6563 -0.2203 -0.7216 0.9174 0.8808
19 -37.1393 -50.7904 139.8725 -0.6485 -0.2414 -0.7219 0.9653 0.8494
poisongolem.tga
19 -37.1393 -50.7904 139.8725 -0.6485 -0.2414 -0.7219 0.9653 0.8494
19 -39.0211 -35.2398 135.8913 -0.6404 -0.2623 -0.7219 0.9534 0.7938
19 -15.3659 -42.4344 117.5200 -0.6485 -0.2414 -0.7219 0.8809 0.7912
poisongolem.tga
19 -49.0957 -21.0993 145.8083 -0.8448 -0.2451 -0.4757 0.9857 0.7674
19 -39.0211 -35.2398 135.8913 -0.8277 -0.2311 -0.5114 0.9534 0.7939
19 -37.1393 -50.7904 139.8725 -0.8448 -0.2451 -0.4757 0.9653 0.8494
poisongolem.tga
19 -37.1393 -50.7904 139.8725 -0.8448 -0.2451 -0.4757 0.9653 0.8494
19 -50.4396 -33.3940 155.6833 -0.8604 -0.2587 -0.4391 1.0001 0.8502
19 -49.0957 -21.0993 145.8083 -0.8448 -0.2451 -0.4757 0.9857 0.7674
poisongolem.tga
19 -50.4396 -33.3940 155.6833 -0.9193 0.3027 0.2517 0.5620 0.8794
19 -44.5375 -12.2831 151.8536 -0.9193 0.3027 0.2517 0.6148 0.8240
19 -49.0957 -21.0993 145.8083 -0.9193 0.3027 0.2517 0.5827 0.7905
poisongolem.tga
19 -31.4662 -54.9264 163.9389 -0.4333 -0.7696 0.4690 0.9148 0.9217
19 -43.8310 -43.9286 170.5613 -0.4333 -0.7696 0.4690 0.9741 0.9296
19 -39.4248 -51.1068 154.1602 -0.5976 -0.7810 0.1813 0.9628 0.8940
poisongolem.tga
19 50.7846 -14.5498 177.7231 0.3524 0.8175 0.4555 0.6130 0.9231
19 44.4806 2.8786 155.9161 0.3184 0.7833 0.5339 0.6148 0.8240
19 17.1211 3.6427 171.1129 0.3524 0.8175 0.4555 0.7154 0.8373
poisongolem.tga
19 17.1211 3.6427 171.1129 0.3524 0.8175 0.4555 0.7154 0.8373
19 32.7540 -11.3573 189.0112 0.3833 0.8448 0.3733 0.6819 0.9294
19 50.7846 -14.5498 177.7231 0.3524 0.8175 0.4555 0.6130 0.9231
poisongolem.tga
19 37.7417 -8.1639 129.9899 0.7633 0.2540 -0.5940 0.9245 0.7605
19 31.3990 9.7550 131.5032 0.7428 0.3129 -0.5919 0.9363 0.7060
19 52.2117 -3.8445 150.4317 0.7633 0.2540 -0.5940 0.9857 0.7674
poisongolem.tga
19 52.2117 -3.8445 150.4317 0.7633 0.2540 -0.5940 0.9857 0.7674
19 48.2941 -20.3682 139.8762 0.7809 0.1942 -0.5938 0.9534 0.7940
19 37.7417 -8.1639 129.9899 0.7633 0.2540 -0.5940 0.9245 0.7605
poisongolem.tga
19 50.7846 -14.5498 177.7231 0.3952 -0.2554 0.8824 0.6130 0.9231
19 32.7540 -11.3573 189.0112 0.4500 -0.3552 0.8193 0.6634 0.9380
19 22.4003 -34.5300 184.6520 0.3952 -0.2554 0.8824 0.7176 0.9913
poisongolem.tga
19 22.4003 -34.5300 184.6520 0.3952 -0.2554 0.8824 0.7176 0.9913
19 52.6154 -27.5018 174.9628 0.3336 -0.1512 0.9305 0.6238 0.9438
19 50.7846 -14.5498 177.7231 0.3952 -0.2554 0.8824 0.6130 0.9231
poisongolem.tga
19 6.6845 -48.0109 168.4227 0.1284 -0.8716 0.4731 0.7891 0.9493
19 9.6005 -59.3900 153.1262 0.1095 -0.7874 0.6066 0.7891 0.9043
19 27.5388 -50.4130 153.0529 0.2542 -0.8416 0.4765 0.8626 0.8829
poisongolem.tga
19 27.5388 -50.4130 153.0529 0.2542 -0.8416 0.4765 0.8626 0.8829
19 27.3622 -45.5855 166.6697 0.1376 -0.9330 0.3326 0.8629 0.9211
19 6.6845 -48.0109 168.4227 0.1284 -0.8716 0.4731 0.7891 0.9493
poisongolem.tga
19 3.6070 -32.7143 178.7689 -0.0383 -0.0427 0.9984 0.7891 0.9684
19 22.4003 -34.5300 184.6520 -0.3023 -0.0440 0.9522 0.7172 0.9942
19 32.7540 -11.3573 189.0112 -0.2763 -0.0821 0.9576 0.6634 0.9380
poisongolem.tga
19 32.7540 -11.3573 189.0112 -0.2763 -0.0821 0.9576 0.6634 0.9380
19 -0.2568 -10.5033 180.5393 -0.0310 -0.0848 0.9959 0.7891 0.8992
19 3.6070 -32.7143 178.7689 -0.0383 -0.0427 0.9984 0.7891 0.9684
poisongolem.tga
19 32.7540 -11.3573 189.0112 -0.0570 0.6412 0.7653 0.6634 0.9380
19 17.1211 3.6427 171.1129 0.1062 0.8058 0.5826 0.7183 0.8440
19 -2.5753 5.2790 172.4408 -0.1420 0.6291 0.7642 0.7891 0.8285
poisongolem.tga
19 -2.5753 5.2790 172.4408 -0.1420 0.6291 0.7642 0.7891 0.8285
19 -0.2568 -10.5033 180.5393 -0.1156 0.4400 0.8905 0.7891 0.8992
19 32.7540 -11.3573 189.0112 -0.0570 0.6412 0.7653 0.6634 0.9380
poisongolem.tga
19 25.6915 -17.2006 115.2489 0.5626 -0.0287 -0.8263 0.8702 0.7302
19 30.0688 -34.6959 119.5935 0.5671 -0.0621 -0.8213 0.8685 0.7530
19 19.9985 -33.2725 112.5332 0.5742 -0.0655 -0.8161 0.8329 0.7614
poisongolem.tga
19 25.6915 -17.2006 115.2489 0.5626 -0.0287 -0.8263 0.8702 0.7302
19 19.9985 -33.2725 112.5332 0.5742 -0.0655 -0.8161 0.8329 0.7614
19 6.3573 -28.3829 102.3398 0.0647 -0.1141 -0.9914 0.7891 0.7418
poisongolem.tga
19 25.6915 -17.2006 115.2489 0.5626 -0.0287 -0.8263 0.8702 0.7302
19 6.3573 -28.3829 102.3398 0.0647 -0.1141 -0.9914 0.7891 0.7418
19 4.6015 -17.9239 101.7784 0.0531 -0.0446 -0.9976 0.7964 0.7187
poisongolem.tga
19 41.6227 -48.2948 132.4262 0.2856 -0.5336 -0.7961 0.9091 0.8415
19 30.9617 -47.5260 128.5587 0.2405 -0.5800 -0.7783 0.8461 0.8438
19 24.8983 -37.1980 118.9881 0.2856 -0.5336 -0.7961 0.8543 0.7974
poisongolem.tga
19 24.8983 -37.1980 118.9881 0.2856 -0.5336 -0.7961 0.8543 0.7974
19 30.0688 -34.6959 119.5935 0.3294 -0.4847 -0.8103 0.8808 0.7914
19 41.6227 -48.2948 132.4262 0.2856 -0.5336 -0.7961 0.9091 0.8415
poisongolem.tga
19 41.6227 -48.2948 132.4262 0.2566 -0.9635 0.0762 0.9091 0.8415
19 38.7573 -44.2342 150.5453 0.5099 -0.8187 0.2641 0.9174 0.8808
19 27.5388 -50.4130 153.0529 0.2566 -0.9635 0.0762 0.8626 0.8829
poisongolem.tga
19 27.5388 -50.4130 153.0529 0.2566 -0.9635 0.0762 0.8626 0.8829
19 30.9617 -47.5260 128.5587 -0.0277 -0.9923 -0.1208 0.8461 0.8438
19 41.6227 -48.2948 132.4262 0.2566 -0.9635 0.0762 0.9091 0.8415
poisongolem.tga
19 56.6622 -15.1523 160.5712 0.9774 -0.2110 0.0114 1.0001 0.8502
19 52.6154 -27.5018 174.9628 0.9721 -0.2181 0.0862 0.9741 0.9296
19 52.2983 -35.4844 158.3462 0.9774 -0.2110 0.0114 0.9628 0.8940
poisongolem.tga
19 52.2983 -35.4844 158.3462 0.9774 -0.2110 0.0114 0.9628 0.8940
19 51.3109 -35.7254 143.9091 0.9772 -0.2028 -0.0634 0.9661 0.8479
19 56.6622 -15.1523 160.5712 0.9774 -0.2110 0.0114 1.0001 0.8502
poisongolem.tga
19 27.3622 -45.5855 166.6697 -0.0495 -0.7310 0.6805 0.8672 0.9298
19 22.4003 -34.5300 184.6520 -0.2278 -0.8563 0.4636 0.8615 0.9750
19 3.6070 -32.7143 178.7689 0.0900 -0.7145 0.6938 0.7891 0.9710
poisongolem.tga
19 3.6070 -32.7143 178.7689 0.0900 -0.7145 0.6938 0.7891 0.9710
19 6.6845 -48.0109 168.4227 0.0560 -0.5516 0.8322 0.7878 0.9331
19 27.3622 -45.5855 166.6697 -0.0495 -0.7310 0.6805 0.8672 0.9298
poisongolem.tga
19 38.7573 -44.2342 150.5453 0.3641 -0.9136 0.1808 0.9068 0.8909
19 45.2160 -41.8658 167.4385 0.2011 -0.9777 0.0602 0.9148 0.9217
19 27.3622 -45.5855 166.6697 0.3641 -0.9136 0.1808 0.8672 0.9298
poisongolem.tga
19 27.3622 -45.5855 166.6697 0.3641 -0.9136 0.1808 0.8672 0.9298
19 27.5388 -50.4130 153.0529 0.5107 -0.8082 0.2932 0.8732 0.9020
19 38.7573 -44.2342 150.5453 0.3641 -0.9136 0.1808 0.9068 0.8909
poisongolem.tga
19 27.3622 -45.5855 166.6697 0.1481 -0.8237 0.5473 0.8672 0.9298
19 45.2160 -41.8658 167.4385 0.1481 -0.8237 0.5473 0.9148 0.9217
19 22.4003 -34.5300 184.6520 0.1481 -0.8237 0.5473 0.8615 0.9750
poisongolem.tga
19 30.9617 -47.5260 128.5587 0.5271 -0.8484 0.0486 0.8461 0.8438
19 27.5388 -50.4130 153.0529 0.4470 -0.8935 -0.0429 0.8626 0.8829
19 9.6005 -59.3900 153.1262 0.1772 -0.9827 0.0543 0.7891 0.9043
poisongolem.tga
19 9.6005 -59.3900 153.1262 0.1772 -0.9827 0.0543 0.7891 0.9043
19 10.0545 -60.8924 142.6542 0.1814 -0.9723 0.1474 0.7890 0.8617
19 30.9617 -47.5260 128.5587 0.5271 -0.8484 0.0486 0.8461 0.8438
poisongolem.tga
19 38.7573 -44.2342 150.5453 0.5835 -0.8046 -0.1103 0.9068 0.8909
19 52.2983 -35.4844 158.3462 0.5835 -0.8046 -0.1103 0.9628 0.8940
19 45.2160 -41.8658 167.4385 0.5835 -0.8046 -0.1103 0.9148 0.9217
poisongolem.tga
19 45.2160 -41.8658 167.4385 0.6199 -0.5902 0.5171 0.9148 0.9217
19 52.6154 -27.5018 174.9628 0.6199 -0.5902 0.5171 0.9741 0.9296
19 22.4003 -34.5300 184.6520 0.3681 -0.5731 0.7321 0.8615 0.9750
poisongolem.tga
19 30.0688 -34.6959 119.5935 0.3840 -0.6303 -0.6748 0.8809 0.7912
19 24.8983 -37.1980 118.9881 0.3840 -0.6303 -0.6748 0.8543 0.7974
19 19.9985 -33.2725 112.5332 0.3840 -0.6303 -0.6748 0.8329 0.7614
poisongolem.tga
19 20.1019 -52.5426 124.5279 0.7448 -0.4200 -0.5185 0.8248 0.8337
19 21.3664 -43.2276 113.7957 0.9111 -0.3583 -0.2037 0.8337 0.7994
19 24.8983 -37.1980 118.9881 0.7448 -0.4200 -0.5185 0.8543 0.7974
poisongolem.tga
19 24.8983 -37.1980 118.9881 0.7448 -0.4200 -0.5185 0.8543 0.7974
19 30.9617 -47.5260 128.5587 0.4813 -0.4268 -0.7656 0.8461 0.8438
19 20.1019 -52.5426 124.5279 0.7448 -0.4200 -0.5185 0.8248 0.8337
poisongolem.tga
19 10.3801 -57.6929 123.5779 0.1874 -0.9504 -0.2484 0.7891 0.8436
19 20.1019 -52.5426 124.5279 0.4736 -0.8548 -0.2120 0.8248 0.8337
19 30.9617 -47.5260 128.5587 0.4698 -0.8651 -0.1755 0.8461 0.8438
poisongolem.tga
19 30.9617 -47.5260 128.5587 0.4698 -0.8651 -0.1755 0.8461 0.8438
19 10.0545 -60.8924 142.6542 0.1938 -0.9681 -0.1591 0.7891 0.8615
19 10.3801 -57.6929 123.5779 0.1874 -0.9504 -0.2484 0.7891 0.8436
poisongolem.tga
19 30.0688 -34.6959 119.5935 0.7426 0.0470 -0.6680 0.8809 0.7912
19 25.6915 -17.2006 115.2489 0.7644 0.0313 -0.6440 0.8684 0.7531
19 37.7417 -8.1639 129.9899 0.7426 0.0470 -0.6680 0.9245 0.7605
poisongolem.tga
19 37.7417 -8.1639 129.9899 0.7426 0.0470 -0.6680 0.9245 0.7605
19 48.2941 -20.3682 139.8762 0.7200 0.0626 -0.6912 0.9534 0.7938
19 30.0688 -34.6959 119.5935 0.7426 0.0470 -0.6680 0.8809 0.7912
poisongolem.tga
19 38.7573 -44.2342 150.5453 0.6000 -0.7907 0.1212 0.9068 0.8909
19 41.6227 -48.2948 132.4262 0.6328 -0.7282 0.2633 0.9091 0.8415
19 51.3109 -35.7254 143.9091 0.6000 -0.7907 0.1212 0.9653 0.8494
poisongolem.tga
19 51.3109 -35.7254 143.9091 0.6000 -0.7907 0.1212 0.9653 0.8494
19 52.2983 -35.4844 158.3462 0.5522 -0.8334 -0.0239 0.9627 0.8879
19 38.7573 -44.2342 150.5453 0.6000 -0.7907 0.1212 0.9068 0.8909
poisongolem.tga
19 50.7846 -14.5498 177.7231 0.8938 0.3384 0.2944 0.6130 0.9231
19 52.6154 -27.5018 174.9628 0.9447 0.0650 0.3214 0.5771 0.9416
19 56.6622 -15.1523 160.5712 0.8938 0.3384 0.2944 0.5620 0.8794
poisongolem.tga
19 56.6622 -15.1523 160.5712 0.8938 0.3384 0.2944 0.5620 0.8794
19 44.4806 2.8786 155.9161 0.7731 0.5854 0.2444 0.6148 0.8240
19 50.7846 -14.5498 177.7231 0.8938 0.3384 0.2944 0.6130 0.9231
poisongolem.tga
19 12.6923 15.2032 142.8237 0.4442 0.8931 -0.0712 0.7294 0.7222
19 44.4806 2.8786 155.9161 0.4605 0.8155 -0.3505 0.6231 0.7941
19 52.2117 -3.8445 150.4317 0.4442 0.8931 -0.0712 0.5827 0.7905
poisongolem.tga
19 52.2117 -3.8445 150.4317 0.4442 0.8931 -0.0712 0.5827 0.7905
19 31.3990 9.7550 131.5032 0.3904 0.8954 0.2141 0.6468 0.7083
19 12.6923 15.2032 142.8237 0.4442 0.8931 -0.0712 0.7294 0.7222
poisongolem.tga
19 14.9804 4.3443 104.0153 0.4831 -0.1383 -0.8646 0.8427 0.6430
19 25.6915 -17.2006 115.2489 0.5348 -0.1661 -0.8285 0.8702 0.7302
19 4.6015 -17.9239 101.7784 0.0831 -0.2281 -0.9701 0.7891 0.6923
poisongolem.tga
19 4.6015 -17.9239 101.7784 0.0831 -0.2281 -0.9701 0.7891 0.6923
19 1.3158 2.4576 97.7085 0.0760 -0.1835 -0.9801 0.7927 0.6256
19 14.9804 4.3443 104.0153 0.4831 -0.1383 -0.8646 0.8427 0.6430
poisongolem.tga
19 27.2987 7.0570 114.4496 0.7273 -0.0707 -0.6826 0.8835 0.6580
19 37.7417 -8.1639 129.9899 0.7935 -0.0725 -0.6042 0.9245 0.7605
19 25.6915 -17.2006 115.2489 0.7273 -0.0707 -0.6826 0.8702 0.7302
poisongolem.tga
19 25.6915 -17.2006 115.2489 0.7273 -0.0707 -0.6826 0.8702 0.7302
19 14.9804 4.3443 104.0153 0.6535 -0.0681 -0.7538 0.8422 0.6419
19 27.2987 7.0570 114.4496 0.7273 -0.0707 -0.6826 0.8835 0.6580
poisongolem.tga
19 31.3990 9.7550 131.5032 0.9023 0.3359 -0.2701 0.9363 0.7060
19 37.7417 -8.1639 129.9899 0.9001 0.3415 -0.2704 0.9245 0.7605
19 27.2987 7.0570 114.4496 0.9023 0.3359 -0.2701 0.8835 0.6580
poisongolem.tga
19 27.2987 7.0570 114.4496 0.9023 0.3359 -0.2701 0.8835 0.6580
19 27.7127 15.2736 125.9000 0.9045 0.3303 -0.2697 0.9216 0.6691
19 31.3990 9.7550 131.5032 0.9023 0.3359 -0.2701 0.9363 0.7060
poisongolem.tga
19 12.6923 15.2032 142.8237 0.5985 0.5975 0.5337 0.7294 0.7222
19 31.3990 9.7550 131.5032 0.4832 0.7615 0.4321 0.6716 0.7016
19 27.7127 15.2736 125.9000 0.5985 0.5975 0.5337 0.6724 0.6718
poisongolem.tga
19 27.7127 15.2736 125.9000 0.5985 0.5975 0.5337 0.6724 0.6718
19 13.5717 28.6986 132.8873 0.6835 0.4034 0.6083 0.7192 0.6544
19 12.6923 15.2032 142.8237 0.5985 0.5975 0.5337 0.7294 0.7222
poisongolem.tga
19 -3.3367 15.9378 149.3443 -0.1479 0.6743 0.7235 0.7891 0.7320
19 12.6923 15.2032 142.8237 0.3375 0.5438 0.7684 0.7270 0.7185
19 13.5717 28.6986 132.8873 0.1606 0.6933 0.7025 0.7192 0.6544
poisongolem.tga
19 13.5717 28.6986 132.8873 0.1606 0.6933 0.7025 0.7192 0.6544
19 -5.0110 31.3494 128.5158 -0.1612 0.7871 0.5954 0.7891 0.6272
19 -3.3367 15.9378 149.3443 -0.1479 0.6743 0.7235 0.7891 0.7320
poisongolem.tga
19 44.4806 2.8786 155.9161 0.2147 0.9154 0.3405 0.6148 0.8240
19 12.6923 15.2032 142.8237 0.2147 0.9154 0.3405 0.7294 0.7222
19 17.1211 3.6427 171.1129 0.2147 0.9154 0.3405 0.7154 0.8373
poisongolem.tga
19 -3.3367 15.9378 149.3443 -0.1720 0.9062 0.3863 0.7891 0.7320
19 -2.5753 5.2790 172.4408 -0.1711 0.8924 0.4175 0.7872 0.8257
19 17.1211 3.6427 171.1129 0.1434 0.9133 0.3811 0.7154 0.8373
poisongolem.tga
19 17.1211 3.6427 171.1129 0.1434 0.9133 0.3811 0.7154 0.8373
19 12.6923 15.2032 142.8237 0.1834 0.9197 0.3471 0.7294 0.7222
19 -3.3367 15.9378 149.3443 -0.1720 0.9062 0.3863 0.7891 0.7320
poisongolem.tga
19 21.3664 -43.2276 113.7957 0.3755 -0.6977 -0.6101 0.8337 0.7994
19 20.1019 -52.5426 124.5279 0.4293 -0.7065 -0.5626 0.8248 0.8337
19 10.3801 -57.6929 123.5779 0.1576 -0.7549 -0.6366 0.7891 0.8436
poisongolem.tga
19 10.3801 -57.6929 123.5779 0.1576 -0.7549 -0.6366 0.7891 0.8436
19 9.0902 -46.9296 111.6745 0.1541 -0.7245 -0.6718 0.7891 0.7876
19 21.3664 -43.2276 113.7957 0.3755 -0.6977 -0.6101 0.8337 0.7994
poisongolem.tga
19 15.6911 -36.6292 109.5131 0.3184 -0.3858 -0.8659 0.8187 0.7796
19 21.3664 -43.2276 113.7957 0.2624 -0.3563 -0.8968 0.8337 0.7994
19 9.0902 -46.9296 111.6745 0.1142 -0.4306 -0.8953 0.7891 0.7876
poisongolem.tga
19 9.0902 -46.9296 111.6745 0.1142 -0.4306 -0.8953 0.7891 0.7876
19 7.5503 -36.2846 105.6878 0.1204 -0.4733 -0.8726 0.7893 0.7625
19 15.6911 -36.6292 109.5131 0.3184 -0.3858 -0.8659 0.8187 0.7796
poisongolem.tga
19 19.9985 -33.2725 112.5332 0.7049 0.0069 -0.7093 0.8329 0.7614
19 24.8983 -37.1980 118.9881 0.8064 0.0359 -0.5903 0.8543 0.7974
19 21.3664 -43.2276 113.7957 0.7049 0.0069 -0.7093 0.8337 0.7994
poisongolem.tga
19 21.3664 -43.2276 113.7957 0.7049 0.0069 -0.7093 0.8337 0.7994
19 15.6911 -36.6292 109.5131 0.5855 -0.0223 -0.8103 0.8185 0.7795
19 19.9985 -33.2725 112.5332 0.7049 0.0069 -0.7093 0.8329 0.7614
poisongolem.tga
19 6.3573 -28.3829 102.3398 0.0897 -0.2695 -0.9588 0.7891 0.7418
19 19.9985 -33.2725 112.5332 0.5907 -0.0327 -0.8062 0.8329 0.7614
19 15.6911 -36.6292 109.5131 0.4998 -0.1726 -0.8488 0.8187 0.7796
poisongolem.tga
19 15.6911 -36.6292 109.5131 0.4998 -0.1726 -0.8488 0.8187 0.7796
19 7.5503 -36.2846 105.6878 0.1058 -0.3744 -0.9212 0.7893 0.7625
19 6.3573 -28.3829 102.3398 0.0897 -0.2695 -0.9588 0.7891 0.7418
poisongolem.tga
19 14.9804 4.3443 104.0153 0.2774 0.5718 -0.7720 0.9165 0.1158
19 1.3158 2.4576 97.7085 -0.0551 0.5473 -0.8351 0.8555 0.0980
19 -1.8476 18.2090 108.2388 -0.0551 0.5473 -0.8351 0.8555 0.1610
poisongolem.tga
19 27.2987 7.0570 114.4496 0.3904 0.6671 -0.6344 0.9999 0.1586
19 14.9804 4.3443 104.0153 0.3904 0.6671 -0.6344 0.9165 0.1158
19 -1.8476 18.2090 108.2388 -0.0796 0.6661 -0.7416 0.8555 0.1610
poisongolem.tga
19 27.7127 15.2736 125.9000 0.3985 0.7383 -0.5442 0.9865 0.2269
19 27.2987 7.0570 114.4496 0.3985 0.7383 -0.5442 0.9999 0.1586
19 -1.8476 18.2090 108.2388 -0.0986 0.7532 -0.6504 0.8555 0.1610
poisongolem.tga
19 13.5717 28.6986 132.8873 0.4069 0.7207 -0.5613 0.9215 0.2621
19 27.7127 15.2736 125.9000 0.4069 0.7207 -0.5613 0.9865 0.2269
19 -1.8476 18.2090 108.2388 -0.0944 0.7343 -0.6722 0.8555 0.1610
poisongolem.tga
19 -5.0110 31.3494 128.5158 -0.1153 0.8253 -0.5528 0.8494 0.2160
19 13.5717 28.6986 132.8873 0.2368 0.8318 -0.5021 0.9215 0.2621
19 -1.8476 18.2090 108.2388 -0.1153 0.8253 -0.5528 0.8555 0.1610
poisongolem.tga
19 51.3109 -35.7254 143.9091 0.7530 -0.0026 -0.6580 0.9653 0.8494
19 41.6227 -48.2948 132.4262 0.7534 0.0198 -0.6573 0.9174 0.8808
19 30.0688 -34.6959 119.5935 0.7530 -0.0026 -0.6580 0.8809 0.7912
poisongolem.tga
19 30.0688 -34.6959 119.5935 0.7530 -0.0026 -0.6580 0.8809 0.7912
19 48.2941 -20.3682 139.8762 0.7523 -0.0251 -0.6583 0.9534 0.7938
19 51.3109 -35.7254 143.9091 0.7530 -0.0026 -0.6580 0.9653 0.8494
poisongolem.tga
19 51.3109 -35.7254 143.9091 0.9169 0.0550 -0.3953 0.9653 0.8494
19 48.2941 -20.3682 139.8762 0.8994 0.0631 -0.4326 0.9534 0.7939
19 52.2117 -3.8445 150.4317 0.9169 0.0550 -0.3953 0.9857 0.7674
poisongolem.tga
19 52.2117 -3.8445 150.4317 0.9169 0.0550 -0.3953 0.9857 0.7674
19 56.6622 -15.1523 160.5712 0.9328 0.0467 -0.3573 1.0001 0.8502
19 51.3109 -35.7254 143.9091 0.9169 0.0550 -0.3953 0.9653 0.8494
poisongolem.tga
19 56.6622 -15.1523 160.5712 0.7415 0.5855 0.3275 0.5620 0.8794
19 52.2117 -3.8445 150.4317 0.7415 0.5855 0.3275 0.5827 0.7905
19 44.4806 2.8786 155.9161 0.7415 0.5855 0.3275 0.6148 0.8240
poisongolem.tga
19 45.2160 -41.8658 167.4385 0.6199 -0.5902 0.5171 0.9148 0.9217
19 52.2983 -35.4844 158.3462 0.8035 -0.5424 0.2452 0.9628 0.8940
19 52.6154 -27.5018 174.9628 0.6199 -0.5902 0.5171 0.9741 0.9296
poisongolem.tga
19 -10.4309 -57.1916 162.0753 0.1632 -0.9255 -0.3417 0.9454 0.0549
19 -17.3856 -52.3690 145.6908 0.1632 -0.9255 -0.3417 0.9958 0.0051
19 4.7723 -49.9644 149.7579 0.1632 -0.9255 -0.3417 0.8967 0.0051
poisongolem.tga
19 -10.4309 -57.1916 162.0753 -0.7815 -0.6047 0.1537 0.9454 0.0549
19 -25.3240 -33.8960 178.0034 -0.7815 -0.6047 0.1537 0.9958 0.1043
19 -17.3856 -52.3690 145.6908 -0.7815 -0.6047 0.1537 0.9958 0.0051
poisongolem.tga
19 -10.4309 -57.1916 162.0753 -0.0816 -0.5975 0.7977 0.9454 0.0549
19 -3.1661 -31.4915 182.0704 -0.0816 -0.5975 0.7977 0.8967 0.1043
19 -25.3240 -33.8960 178.0034 -0.0816 -0.5975 0.7977 0.9958 0.1043
poisongolem.tga
19 -10.4309 -57.1916 162.0753 0.6643 -0.5669 0.4873 0.9454 0.0549
19 4.7723 -49.9644 149.7579 0.6643 -0.5669 0.4873 0.8967 0.0051
19 -3.1661 -31.4915 182.0704 0.6643 -0.5669 0.4873 0.8967 0.1043
poisongolem.tga
19 4.7723 -49.9644 149.7579 -0.0030 0.8678 -0.4969 0.8967 0.0051
19 -17.3856 -52.3690 145.6908 -0.0030 0.8678 -0.4969 0.9958 0.0051
19 -10.2759 -41.9302 163.8806 -0.0030 0.8678 -0.4969 0.9463 0.0547
poisongolem.tga
19 -17.3856 -52.3690 145.6908 -0.0030 0.8678 -0.4969 0.9958 0.0051
19 -25.3240 -33.8960 178.0034 -0.0030 0.8678 -0.4969 0.9958 0.1043
19 -10.2759 -41.9302 163.8806 -0.0030 0.8678 -0.4969 0.9463 0.0547
poisongolem.tga
19 -25.3240 -33.8960 178.0034 -0.0030 0.8678 -0.4969 0.9958 0.1043
19 -3.1661 -31.4915 182.0704 -0.0030 0.8678 -0.4969 0.8967 0.1043
19 -10.2759 -41.9302 163.8806 -0.0030 0.8678 -0.4969 0.9463 0.0547
poisongolem.tga
19 -3.1661 -31.4915 182.0704 -0.0030 0.8678 -0.4969 0.8967 0.1043
19 4.7723 -49.9644 149.7579 -0.0030 0.8678 -0.4969 0.8967 0.0051
19 -10.2759 -41.9302 163.8806 -0.0030 0.8678 -0.4969 0.9463 0.0547
poisongolem.tga
19 30.9868 -54.5551 160.1029 0.2038 -0.8836 -0.4216 0.9454 0.0549
19 14.7830 -50.3682 143.4948 0.2038 -0.8836 -0.4216 0.9958 0.0051
19 38.9136 -45.5611 145.0862 0.2038 -0.8836 -0.4216 0.8967 0.0051
poisongolem.tga
19 30.9868 -54.5551 160.1029 -0.5305 -0.7852 0.3196 0.9454 0.0549
19 14.3505 -35.7477 178.6951 -0.5305 -0.7852 0.3196 0.9958 0.1043
19 14.7830 -50.3682 143.4948 -0.5305 -0.7852 0.3196 0.9958 0.0051
poisongolem.tga
19 30.9868 -54.5551 160.1029 0.2061 -0.5896 0.7809 0.9454 0.0549
19 41.7113 -28.3767 177.0385 0.2061 -0.5896 0.7809 0.8967 0.1043
19 14.3505 -35.7477 178.6951 0.2061 -0.5896 0.7809 0.9958 0.1043
poisongolem.tga
19 30.9868 -54.5551 160.1029 0.8656 -0.4686 0.1762 0.9454 0.0549
19 38.9136 -45.5611 145.0862 0.8656 -0.4686 0.1762 0.8967 0.0051
19 41.7113 -28.3767 177.0385 0.8656 -0.4686 0.1762 0.8967 0.1043
poisongolem.tga
19 38.9136 -45.5611 145.0862 -0.1444 0.8767 -0.4589 0.8967 0.0051
19 14.7830 -50.3682 143.4948 -0.2039 0.8857 -0.4170 0.9958 0.0051
19 28.2472 -39.3725 160.2667 -0.2039 0.8857 -0.4170 0.9463 0.0547
poisongolem.tga
19 14.7830 -50.3682 143.4948 -0.2039 0.8857 -0.4170 0.9958 0.0051
19 14.3505 -35.7477 178.6951 -0.2623 0.8900 -0.3729 0.9958 0.1043
19 28.2472 -39.3725 160.2667 -0.2039 0.8857 -0.4170 0.9463 0.0547
poisongolem.tga
19 14.3505 -35.7477 178.6951 -0.2623 0.8900 -0.3729 0.9958 0.1043
19 41.7113 -28.3767 177.0385 -0.2039 0.8857 -0.4170 0.8967 0.1043
19 28.2472 -39.3725 160.2667 -0.2039 0.8857 -0.4170 0.9463 0.0547
poisongolem.tga
19 41.7113 -28.3767 177.0385 -0.2039 0.8857 -0.4170 0.8967 0.1043
19 38.9136 -45.5611 145.0862 -0.1444 0.8767 -0.4589 0.8967 0.0051
19 28.2472 -39.3725 160.2667 -0.2039 0.8857 -0.4170 0.9463 0.0547
poisongolem.tga
19 25.9272 -22.4512 195.6665 0.1963 -0.9356 0.2936 0.9454 0.0549
19 11.5109 -29.6476 182.3745 0.1963 -0.9356 0.2936 0.9958 0.0051
19 39.5905 -24.8626 178.8498 0.1963 -0.9356 0.2936 0.8967 0.0051
poisongolem.tga
19 25.9272 -22.4512 195.6665 -0.6855 0.0294 0.7275 0.9454 0.0549
19 12.6850 -9.3276 182.6588 -0.6855 0.0294 0.7275 0.9958 0.1043
19 11.5109 -29.6476 182.3745 -0.6855 0.0294 0.7275 0.9958 0.0051
poisongolem.tga
19 25.9272 -22.4512 195.6665 -0.0469 0.6789 0.7327 0.9454 0.0549
19 32.3705 -13.4087 187.6999 -0.0469 0.6789 0.7327 0.8967 0.1043
19 12.6850 -9.3276 182.6588 -0.0469 0.6789 0.7327 0.9958 0.1043
poisongolem.tga
19 25.9272 -22.4512 195.6665 0.7763 0.0022 0.6304 0.9454 0.0549
19 39.5905 -24.8626 178.8498 0.7763 0.0022 0.6304 0.8967 0.0051
19 32.3705 -13.4087 187.6999 0.7763 0.0022 0.6304 0.8967 0.1043
poisongolem.tga
19 39.5905 -24.8626 178.8498 0.2717 0.4269 -0.8625 0.8967 0.0051
19 11.5109 -29.6476 182.3745 -0.1353 0.0156 -0.9907 0.9958 0.0051
19 24.5329 -11.1632 180.8866 0.1640 0.5894 -0.7910 0.9463 0.0547
poisongolem.tga
19 11.5109 -29.6476 182.3745 -0.1353 0.0156 -0.9907 0.9958 0.0051
19 12.6850 -9.3276 182.6588 0.0195 0.7567 -0.6534 0.9958 0.1043
19 24.5329 -11.1632 180.8866 0.1640 0.5894 -0.7910 0.9463 0.0547
poisongolem.tga
19 12.6850 -9.3276 182.6588 0.0195 0.7567 -0.6534 0.9958 0.1043
19 32.3705 -13.4087 187.6999 0.4012 0.9011 -0.1645 0.8967 0.1043
19 24.5329 -11.1632 180.8866 0.1640 0.5894 -0.7910 0.9463 0.0547
poisongolem.tga
19 32.3705 -13.4087 187.6999 0.4012 0.9011 -0.1645 0.8967 0.1043
19 39.5905 -24.8626 178.8498 0.2717 0.4269 -0.8625 0.8967 0.0051
19 24.5329 -11.1632 180.8866 0.1640 0.5894 -0.7910 0.9463 0.0547
poisongolem.tga
19 -12.9216 -26.5988 189.7504 0.1957 -0.8466 0.4949 0.9454 0.0549
19 -23.9975 -33.8399 181.7412 0.1957 -0.8466 0.4949 0.9958 0.0051
19 4.7021 -29.2422 178.2591 0.1957 -0.8466 0.4949 0.8967 0.0051
poisongolem.tga
19 -12.9216 -26.5988 189.7504 -0.6256 0.1013 0.7735 0.9454 0.0549
19 -24.5550 -12.3943 178.4816 -0.6256 0.1013 0.7735 0.9958 0.1043
19 -23.9975 -33.8399 181.7412 -0.6256 0.1013 0.7735 0.9958 0.0051
poisongolem.tga
19 -12.9216 -26.5988 189.7504 0.0309 0.6366 0.7706 0.9454 0.0549
19 -3.2541 -14.6187 179.4656 0.0309 0.6366 0.7706 0.8967 0.1043
19 -24.5550 -12.3943 178.4816 0.0309 0.6366 0.7706 0.9958 0.1043
poisongolem.tga
19 -12.9216 -26.5988 189.7504 0.5553 0.2364 0.7973 0.9454 0.0549
19 4.7021 -29.2422 178.2591 0.5553 0.2364 0.7973 0.8967 0.0051
19 -3.2541 -14.6187 179.4656 0.5553 0.2364 0.7973 0.8967 0.1043
poisongolem.tga
19 4.7021 -29.2422 178.2591 -0.1126 0.0155 -0.9935 0.8967 0.0051
19 -23.9975 -33.8399 181.7412 -0.0126 -0.0714 -0.9974 0.9958 0.0051
19 -10.9755 -15.3555 180.2533 -0.0400 -0.1851 -0.9819 0.9463 0.0547
poisongolem.tga
19 -23.9975 -33.8399 181.7412 -0.0126 -0.0714 -0.9974 0.9958 0.0051
19 -24.5550 -12.3943 178.4816 0.0368 -0.3834 -0.9228 0.9958 0.1043
19 -10.9755 -15.3555 180.2533 -0.0400 -0.1851 -0.9819 0.9463 0.0547
poisongolem.tga
19 -24.5550 -12.3943 178.4816 0.0368 -0.3834 -0.9228 0.9958 0.1043
19 -3.2541 -14.6187 179.4656 -0.0682 -0.3016 -0.9510 0.8967 0.1043
19 -10.9755 -15.3555 180.2533 -0.0400 -0.1851 -0.9819 0.9463 0.0547
poisongolem.tga
19 -3.2541 -14.6187 179.4656 -0.0682 -0.3016 -0.9510 0.8967 0.1043
19 4.7021 -29.2422 178.2591 -0.1126 0.0155 -0.9935 0.8967 0.0051
19 -10.9755 -15.3555 180.2533 -0.0400 -0.1851 -0.9819 0.9463 0.0547
poisongolem.tga
29 107.3076 21.9491 75.7244 0.9368 -0.3025 0.1756 0.0724 0.3262
29 103.7847 24.6946 95.9603 0.8841 -0.3057 0.3534 0.0735 0.4274
29 99.9526 9.5307 93.5733 0.6420 -0.7325 0.2264 0.1327 0.4265
poisongolem.tga
29 99.9526 9.5307 93.5733 0.6420 -0.7325 0.2264 0.1327 0.4265
29 103.1649 7.1432 68.3728 0.4793 -0.8659 0.1431 0.1057 0.3220
29 107.3076 21.9491 75.7244 0.9368 -0.3025 0.1756 0.0724 0.3262
poisongolem.tga
29 92.1362 34.7288 94.8117 0.4067 0.9133 0.0211 0.0533 0.4170
29 97.7418 34.2444 73.9275 0.4872 0.8714 0.0578 0.0478 0.3320
29 90.5279 33.3883 70.7571 0.8088 0.5866 0.0425 0.0207 0.3295
poisongolem.tga
29 90.5279 33.3883 70.7571 0.8088 0.5866 0.0425 0.0207 0.3295
29 87.0614 37.9497 111.5896 0.7468 0.6530 0.1262 0.0246 0.4350
29 92.1362 34.7288 94.8117 0.4067 0.9133 0.0211 0.0533 0.4170
poisongolem.tga
29 82.7710 -9.5940 79.5982 -0.4235 -0.9044 0.0515 0.2225 0.4158
29 60.6426 1.0782 80.8037 -0.8141 -0.5805 0.0177 0.2557 0.4028
29 59.8619 1.3415 63.5388 -0.6483 -0.7595 -0.0545 0.2513 0.3323
poisongolem.tga
29 59.8619 1.3415 63.5388 -0.6483 -0.7595 -0.0545 0.2513 0.3323
29 85.2082 -7.3474 64.7948 -0.3097 -0.9312 -0.1923 0.2098 0.3304
29 82.7710 -9.5940 79.5982 -0.4235 -0.9044 0.0515 0.2225 0.4158
poisongolem.tga
29 78.7156 48.8477 71.4954 -0.8772 0.4682 0.1061 0.3509 0.3592
29 54.7848 27.7346 63.5533 -0.6853 0.6649 0.2972 0.2858 0.3321
29 52.1870 18.9419 77.2322 -0.7148 0.6981 0.0402 0.2905 0.4041
poisongolem.tga
29 52.1870 18.9419 77.2322 -0.7148 0.6981 0.0402 0.2905 0.4041
29 78.2491 47.6743 93.6879 -0.8854 0.4636 -0.0346 0.3492 0.4175
29 78.7156 48.8477 71.4954 -0.8772 0.4682 0.1061 0.3509 0.3592
poisongolem.tga
29 59.8619 1.3415 63.5388 -0.2601 -0.3352 -0.9055 0.2310 0.3471
29 70.8617 17.9057 54.2370 -0.2274 -0.3163 -0.9210 0.2630 0.3223
29 83.3244 1.2635 60.8565 -0.0712 -0.4138 -0.9076 0.1924 0.3353
poisongolem.tga
29 83.3244 1.2635 60.8565 -0.0712 -0.4138 -0.9076 0.1924 0.3353
29 85.2082 -7.3474 64.7948 -0.1038 -0.4324 -0.8957 0.1634 0.3443
29 59.8619 1.3415 63.5388 -0.2601 -0.3352 -0.9055 0.2310 0.3471
poisongolem.tga
29 94.5395 17.7447 62.8771 0.5707 -0.1204 -0.8123 0.1296 0.3372
29 107.3076 21.9491 75.7244 0.6703 0.1710 -0.7221 0.1181 0.3690
29 103.1649 7.1432 68.3728 0.3945 -0.4663 -0.7918 0.1361 0.3649
poisongolem.tga
29 90.5279 33.3883 70.7571 0.6590 0.4588 -0.5960 0.0789 0.3699
29 97.7418 34.2444 73.9275 0.4571 0.4320 -0.7775 0.0908 0.3745
29 94.5395 17.7447 62.8771 0.6389 0.3770 -0.6706 0.1296 0.3372
poisongolem.tga
29 94.5395 17.7447 62.8771 0.6389 0.3770 -0.6706 0.1296 0.3372
29 88.7449 29.6924 61.0296 0.6625 0.4546 -0.5953 0.0901 0.3541
29 90.5279 33.3883 70.7571 0.6590 0.4588 -0.5960 0.0789 0.3699
poisongolem.tga
29 78.6708 36.0727 59.0032 -0.2378 0.4414 -0.8652 0.3339 0.3338
29 70.8617 17.9057 54.2370 -0.1695 0.3176 -0.9329 0.2887 0.3115
29 54.7848 27.7346 63.5533 -0.3305 0.5155 -0.7906 0.2668 0.3580
poisongolem.tga
29 54.7848 27.7346 63.5533 -0.3305 0.5155 -0.7906 0.2668 0.3580
29 78.7156 48.8477 71.4954 -0.3555 0.6541 -0.6676 0.3545 0.3718
29 78.6708 36.0727 59.0032 -0.2378 0.4414 -0.8652 0.3339 0.3338
poisongolem.tga
29 70.1308 25.2587 121.8374 0.1444 0.4979 0.8551 0.2457 0.5055
29 94.0348 26.1566 118.0293 0.1143 0.5273 0.8419 0.3853 0.5105
29 87.0614 37.9497 111.5896 0.1444 0.4979 0.8551 0.3683 0.4875
poisongolem.tga
29 87.0614 37.9497 111.5896 0.1444 0.4979 0.8551 0.3683 0.4875
29 78.0493 46.3519 108.8686 0.1742 0.4675 0.8667 0.3310 0.4711
29 70.1308 25.2587 121.8374 0.1444 0.4979 0.8551 0.2457 0.5055
poisongolem.tga
29 70.1308 25.2587 121.8374 0.2208 -0.2116 0.9521 0.2457 0.5055
29 77.0427 0.2367 116.1252 0.2785 -0.1400 0.9502 0.2009 0.4687
29 89.0514 9.8242 114.0184 0.2208 -0.2116 0.9521 0.2012 0.5076
poisongolem.tga
29 89.0514 9.8242 114.0184 0.2208 -0.2116 0.9521 0.2012 0.5076
29 94.0348 26.1566 118.0293 0.1613 -0.2815 0.9459 0.2213 0.5486
29 70.1308 25.2587 121.8374 0.2208 -0.2116 0.9521 0.2457 0.5055
poisongolem.tga
29 78.0493 46.3519 108.8686 -0.5465 0.5778 0.6061 0.3498 0.4569
29 53.1933 27.4174 104.5080 -0.5465 0.5778 0.6061 0.3008 0.4670
29 70.1308 25.2587 121.8374 -0.5465 0.5778 0.6061 0.2735 0.5080
poisongolem.tga
29 70.1308 25.2587 121.8374 -0.6066 -0.2016 0.7691 0.2457 0.5055
29 53.1933 27.4174 104.5080 -0.7178 -0.0779 0.6919 0.2814 0.4741
29 60.4701 9.1799 110.0032 -0.6066 -0.2016 0.7691 0.2319 0.4643
poisongolem.tga
29 60.4701 9.1799 110.0032 -0.6066 -0.2016 0.7691 0.2319 0.4643
29 77.0427 0.2367 116.1252 -0.4749 -0.3185 0.8204 0.1855 0.4756
29 70.1308 25.2587 121.8374 -0.6066 -0.2016 0.7691 0.2457 0.5055
poisongolem.tga
29 90.4235 2.2879 92.3741 0.8584 -0.4227 0.2906 0.1784 0.4286
29 98.1401 1.2309 71.5863 0.8642 -0.4507 0.2238 0.1534 0.3253
29 94.0009 9.2055 70.5213 0.6835 -0.7010 0.2036 0.1425 0.3261
poisongolem.tga
29 94.0009 9.2055 70.5213 0.6835 -0.7010 0.2036 0.1425 0.3261
29 89.0514 9.8242 114.0184 0.7609 -0.5789 0.2930 0.1552 0.4868
29 90.4235 2.2879 92.3741 0.8584 -0.4227 0.2906 0.1784 0.4286
poisongolem.tga
29 83.3244 1.2635 60.8565 0.6614 -0.2090 -0.7204 0.1924 0.3354
29 89.3663 10.4018 62.1040 0.5113 -0.5358 -0.6719 0.1631 0.3509
29 94.0009 9.2055 70.5213 0.5312 -0.5817 -0.6161 0.1474 0.3646
poisongolem.tga
29 94.0009 9.2055 70.5213 0.5312 -0.5817 -0.6161 0.1474 0.3646
29 98.1401 1.2309 71.5863 0.5864 -0.0219 -0.8097 0.1577 0.3648
29 83.3244 1.2635 60.8565 0.6614 -0.2090 -0.7204 0.1924 0.3354
poisongolem.tga
29 98.1401 1.2309 71.5863 0.8642 -0.4507 0.2238 0.1534 0.3253
29 90.4235 2.2879 92.3741 0.8584 -0.4227 0.2906 0.1784 0.4286
29 82.7710 -9.5940 79.5982 0.6212 -0.7624 0.1810 0.2225 0.4158
poisongolem.tga
29 82.7710 -9.5940 79.5982 0.6212 -0.7624 0.1810 0.2225 0.4158
29 85.2082 -7.3474 64.7948 0.5642 -0.8250 -0.0323 0.2098 0.3304
29 98.1401 1.2309 71.5863 0.8642 -0.4507 0.2238 0.1534 0.3253
poisongolem.tga
29 98.1401 1.2309 71.5863 0.5864 -0.0219 -0.8097 0.1577 0.3648
29 85.2082 -7.3474 64.7948 0.5697 -0.2355 -0.7874 0.1830 0.3671
29 83.3244 1.2635 60.8565 0.6614 -0.2090 -0.7204 0.1924 0.3354
poisongolem.tga
29 94.0009 9.2055 70.5213 0.6835 -0.7010 0.2036 0.1425 0.3261
29 103.1649 7.1432 68.3728 0.4793 -0.8659 0.1431 0.1057 0.3220
29 99.9526 9.5307 93.5733 0.6420 -0.7325 0.2264 0.1327 0.4265
poisongolem.tga
29 99.9526 9.5307 93.5733 0.6420 -0.7325 0.2264 0.1327 0.4265
29 89.0514 9.8242 114.0184 0.7609 -0.5789 0.2930 0.1552 0.4868
29 94.0009 9.2055 70.5213 0.6835 -0.7010 0.2036 0.1425 0.3261
poisongolem.tga
29 89.3663 10.4018 62.1040 0.5113 -0.5358 -0.6719 0.1585 0.3364
29 94.5395 17.7447 62.8771 0.5707 -0.1204 -0.8123 0.1313 0.3372
29 103.1649 7.1432 68.3728 0.3945 -0.4663 -0.7918 0.1361 0.3649
poisongolem.tga
29 103.1649 7.1432 68.3728 0.3945 -0.4663 -0.7918 0.1361 0.3649
29 94.0009 9.2055 70.5213 0.5312 -0.5817 -0.6161 0.1481 0.3509
29 89.3663 10.4018 62.1040 0.5113 -0.5358 -0.6719 0.1585 0.3364
poisongolem.tga
29 60.6426 1.0782 80.8037 -0.8141 -0.5805 0.0177 0.2557 0.4028
29 52.1870 18.9419 77.2322 -0.8820 -0.4472 -0.1485 0.2905 0.4041
29 54.7848 27.7346 63.5533 -0.9184 -0.3365 -0.2081 0.2858 0.3321
poisongolem.tga
29 54.7848 27.7346 63.5533 -0.9184 -0.3365 -0.2081 0.2858 0.3321
29 59.8619 1.3415 63.5388 -0.6483 -0.7595 -0.0545 0.2513 0.3323
29 60.6426 1.0782 80.8037 -0.8141 -0.5805 0.0177 0.2557 0.4028
poisongolem.tga
29 59.8619 1.3415 63.5388 -0.2601 -0.3352 -0.9055 0.2310 0.3471
29 54.7848 27.7346 63.5533 -0.5457 -0.1045 -0.8314 0.2668 0.3580
29 70.8617 17.9057 54.2370 -0.2274 -0.3163 -0.9210 0.2630 0.3223
poisongolem.tga
29 78.6708 36.0727 59.0032 0.5587 0.4838 -0.6737 0.0863 0.3358
29 78.7156 48.8477 71.4954 0.4491 0.6239 -0.6396 0.0428 0.3707
29 92.0227 41.0311 73.2141 0.6083 0.3718 -0.7012 0.0752 0.3699
poisongolem.tga
29 78.2082 48.9182 93.6726 0.5454 0.8352 0.0713 0.3492 0.4175
29 89.2847 41.4861 92.1388 0.8652 0.4778 0.1521 0.3890 0.4234
29 92.0227 41.0311 73.2141 0.8100 0.5801 0.0858 0.3941 0.3554
poisongolem.tga
29 92.0227 41.0311 73.2141 0.8100 0.5801 0.0858 0.3941 0.3554
29 78.7156 48.8477 71.4954 0.5056 0.8627 0.0088 0.3509 0.3592
29 78.2082 48.9182 93.6726 0.5454 0.8352 0.0713 0.3492 0.4175
poisongolem.tga
29 97.7418 34.2444 73.9275 0.4872 0.8714 0.0578 0.0478 0.3320
29 92.1362 34.7288 94.8117 0.4067 0.9133 0.0211 0.0533 0.4170
29 103.7847 24.6946 95.9603 0.7107 0.6898 0.1379 0.0735 0.4274
poisongolem.tga
29 103.7847 24.6946 95.9603 0.7107 0.6898 0.1379 0.0735 0.4274
29 107.3076 21.9491 75.7244 0.7844 0.6180 0.0527 0.0724 0.3262
29 97.7418 34.2444 73.9275 0.4872 0.8714 0.0578 0.0478 0.3320
poisongolem.tga
29 97.7418 34.2444 73.9275 0.4571 0.4320 -0.7775 0.0908 0.3745
29 107.3076 21.9491 75.7244 0.5993 0.3619 -0.7140 0.1181 0.3690
29 94.5395 17.7447 62.8771 0.6389 0.3770 -0.6706 0.1296 0.3372
poisongolem.tga
29 90.5279 33.3883 70.7571 0.8088 0.5866 0.0425 0.0207 0.3295
29 92.0227 41.0311 73.2141 0.8100 0.5801 0.0858 -0.0012 0.3327
29 89.2847 41.4861 92.1388 0.8652 0.4778 0.1521 0.0049 0.4191
poisongolem.tga
29 89.2847 41.4861 92.1388 0.8652 0.4778 0.1521 0.0049 0.4191
29 87.0614 37.9497 111.5896 0.7468 0.6530 0.1262 0.0246 0.4350
29 90.5279 33.3883 70.7571 0.8088 0.5866 0.0425 0.0207 0.3295
poisongolem.tga
29 90.5279 33.3883 70.7571 0.6590 0.4588 -0.5960 0.0789 0.3699
29 88.7449 29.6924 61.0296 0.6625 0.4546 -0.5953 0.0841 0.3569
29 78.6708 36.0727 59.0032 0.5587 0.4838 -0.6737 0.0863 0.3358
poisongolem.tga
29 78.6708 36.0727 59.0032 0.5587 0.4838 -0.6737 0.0863 0.3358
29 92.0227 41.0311 73.2141 0.6083 0.3718 -0.7012 0.0752 0.3699
29 90.5279 33.3883 70.7571 0.6590 0.4588 -0.5960 0.0789 0.3699
poisongolem.tga
29 103.7847 24.6946 95.9603 0.7107 0.6898 0.1379 0.0735 0.4274
29 92.1362 34.7288 94.8117 0.4067 0.9133 0.0211 0.0533 0.4170
29 87.0614 37.9497 111.5896 0.7468 0.6530 0.1262 0.0246 0.4350
poisongolem.tga
29 87.0614 37.9497 111.5896 0.7468 0.6530 0.1262 0.0246 0.4350
29 94.0348 26.1566 118.0293 0.7461 0.5995 0.2899 0.0813 0.4861
29 103.7847 24.6946 95.9603 0.7107 0.6898 0.1379 0.0735 0.4274
poisongolem.tga
29 89.0514 9.8242 114.0184 0.7609 -0.5789 0.2930 0.1552 0.4868
29 99.9526 9.5307 93.5733 0.6420 -0.7325 0.2264 0.1327 0.4265
29 103.7847 24.6946 95.9603 0.8841 -0.3057 0.3534 0.0735 0.4274
poisongolem.tga
29 103.7847 24.6946 95.9603 0.8841 -0.3057 0.3534 0.0735 0.4274
29 94.0348 26.1566 118.0293 0.8460 -0.3557 0.3973 0.0813 0.4861
29 89.0514 9.8242 114.0184 0.7609 -0.5789 0.2930 0.1552 0.4868
poisongolem.tga
29 77.0427 0.2367 116.1252 0.6285 -0.7210 0.2918 0.2041 0.4853
29 82.7710 -9.5940 79.5982 0.6212 -0.7624 0.1810 0.2225 0.4158
29 90.4235 2.2879 92.3741 0.8584 -0.4227 0.2906 0.1784 0.4286
poisongolem.tga
29 90.4235 2.2879 92.3741 0.8584 -0.4227 0.2906 0.1784 0.4286
29 89.0514 9.8242 114.0184 0.7609 -0.5789 0.2930 0.1552 0.4868
29 77.0427 0.2367 116.1252 0.6285 -0.7210 0.2918 0.2041 0.4853
poisongolem.tga
29 60.4701 9.1799 110.0032 -0.6577 -0.7339 0.1699 0.2608 0.4812
29 60.6426 1.0782 80.8037 -0.8141 -0.5805 0.0177 0.2557 0.4028
29 82.7710 -9.5940 79.5982 -0.4235 -0.9044 0.0515 0.2225 0.4158
poisongolem.tga
29 82.7710 -9.5940 79.5982 -0.4235 -0.9044 0.0515 0.2225 0.4158
29 77.0427 0.2367 116.1252 -0.5114 -0.8466 0.1476 0.2041 0.4853
29 60.4701 9.1799 110.0032 -0.6577 -0.7339 0.1699 0.2608 0.4812
poisongolem.tga
29 53.1933 27.4174 104.5080 -0.9202 -0.3715 0.1236 0.3008 0.4670
29 52.1870 18.9419 77.2322 -0.8820 -0.4472 -0.1485 0.2905 0.4041
29 60.6426 1.0782 80.8037 -0.8141 -0.5805 0.0177 0.2557 0.4028
poisongolem.tga
29 60.6426 1.0782 80.8037 -0.8141 -0.5805 0.0177 0.2557 0.4028
29 60.4701 9.1799 110.0032 -0.6577 -0.7339 0.1699 0.2608 0.4812
29 53.1933 27.4174 104.5080 -0.9202 -0.3715 0.1236 0.3008 0.4670
poisongolem.tga
29 78.2082 48.9182 93.6726 -0.9993 -0.0331 -0.0194 0.3526 0.4179
29 78.7156 48.8477 71.4954 -0.8772 0.4682 0.1061 0.3545 0.3718
29 78.2491 47.6743 93.6879 -0.8854 0.4636 -0.0346 0.3525 0.4179
poisongolem.tga
29 78.2491 47.6743 93.6879 -0.8854 0.4636 -0.0346 0.3492 0.4175
29 52.1870 18.9419 77.2322 -0.7148 0.6981 0.0402 0.2905 0.4041
29 53.1933 27.4174 104.5080 -0.6452 0.7608 -0.0696 0.3008 0.4670
poisongolem.tga
29 53.1933 27.4174 104.5080 -0.6452 0.7608 -0.0696 0.3008 0.4670
29 78.0493 46.3519 108.8686 -0.9050 0.4246 0.0251 0.3498 0.4569
29 78.2491 47.6743 93.6879 -0.8854 0.4636 -0.0346 0.3492 0.4175
poisongolem.tga
29 78.2491 47.6743 93.6879 -0.8854 0.4636 -0.0346 0.3525 0.4179
29 78.0493 46.3519 108.8686 -0.9050 0.4246 0.0251 0.3508 0.4638
29 78.2082 48.9182 93.6726 -0.9993 -0.0331 -0.0194 0.3526 0.4179
poisongolem.tga
29 89.2847 41.4861 92.1388 0.8652 0.4778 0.1521 0.3890 0.4234
29 78.2082 48.9182 93.6726 0.5454 0.8352 0.0713 0.3492 0.4175
29 78.0493 46.3519 108.8686 0.5999 0.7805 0.1758 0.3498 0.4569
poisongolem.tga
29 78.0493 46.3519 108.8686 0.5999 0.7805 0.1758 0.3498 0.4569
29 87.0614 37.9497 111.5896 0.7468 0.6530 0.1262 0.3492 0.4175
29 89.2847 41.4861 92.1388 0.8652 0.4778 0.1521 0.3890 0.4234
poisongolem.tga
29 83.3244 1.2635 60.8565 -0.0712 -0.4138 -0.9076 0.5431 0.1259
29 70.8617 17.9057 54.2370 -0.2274 -0.3163 -0.9210 0.3761 0.3014
29 84.4099 18.6424 53.8559 -0.0058 -0.3733 -0.9277 0.5743 0.2995
poisongolem.tga
29 88.7449 29.6924 61.0296 0.6625 0.4546 -0.5953 0.6513 0.4033
29 94.5395 17.7447 62.8771 0.6389 0.3770 -0.6706 0.7242 0.2805
29 84.4099 18.6424 53.8559 0.5412 0.2981 -0.7863 0.5743 0.2995
poisongolem.tga
29 70.8617 17.9057 54.2370 -0.1695 0.3176 -0.9329 0.3761 0.3014
29 78.6708 36.0727 59.0032 -0.2378 0.4414 -0.8652 0.5102 0.4740
29 84.4099 18.6424 53.8559 -0.0418 0.2703 -0.9619 0.5743 0.2995
poisongolem.tga
29 89.3663 10.4018 62.1040 0.5113 -0.5358 -0.6719 0.6410 0.2117
29 83.3244 1.2635 60.8565 0.6614 -0.2090 -0.7204 0.5431 0.1259
29 84.4099 18.6424 53.8559 0.6195 -0.3371 -0.7090 0.5743 0.2995
poisongolem.tga
29 94.5395 17.7447 62.8771 0.5707 -0.1204 -0.8123 0.7242 0.2805
29 89.3663 10.4018 62.1040 0.5113 -0.5358 -0.6719 0.6410 0.2117
29 84.4099 18.6424 53.8559 0.6195 -0.3371 -0.7090 0.5743 0.2995
poisongolem.tga
29 78.6708 36.0727 59.0032 0.5587 0.4838 -0.6737 0.5102 0.4740
29 88.7449 29.6924 61.0296 0.6625 0.4546 -0.5953 0.6513 0.4033
29 84.4099 18.6424 53.8559 0.5412 0.2981 -0.7863 0.5743 0.2995
fireeffect.jpg
41 -67.6912 -2.2116 173.2697 0.6122 0.6310 0.4765 0.5108 0.7281
41 -45.8910 -25.3178 176.8943 0.6122 0.6486 0.4522 0.7451 0.8368
41 -38.9375 -20.2452 160.2050 0.6122 0.6310 0.4765 0.8328 0.6767
fireeffect.jpg
41 -38.9375 -20.2452 160.2050 0.6122 0.6310 0.4765 0.8328 0.6767
41 -63.0582 9.6735 153.0521 0.6117 0.6128 0.5004 0.5749 0.5165
41 -67.6912 -2.2116 173.2697 0.6122 0.6310 0.4765 0.5108 0.7281
fireeffect.jpg
41 -94.5781 -39.8861 149.1323 -0.9985 -0.0355 0.0408 0.2665 0.5827
41 -89.8623 -45.4898 156.0266 -0.8830 -0.3136 0.3491 0.3114 0.6636
41 -90.6767 -20.4266 176.4802 -0.8873 -0.3065 0.3446 0.2730 0.7862
fireeffect.jpg
41 -90.6767 -20.4266 176.4802 -0.8873 -0.3065 0.3446 0.2730 0.7862
41 -93.0366 -17.9909 172.4384 -0.9684 -0.1465 0.2017 0.2512 0.7412
41 -94.5781 -39.8861 149.1323 -0.9985 -0.0355 0.0408 0.2665 0.5827
fireeffect.jpg
41 -67.6912 -2.2116 173.2697 -0.4066 0.6006 0.6884 0.5108 0.7281
41 -93.0366 -17.9909 172.4384 -0.4706 0.7297 0.4960 0.2512 0.7412
41 -90.6767 -20.4266 176.4802 -0.4228 0.6456 0.6359 0.2730 0.7862
fireeffect.jpg
41 -77.6215 -3.5563 112.3087 -0.5423 0.5506 -0.6346 0.4673 0.1665
41 -89.3938 -12.4711 117.3566 -0.6166 0.4476 -0.6476 0.3420 0.2263
41 -91.8962 4.3404 131.3584 -0.5423 0.5506 -0.6346 0.2954 0.3096
fireeffect.jpg
41 -91.8962 4.3404 131.3584 -0.5423 0.5506 -0.6346 0.2954 0.3096
41 -74.3312 10.6647 124.8318 -0.4592 0.6446 -0.6113 0.4840 0.2473
41 -77.6215 -3.5563 112.3087 -0.5423 0.5506 -0.6346 0.4673 0.1665
fireeffect.jpg
41 -94.5781 -39.8861 149.1323 -0.1069 -0.4822 -0.8695 0.2665 0.5827
41 -76.3585 -47.8334 151.2993 -0.0779 -0.3716 -0.9251 0.4589 0.6368
41 -89.8623 -45.4898 156.0266 -0.3069 -0.8304 -0.4650 0.3114 0.6636
fireeffect.jpg
41 -74.3312 10.6647 124.8318 0.2149 0.6170 -0.7571 0.4840 0.2473
41 -63.4312 -6.3738 114.0408 0.2149 0.6170 -0.7571 0.6158 0.2004
41 -77.6215 -3.5563 112.3087 0.2149 0.6170 -0.7571 0.4673 0.1665
fireeffect.jpg
41 -72.8969 -24.4068 113.1523 -0.1033 -0.0636 -0.9926 0.5241 0.2310
41 -89.3938 -12.4711 117.3566 -0.3198 -0.1105 -0.9410 0.3420 0.2263
41 -77.6215 -3.5563 112.3087 -0.1033 -0.0636 -0.9926 0.4673 0.1665
fireeffect.jpg
41 -77.6215 -3.5563 112.3087 -0.1033 -0.0636 -0.9926 0.4673 0.1665
41 -63.4312 -6.3738 114.0408 0.1185 -0.0133 -0.9929 0.6158 0.2004
41 -72.8969 -24.4068 113.1523 -0.1033 -0.0636 -0.9926 0.5241 0.2310
fireeffect.jpg
41 -67.6912 -2.2116 173.2697 0.0138 0.1133 0.9935 0.5108 0.7281
41 -90.6767 -20.4266 176.4802 0.0591 0.1005 0.9932 0.2730 0.7862
41 -76.3708 -33.1714 176.9195 0.0138 0.1133 0.9935 0.4278 0.8336
fireeffect.jpg
41 -76.3708 -33.1714 176.9195 0.0138 0.1133 0.9935 0.4278 0.8336
41 -45.8910 -25.3178 176.8943 -0.0316 0.1257 0.9916 0.7451 0.8368
41 -67.6912 -2.2116 173.2697 0.0138 0.1133 0.9935 0.5108 0.7281
fireeffect.jpg
41 -89.8623 -45.4898 156.0266 -0.5126 -0.5528 0.6570 0.3114 0.6636
41 -76.3708 -33.1714 176.9195 -0.5126 -0.5528 0.6570 0.4278 0.8336
41 -90.6767 -20.4266 176.4802 -0.5126 -0.5528 0.6570 0.2730 0.7862
fireeffect.jpg
41 -45.8910 -25.3178 176.8943 0.1552 -0.5997 0.7850 0.7451 0.8368
41 -76.3708 -33.1714 176.9195 0.1552 -0.5997 0.7850 0.4278 0.8336
41 -55.4927 -41.6414 166.3227 0.1552 -0.5997 0.7850 0.6609 0.7744
fireeffect.jpg
41 -89.3938 -12.4711 117.3566 -0.9885 -0.0240 -0.1493 0.3420 0.2263
41 -91.4138 -21.4668 132.3031 -0.9885 -0.0256 -0.1490 0.3094 0.3843
41 -93.9458 -5.5865 146.3788 -0.9885 -0.0240 -0.1493 0.2627 0.4706
fireeffect.jpg
41 -93.9458 -5.5865 146.3788 -0.9885 -0.0240 -0.1493 0.2627 0.4706
41 -91.8962 4.3404 131.3584 -0.9885 -0.0224 -0.1497 0.2954 0.3096
41 -89.3938 -12.4711 117.3566 -0.9885 -0.0240 -0.1493 0.3420 0.2263
fireeffect.jpg
41 -63.0582 9.6735 153.0521 0.7610 0.5189 -0.3895 0.5749 0.5165
41 -38.9375 -20.2452 160.2050 0.7601 0.5195 -0.3904 0.8328 0.6767
41 -57.6269 -12.1689 134.5621 0.7610 0.5189 -0.3895 0.6587 0.4073
fireeffect.jpg
41 -57.6269 -12.1689 134.5621 0.7610 0.5189 -0.3895 0.6587 0.4073
41 -66.7690 5.2416 139.8636 0.7618 0.5183 -0.3885 0.5507 0.4044
41 -63.0582 9.6735 153.0521 0.7610 0.5189 -0.3895 0.5749 0.5165
fireeffect.jpg
41 -38.9375 -20.2452 160.2050 0.7524 -0.1978 -0.6283 0.8328 0.6767
41 -59.1194 -50.5560 144.6829 0.7509 -0.1736 -0.6372 0.6477 0.5965
41 -66.5482 -32.7453 131.0773 0.7524 -0.1978 -0.6283 0.5762 0.4210
fireeffect.jpg
41 -66.5482 -32.7453 131.0773 0.7524 -0.1978 -0.6283 0.5762 0.4210
41 -57.6269 -12.1689 134.5621 0.7534 -0.2218 -0.6190 0.6587 0.4073
41 -38.9375 -20.2452 160.2050 0.7524 -0.1978 -0.6283 0.8328 0.6767
fireeffect.jpg
41 -72.8969 -24.4068 113.1523 -0.5091 -0.7756 -0.3731 0.5241 0.2310
41 -66.5482 -32.7453 131.0773 -0.4094 -0.8741 -0.2616 0.5762 0.4210
41 -91.4138 -21.4668 132.3031 -0.5091 -0.7756 -0.3731 0.3094 0.3843
fireeffect.jpg
41 -91.4138 -21.4668 132.3031 -0.5091 -0.7756 -0.3731 0.3094 0.3843
41 -89.3938 -12.4711 117.3566 -0.5925 -0.6524 -0.4727 0.3420 0.2263
41 -72.8969 -24.4068 113.1523 -0.5091 -0.7756 -0.3731 0.5241 0.2310
fireeffect.jpg
41 -66.5482 -32.7453 131.0773 -0.3150 -0.6159 -0.7221 0.5762 0.4210
41 -96.5779 -30.0270 141.8574 -0.3150 -0.6159 -0.7221 0.2489 0.4895
41 -91.4138 -21.4668 132.3031 -0.3150 -0.6159 -0.7221 0.3094 0.3843
fireeffect.jpg
41 -91.4138 -21.4668 132.3031 -0.8765 0.1859 -0.4441 0.3094 0.3843
41 -96.5779 -30.0270 141.8574 -0.9067 0.0862 -0.4128 0.2489 0.4895
41 -102.4501 -9.7442 158.9927 -0.8765 0.1859 -0.4441 0.1625 0.5900
fireeffect.jpg
41 -102.4501 -9.7442 158.9927 -0.8765 0.1859 -0.4441 0.1625 0.5900
41 -93.9458 -5.5865 146.3788 -0.8359 0.2834 -0.4701 0.2627 0.4706
41 -91.4138 -21.4668 132.3031 -0.8765 0.1859 -0.4441 0.3094 0.3843
fireeffect.jpg
41 -93.9458 -5.5865 146.3788 -0.4242 0.9005 -0.0958 0.2627 0.4706
41 -102.4501 -9.7442 158.9927 -0.4425 0.8968 -0.0027 0.1625 0.5900
41 -63.0582 9.6735 153.0521 -0.4242 0.9005 -0.0958 0.5749 0.5165
fireeffect.jpg
41 -63.0582 9.6735 153.0521 -0.4242 0.9005 -0.0958 0.5749 0.5165
41 -66.7690 5.2416 139.8636 -0.4021 0.8961 -0.1880 0.5507 0.4044
41 -93.9458 -5.5865 146.3788 -0.4242 0.9005 -0.0958 0.2627 0.4706
fireeffect.jpg
41 -57.4444 -46.4387 154.6774 -0.0388 -0.9423 0.3325 0.6538 0.6786
41 -55.4927 -41.6414 166.3227 -0.1635 -0.9022 0.3991 0.6609 0.7744
41 -76.3708 -33.1714 176.9195 -0.0841 -0.8856 0.4567 0.4278 0.8336
fireeffect.jpg
41 -57.4444 -46.4387 154.6774 -0.0388 -0.9423 0.3325 0.6538 0.6786
41 -76.3708 -33.1714 176.9195 -0.0841 -0.8856 0.4567 0.4278 0.8336
41 -89.8623 -45.4898 156.0266 -0.0064 -0.8841 0.4673 0.3114 0.6636
fireeffect.jpg
41 -57.4444 -46.4387 154.6774 -0.0388 -0.9423 0.3325 0.6538 0.6786
41 -89.8623 -45.4898 156.0266 -0.0064 -0.8841 0.4673 0.3114 0.6636
41 -76.3585 -47.8334 151.2993 0.1204 -0.9521 -0.2810 0.4589 0.6368
fireeffect.jpg
41 -38.9375 -20.2452 160.2050 0.8017 -0.5844 0.1254 0.8328 0.6767
41 -45.8910 -25.3178 176.8943 0.8023 -0.5752 0.1594 0.7451 0.8368
41 -55.4927 -41.6414 166.3227 0.8019 -0.5822 0.1339 0.6609 0.7744
fireeffect.jpg
41 -38.9375 -20.2452 160.2050 0.8017 -0.5844 0.1254 0.8328 0.6767
41 -55.4927 -41.6414 166.3227 0.8019 -0.5822 0.1339 0.6609 0.7744
41 -57.4444 -46.4387 154.6774 0.8010 -0.5888 0.1083 0.6538 0.6786
fireeffect.jpg
41 -38.9375 -20.2452 160.2050 0.8017 -0.5844 0.1254 0.8328 0.6767
41 -57.4444 -46.4387 154.6774 0.8010 -0.5888 0.1083 0.6538 0.6786
41 -59.1194 -50.5560 144.6829 0.8010 -0.5888 0.1083 0.6477 0.5965
fireeffect.jpg
41 -91.8962 4.3404 131.3584 -0.1886 0.8647 0.4656 0.2954 0.3096
41 -93.9458 -5.5865 146.3788 -0.2057 0.8291 0.5199 0.2627 0.4706
41 -66.7690 5.2416 139.8636 -0.1886 0.8647 0.4656 0.5507 0.4044
fireeffect.jpg
41 -66.7690 5.2416 139.8636 -0.1886 0.8647 0.4656 0.5507 0.4044
41 -74.3312 10.6647 124.8318 -0.1707 0.8963 0.4092 0.4840 0.2473
41 -91.8962 4.3404 131.3584 -0.1886 0.8647 0.4656 0.2954 0.3096
fireeffect.jpg
41 -66.7690 5.2416 139.8636 0.8243 0.5486 -0.1402 0.5507 0.4044
41 -57.6269 -12.1689 134.5621 0.8664 0.4876 -0.1074 0.6587 0.4073
41 -63.4312 -6.3738 114.0408 0.8243 0.5486 -0.1402 0.6158 0.2004
fireeffect.jpg
41 -63.4312 -6.3738 114.0408 0.8243 0.5486 -0.1402 0.6158 0.2004
41 -74.3312 10.6647 124.8318 0.7767 0.6059 -0.1721 0.4840 0.2473
41 -66.7690 5.2416 139.8636 0.8243 0.5486 -0.1402 0.5507 0.4044
fireeffect.jpg
41 -57.6269 -12.1689 134.5621 0.8447 -0.3585 -0.3975 0.6587 0.4073
41 -66.5482 -32.7453 131.0773 0.8496 -0.2942 -0.4378 0.5762 0.4210
41 -72.8969 -24.4068 113.1523 0.8447 -0.3585 -0.3975 0.5241 0.2310
fireeffect.jpg
41 -72.8969 -24.4068 113.1523 0.8447 -0.3585 -0.3975 0.5241 0.2310
41 -63.4312 -6.3738 114.0408 0.8349 -0.4207 -0.3550 0.6158 0.2004
41 -57.6269 -12.1689 134.5621 0.8447 -0.3585 -0.3975 0.6587 0.4073
fireeffect.jpg
41 -57.4444 -46.4387 154.6774 -0.0388 -0.9423 0.3325 0.6538 0.6786
41 -72.2543 -48.3915 149.5295 -0.1064 -0.7888 0.6054 0.5040 0.6252
41 -59.1194 -50.5560 144.6829 -0.0111 -0.9239 0.3825 0.6477 0.5965
fireeffect.jpg
41 -95.2433 -34.2071 145.3731 -0.4601 -0.8358 -0.2995 0.2611 0.5334
41 -96.5779 -30.0270 141.8574 -0.3042 -0.6682 -0.6790 0.2489 0.4895
41 -66.5482 -32.7453 131.0773 -0.3070 -0.6618 -0.6839 0.5762 0.4210
fireeffect.jpg
41 -95.2433 -34.2071 145.3731 -0.4601 -0.8358 -0.2995 0.2611 0.5334
41 -66.5482 -32.7453 131.0773 -0.3070 -0.6618 -0.6839 0.5762 0.4210
41 -59.1194 -50.5560 144.6829 -0.3255 -0.6921 -0.6443 0.6477 0.5965
fireeffect.jpg
41 -95.2433 -34.2071 145.3731 -0.4601 -0.8358 -0.2995 0.2611 0.5334
41 -59.1194 -50.5560 144.6829 -0.3255 -0.6921 -0.6443 0.6477 0.5965
41 -72.2543 -48.3915 149.5295 -0.5242 -0.8516 -0.0068 0.5040 0.6252
fireeffect.jpg
41 -97.0165 -14.5684 166.8911 -0.7509 -0.5091 0.4207 0.2136 0.6787
41 -102.4501 -9.7442 158.9927 -0.8323 -0.4780 0.2806 0.1625 0.5900
41 -96.5779 -30.0270 141.8574 -0.9147 -0.3508 0.2006 0.2489 0.4895
fireeffect.jpg
41 -96.5779 -30.0270 141.8574 -0.9147 -0.3508 0.2006 0.2489 0.4895
41 -95.2433 -34.2071 145.3731 -0.8827 -0.3811 0.2751 0.2611 0.5334
41 -97.0165 -14.5684 166.8911 -0.7509 -0.5091 0.4207 0.2136 0.6787
fireeffect.jpg
41 -67.6912 -2.2116 173.2697 -0.4066 0.6006 0.6884 0.5108 0.7281
41 -63.0582 9.6735 153.0521 -0.3517 0.8400 0.4132 0.5749 0.5165
41 -102.4501 -9.7442 158.9927 -0.3855 0.7437 0.5461 0.1625 0.5900
fireeffect.jpg
41 -102.4501 -9.7442 158.9927 -0.3855 0.7437 0.5461 0.1625 0.5900
41 -97.0165 -14.5684 166.8911 -0.2885 0.2013 0.9361 0.2136 0.6787
41 -67.6912 -2.2116 173.2697 -0.4066 0.6006 0.6884 0.5108 0.7281
fireeffect.jpg
41 -57.4444 -46.4387 154.6774 -0.0388 -0.9423 0.3325 0.6538 0.6786
41 -76.3585 -47.8334 151.2993 0.1204 -0.9521 -0.2810 0.4589 0.6368
41 -73.4751 -46.1506 150.9267 -0.0054 -0.9985 -0.0537 0.4889 0.6313
fireeffect.jpg
41 -91.8359 -35.6590 149.5818 -0.1841 -0.4673 -0.8647 0.2933 0.5781
41 -73.4751 -46.1506 150.9267 -0.5175 -0.8430 -0.1467 0.4889 0.6313
41 -76.3585 -47.8334 151.2993 -0.0779 -0.3716 -0.9251 0.4589 0.6368
fireeffect.jpg
41 -76.3585 -47.8334 151.2993 -0.0779 -0.3716 -0.9251 0.4589 0.6368
41 -94.5781 -39.8861 149.1323 -0.1069 -0.4822 -0.8695 0.2665 0.5827
41 -91.8359 -35.6590 149.5818 -0.1841 -0.4673 -0.8647 0.2933 0.5781
fireeffect.jpg
41 -93.3031 -15.7701 166.8939 -0.9917 -0.0853 0.0963 0.2531 0.6846
41 -91.8359 -35.6590 149.5818 -0.8737 -0.3835 0.2993 0.2933 0.5781
41 -94.5781 -39.8861 149.1323 -0.9985 -0.0355 0.0408 0.2665 0.5827
fireeffect.jpg
41 -94.5781 -39.8861 149.1323 -0.9985 -0.0355 0.0408 0.2665 0.5827
41 -93.0366 -17.9909 172.4384 -0.9684 -0.1465 0.2017 0.2512 0.7412
41 -93.3031 -15.7701 166.8939 -0.9917 -0.0853 0.0963 0.2531 0.6846
fireeffect.jpg
41 -93.0366 -17.9909 172.4384 -0.4706 0.7297 0.4960 0.2512 0.7412
41 -67.6912 -2.2116 173.2697 -0.4066 0.6006 0.6884 0.5108 0.7281
41 -93.3031 -15.7701 166.8939 -0.3923 0.3390 0.8551 0.2531 0.6846
fireeffect.jpg
41 -57.4444 -46.4387 154.6774 -0.0388 -0.9423 0.3325 0.6538 0.6786
41 -73.4751 -46.1506 150.9267 -0.0054 -0.9985 -0.0537 0.4889 0.6313
41 -72.2543 -48.3915 149.5295 -0.1064 -0.7888 0.6054 0.5040 0.6252
fireeffect.jpg
41 -95.2433 -34.2071 145.3731 -0.4601 -0.8358 -0.2995 0.2611 0.5334
41 -72.2543 -48.3915 149.5295 -0.5242 -0.8516 -0.0068 0.5040 0.6252
41 -73.4751 -46.1506 150.9267 -0.5175 -0.8430 -0.1467 0.4889 0.6313
fireeffect.jpg
41 -73.4751 -46.1506 150.9267 -0.5175 -0.8430 -0.1467 0.4889 0.6313
41 -91.8359 -35.6590 149.5818 -0.1841 -0.4673 -0.8647 0.2933 0.5781
41 -95.2433 -34.2071 145.3731 -0.4601 -0.8358 -0.2995 0.2611 0.5334
fireeffect.jpg
41 -97.0165 -14.5684 166.8911 -0.7509 -0.5091 0.4207 0.2136 0.6787
41 -95.2433 -34.2071 145.3731 -0.8827 -0.3811 0.2751 0.2611 0.5334
41 -91.8359 -35.6590 149.5818 -0.8737 -0.3835 0.2993 0.2933 0.5781
fireeffect.jpg
41 -91.8359 -35.6590 149.5818 -0.8737 -0.3835 0.2993 0.2933 0.5781
41 -93.3031 -15.7701 166.8939 -0.9917 -0.0853 0.0963 0.2531 0.6846
41 -97.0165 -14.5684 166.8911 -0.7509 -0.5091 0.4207 0.2136 0.6787
fireeffect.jpg
41 -93.3031 -15.7701 166.8939 -0.3923 0.3390 0.8551 0.2531 0.6846
41 -67.6912 -2.2116 173.2697 -0.4066 0.6006 0.6884 0.5108 0.7281
41 -97.0165 -14.5684 166.8911 -0.2885 0.2013 0.9361 0.2136 0.6787
fireeffect.jpg
28 41.1270 -1.3272 168.3120 -0.6386 0.4873 0.5956 0.1356 0.6863
28 49.8500 -7.6688 183.6855 -0.6424 0.5078 0.5740 0.2301 0.8589
28 68.6785 18.1180 181.9441 -0.6386 0.4873 0.5956 0.4827 0.7417
fireeffect.jpg
28 68.6785 18.1180 181.9441 -0.6386 0.4873 0.5956 0.4827 0.7417
28 61.2469 31.8982 163.8779 -0.6342 0.4664 0.6166 0.4135 0.5137
28 41.1270 -1.3272 168.3120 -0.6386 0.4873 0.5956 0.1356 0.6863
fireeffect.jpg
28 93.6835 2.4703 181.1982 0.9391 -0.2421 0.2440 0.7389 0.8043
28 94.0226 -19.6513 157.5772 0.9360 -0.2502 0.2477 0.6975 0.6723
28 97.5611 -12.6844 151.2433 0.9967 0.0772 -0.0260 0.7459 0.5850
fireeffect.jpg
28 97.5611 -12.6844 151.2433 0.9967 0.0772 -0.0260 0.7459 0.5850
28 95.4488 5.6705 177.3928 0.9912 -0.0564 0.1197 0.7623 0.7558
28 93.6835 2.4703 181.1982 0.9391 -0.2421 0.2440 0.7389 0.8043
fireeffect.jpg
28 68.6785 18.1180 181.9441 0.3908 0.5498 0.7382 0.4827 0.7417
28 93.6835 2.4703 181.1982 0.3979 0.6028 0.6916 0.7389 0.8043
28 95.4488 5.6705 177.3928 0.4254 0.7094 0.5619 0.7623 0.7558
fireeffect.jpg
28 88.7469 32.8536 139.9257 0.4292 0.6882 -0.5850 0.7148 0.2907
28 87.0136 17.8218 123.9227 0.5130 0.5972 -0.6166 0.6646 0.2010
28 73.9907 25.8696 120.8830 0.4292 0.6882 -0.5850 0.5295 0.1365
fireeffect.jpg
28 73.9907 25.8696 120.8830 0.4292 0.6882 -0.5850 0.5295 0.1365
28 70.1490 37.8610 135.4233 0.3384 0.7679 -0.5439 0.5115 0.2236
28 88.7469 32.8536 139.9257 0.4292 0.6882 -0.5850 0.7148 0.2907
fireeffect.jpg
28 97.5611 -12.6844 151.2433 0.0916 -0.3493 -0.9325 0.7459 0.5850
28 94.0226 -19.6513 157.5772 0.3585 -0.7211 -0.5929 0.6975 0.6723
28 80.5277 -22.9345 153.4107 0.0466 -0.2366 -0.9705 0.5386 0.6433
fireeffect.jpg
28 70.1490 37.8610 135.4233 -0.3379 0.6804 -0.6504 0.5115 0.2236
28 73.9907 25.8696 120.8830 -0.3379 0.6804 -0.6504 0.5295 0.1365
28 60.3623 21.2012 123.0792 -0.3379 0.6804 -0.6504 0.3695 0.1731
fireeffect.jpg
28 73.9907 25.8696 120.8830 0.0332 0.0784 -0.9964 0.5295 0.1365
28 87.0136 17.8218 123.9227 0.2568 0.0509 -0.9651 0.6646 0.2010
28 71.6313 4.6737 119.1366 0.0332 0.0784 -0.9964 0.4683 0.2060
fireeffect.jpg
28 71.6313 4.6737 119.1366 0.0332 0.0784 -0.9964 0.4683 0.2060
28 60.3623 21.2012 123.0792 -0.1922 0.1018 -0.9761 0.3695 0.1731
28 73.9907 25.8696 120.8830 0.0332 0.0784 -0.9964 0.5295 0.1365
fireeffect.jpg
28 80.9169 -11.8192 180.7566 0.0503 -0.0191 0.9986 0.5721 0.8555
28 93.6835 2.4703 181.1982 0.0067 -0.0369 0.9993 0.7389 0.8043
28 68.6785 18.1180 181.9441 0.0503 -0.0191 0.9986 0.4827 0.7417
fireeffect.jpg
28 68.6785 18.1180 181.9441 0.0503 -0.0191 0.9986 0.4827 0.7417
28 49.8500 -7.6688 183.6855 0.0937 -0.0012 0.9956 0.2301 0.8589
28 80.9169 -11.8192 180.7566 0.0503 -0.0191 0.9986 0.5721 0.8555
fireeffect.jpg
28 94.0226 -19.6513 157.5772 0.6183 -0.5692 0.5419 0.6975 0.6723
28 93.6835 2.4703 181.1982 0.6183 -0.5692 0.5419 0.7389 0.8043
28 80.9169 -11.8192 180.7566 0.6183 -0.5692 0.5419 0.5721 0.8555
fireeffect.jpg
28 49.8500 -7.6688 183.6855 -0.0286 -0.7105 0.7031 0.2301 0.8589
28 60.3256 -21.2410 170.3972 -0.0286 -0.7105 0.7031 0.3208 0.7916
28 80.9169 -11.8192 180.7566 -0.0286 -0.7105 0.7031 0.5721 0.8555
fireeffect.jpg
28 93.0066 21.3718 153.2822 0.9709 0.1121 -0.2117 0.7499 0.4643
28 91.1375 7.2630 137.3363 0.9711 0.1105 -0.2116 0.6997 0.3713
28 87.0136 17.8218 123.9227 0.9709 0.1121 -0.2117 0.6646 0.2010
fireeffect.jpg
28 87.0136 17.8218 123.9227 0.9709 0.1121 -0.2117 0.6646 0.2010
28 88.7469 32.8536 139.9257 0.9707 0.1136 -0.2119 0.7148 0.2907
28 93.0066 21.3718 153.2822 0.9709 0.1121 -0.2117 0.7499 0.4643
fireeffect.jpg
28 56.8109 12.1502 142.9253 -0.8403 0.4719 -0.2669 0.3232 0.3960
28 41.1270 -1.3272 168.3120 -0.8396 0.4727 -0.2678 0.1356 0.6863
28 61.2469 31.8982 163.8779 -0.8403 0.4719 -0.2669 0.4135 0.5137
fireeffect.jpg
28 61.2469 31.8982 163.8779 -0.8403 0.4719 -0.2669 0.4135 0.5137
28 64.3936 29.6815 150.0016 -0.8410 0.4711 -0.2660 0.4396 0.3929
28 56.8109 12.1502 142.9253 -0.8403 0.4719 -0.2669 0.3232 0.3960
fireeffect.jpg
28 67.6166 -6.6090 136.0992 -0.7725 -0.2017 -0.6022 0.4121 0.4108
28 63.2263 -26.7853 147.5540 -0.7743 -0.1766 -0.6077 0.3351 0.5999
28 41.1270 -1.3272 168.3120 -0.7725 -0.2017 -0.6022 0.1356 0.6863
fireeffect.jpg
28 41.1270 -1.3272 168.3120 -0.7725 -0.2017 -0.6022 0.1356 0.6863
28 56.8109 12.1502 142.9253 -0.7702 -0.2267 -0.5962 0.3232 0.3960
28 67.6166 -6.6090 136.0992 -0.7725 -0.2017 -0.6022 0.4121 0.4108
fireeffect.jpg
28 91.1375 7.2630 137.3363 0.5600 -0.6553 -0.5069 0.6997 0.3713
28 67.6166 -6.6090 136.0992 0.4804 -0.7784 -0.4041 0.4121 0.4108
28 71.6313 4.6737 119.1366 0.5600 -0.6553 -0.5069 0.4683 0.2060
fireeffect.jpg
28 71.6313 4.6737 119.1366 0.5600 -0.6553 -0.5069 0.4683 0.2060
28 87.0136 17.8218 123.9227 0.6216 -0.5112 -0.5935 0.6646 0.2010
28 91.1375 7.2630 137.3363 0.5600 -0.6553 -0.5069 0.6997 0.3713
fireeffect.jpg
28 67.6166 -6.6090 136.0992 0.3235 -0.4756 -0.8180 0.4121 0.4108
28 91.1375 7.2630 137.3363 0.3235 -0.4756 -0.8180 0.6997 0.3713
28 97.9171 -1.7977 145.2859 0.3235 -0.4756 -0.8180 0.7648 0.4846
fireeffect.jpg
28 102.8551 16.6423 164.6575 0.8145 0.3438 -0.4673 0.8580 0.5929
28 97.9171 -1.7977 145.2859 0.8577 0.2452 -0.4520 0.7648 0.4846
28 91.1375 7.2630 137.3363 0.8145 0.3438 -0.4673 0.6997 0.3713
fireeffect.jpg
28 91.1375 7.2630 137.3363 0.8145 0.3438 -0.4673 0.6997 0.3713
28 93.0066 21.3718 153.2822 0.7617 0.4384 -0.4772 0.7499 0.4643
28 102.8551 16.6423 164.6575 0.8145 0.3438 -0.4673 0.8580 0.5929
fireeffect.jpg
28 61.2469 31.8982 163.8779 0.3155 0.9489 0.0031 0.4135 0.5137
28 102.8551 16.6423 164.6575 0.3412 0.9353 0.0935 0.8580 0.5929
28 93.0066 21.3718 153.2822 0.3155 0.9489 0.0031 0.7499 0.4643
fireeffect.jpg
28 93.0066 21.3718 153.2822 0.3155 0.9489 0.0031 0.7499 0.4643
28 64.3936 29.6815 150.0016 0.2870 0.9539 -0.0873 0.4396 0.3929
28 61.2469 31.8982 163.8779 0.3155 0.9489 0.0031 0.4135 0.5137
fireeffect.jpg
28 61.8866 -24.2247 158.1043 0.1661 -0.9663 0.1967 0.3285 0.6884
28 80.5277 -22.9345 153.4107 -0.0378 -0.9151 -0.4015 0.5386 0.6433
28 94.0226 -19.6513 157.5772 0.1380 -0.9303 0.3399 0.6975 0.6723
fireeffect.jpg
28 61.8866 -24.2247 158.1043 0.1661 -0.9663 0.1967 0.3285 0.6884
28 94.0226 -19.6513 157.5772 0.1380 -0.9303 0.3399 0.6975 0.6723
28 80.9169 -11.8192 180.7566 0.2143 -0.9213 0.3245 0.5721 0.8555
fireeffect.jpg
28 61.8866 -24.2247 158.1043 0.1661 -0.9663 0.1967 0.3285 0.6884
28 80.9169 -11.8192 180.7566 0.2143 -0.9213 0.3245 0.5721 0.8555
28 60.3256 -21.2410 170.3972 0.2903 -0.9208 0.2604 0.3208 0.7916
fireeffect.jpg
28 41.1270 -1.3272 168.3120 -0.7216 -0.6860 0.0929 0.1356 0.6863
28 63.2263 -26.7853 147.5540 -0.7218 -0.6880 0.0753 0.3351 0.5999
28 61.8866 -24.2247 158.1043 -0.7218 -0.6880 0.0753 0.3285 0.6884
fireeffect.jpg
28 41.1270 -1.3272 168.3120 -0.7216 -0.6860 0.0929 0.1356 0.6863
28 61.8866 -24.2247 158.1043 -0.7218 -0.6880 0.0753 0.3285 0.6884
28 60.3256 -21.2410 170.3972 -0.7215 -0.6849 0.1016 0.3208 0.7916
fireeffect.jpg
28 41.1270 -1.3272 168.3120 -0.7216 -0.6860 0.0929 0.1356 0.6863
28 60.3256 -21.2410 170.3972 -0.7215 -0.6849 0.1016 0.3208 0.7916
28 49.8500 -7.6688 183.6855 -0.7207 -0.6814 0.1278 0.2301 0.8589
fireeffect.jpg
28 64.3936 29.6815 150.0016 0.1290 0.8131 0.5677 0.4396 0.3929
28 93.0066 21.3718 153.2822 0.1539 0.7730 0.6154 0.7499 0.4643
28 88.7469 32.8536 139.9257 0.1290 0.8131 0.5677 0.7148 0.2907
fireeffect.jpg
28 88.7469 32.8536 139.9257 0.1290 0.8131 0.5677 0.7148 0.2907
28 70.1490 37.8610 135.4233 0.1034 0.8495 0.5174 0.5115 0.2236
28 64.3936 29.6815 150.0016 0.1290 0.8131 0.5677 0.4396 0.3929
fireeffect.jpg
28 60.3623 21.2012 123.0792 -0.8871 0.4613 -0.0125 0.3695 0.1731
28 56.8109 12.1502 142.9253 -0.9198 0.3921 0.0142 0.3232 0.3960
28 64.3936 29.6815 150.0016 -0.8871 0.4613 -0.0125 0.4396 0.3929
fireeffect.jpg
28 64.3936 29.6815 150.0016 -0.8871 0.4613 -0.0125 0.4396 0.3929
28 70.1490 37.8610 135.4233 -0.8487 0.5275 -0.0391 0.5115 0.2236
28 60.3623 21.2012 123.0792 -0.8871 0.4613 -0.0125 0.3695 0.1731
fireeffect.jpg
28 71.6313 4.6737 119.1366 -0.8288 -0.4008 -0.3904 0.4683 0.2060
28 67.6166 -6.6090 136.0992 -0.8438 -0.3328 -0.4211 0.4121 0.4108
28 56.8109 12.1502 142.9253 -0.8288 -0.4008 -0.3904 0.3232 0.3960
fireeffect.jpg
28 56.8109 12.1502 142.9253 -0.8288 -0.4008 -0.3904 0.3232 0.3960
28 60.3623 21.2012 123.0792 -0.8091 -0.4664 -0.3575 0.3695 0.1731
28 71.6313 4.6737 119.1366 -0.8288 -0.4008 -0.3904 0.4683 0.2060
fireeffect.jpg
28 61.8866 -24.2247 158.1043 0.1661 -0.9663 0.1967 0.3285 0.6884
28 63.2263 -26.7853 147.5540 0.1404 -0.9579 0.2503 0.3351 0.5999
28 76.3841 -23.7373 151.8364 0.2373 -0.8426 0.4835 0.4899 0.6308
fireeffect.jpg
28 97.3168 -6.5267 148.2680 0.5236 -0.7299 -0.4394 0.7517 0.5319
28 76.3841 -23.7373 151.8364 0.6113 -0.7759 -0.1562 0.4899 0.6308
28 63.2263 -26.7853 147.5540 0.3482 -0.5594 -0.7522 0.3351 0.5999
fireeffect.jpg
28 97.3168 -6.5267 148.2680 0.5236 -0.7299 -0.4394 0.7517 0.5319
28 63.2263 -26.7853 147.5540 0.3482 -0.5594 -0.7522 0.3351 0.5999
28 67.6166 -6.6090 136.0992 0.3235 -0.5267 -0.7861 0.4121 0.4108
fireeffect.jpg
28 97.3168 -6.5267 148.2680 0.5236 -0.7299 -0.4394 0.7517 0.5319
28 67.6166 -6.6090 136.0992 0.3235 -0.5267 -0.7861 0.4121 0.4108
28 97.9171 -1.7977 145.2859 0.3218 -0.5339 -0.7819 0.7648 0.4846
fireeffect.jpg
28 97.9171 -1.7977 145.2859 0.9600 -0.2638 0.0938 0.7648 0.4846
28 102.8551 16.6423 164.6575 0.8983 -0.4091 0.1605 0.8580 0.5929
28 98.5976 10.2283 172.1354 0.8317 -0.4674 0.2998 0.8029 0.6885
fireeffect.jpg
28 98.5976 10.2283 172.1354 0.8317 -0.4674 0.2998 0.8029 0.6885
28 97.3168 -6.5267 148.2680 0.9372 -0.3070 0.1653 0.7517 0.5319
28 97.9171 -1.7977 145.2859 0.9600 -0.2638 0.0938 0.7648 0.4846
fireeffect.jpg
28 102.8551 16.6423 164.6575 0.3434 0.7067 0.6186 0.8580 0.5929
28 61.2469 31.8982 163.8779 0.2893 0.8148 0.5025 0.4135 0.5137
28 68.6785 18.1180 181.9441 0.3908 0.5498 0.7382 0.4827 0.7417
fireeffect.jpg
28 68.6785 18.1180 181.9441 0.3908 0.5498 0.7382 0.4827 0.7417
28 98.5976 10.2283 172.1354 0.3358 0.1107 0.9354 0.8029 0.6885
28 102.8551 16.6423 164.6575 0.3434 0.7067 0.6186 0.8580 0.5929
fireeffect.jpg
28 61.8866 -24.2247 158.1043 0.1661 -0.9663 0.1967 0.3285 0.6884
28 77.4585 -21.5683 153.4512 0.1094 -0.9755 -0.1908 0.5062 0.6374
28 80.5277 -22.9345 153.4107 -0.0378 -0.9151 -0.4015 0.5386 0.6433
fireeffect.jpg
28 80.5277 -22.9345 153.4107 0.0466 -0.2366 -0.9705 0.5386 0.6433
28 77.4585 -21.5683 153.4512 0.5930 -0.7501 -0.2929 0.5062 0.6374
28 94.4193 -8.9031 152.4381 0.1668 -0.3262 -0.9305 0.7170 0.5801
fireeffect.jpg
28 94.4193 -8.9031 152.4381 0.1668 -0.3262 -0.9305 0.7170 0.5801
28 97.5611 -12.6844 151.2433 0.0916 -0.3493 -0.9325 0.7459 0.5850
28 80.5277 -22.9345 153.4107 0.0466 -0.2366 -0.9705 0.5386 0.6433
fireeffect.jpg
28 97.5611 -12.6844 151.2433 0.9967 0.0772 -0.0260 0.7459 0.5850
28 94.4193 -8.9031 152.4381 0.9305 -0.3136 0.1894 0.7170 0.5801
28 95.0470 8.6078 172.2009 0.9995 0.0202 0.0225 0.7603 0.6949
fireeffect.jpg
28 95.0470 8.6078 172.2009 0.9995 0.0202 0.0225 0.7603 0.6949
28 95.4488 5.6705 177.3928 0.9912 -0.0564 0.1197 0.7623 0.7558
28 97.5611 -12.6844 151.2433 0.9967 0.0772 -0.0260 0.7459 0.5850
fireeffect.jpg
28 95.4488 5.6705 177.3928 0.4254 0.7094 0.5619 0.7623 0.7558
28 95.0470 8.6078 172.2009 0.4177 0.2689 0.8679 0.7603 0.6949
28 68.6785 18.1180 181.9441 0.3908 0.5498 0.7382 0.4827 0.7417
fireeffect.jpg
28 61.8866 -24.2247 158.1043 0.1661 -0.9663 0.1967 0.3285 0.6884
28 76.3841 -23.7373 151.8364 0.2373 -0.8426 0.4835 0.4899 0.6308
28 77.4585 -21.5683 153.4512 0.1094 -0.9755 -0.1908 0.5062 0.6374
fireeffect.jpg
28 77.4585 -21.5683 153.4512 0.5930 -0.7501 -0.2929 0.5062 0.6374
28 76.3841 -23.7373 151.8364 0.6113 -0.7759 -0.1562 0.4899 0.6308
28 97.3168 -6.5267 148.2680 0.5236 -0.7299 -0.4394 0.7517 0.5319
fireeffect.jpg
28 97.3168 -6.5267 148.2680 0.5236 -0.7299 -0.4394 0.7517 0.5319
28 94.4193 -8.9031 152.4381 0.1668 -0.3262 -0.9305 0.7170 0.5801
28 77.4585 -21.5683 153.4512 0.5930 -0.7501 -0.2929 0.5062 0.6374
fireeffect.jpg
28 94.4193 -8.9031 152.4381 0.9305 -0.3136 0.1894 0.7170 0.5801
28 97.3168 -6.5267 148.2680 0.9372 -0.3070 0.1653 0.7517 0.5319
28 98.5976 10.2283 172.1354 0.8317 -0.4674 0.2998 0.8029 0.6885
fireeffect.jpg
28 98.5976 10.2283 172.1354 0.8317 -0.4674 0.2998 0.8029 0.6885
28 95.0470 8.6078 172.2009 0.9995 0.0202 0.0225 0.7603 0.6949
28 94.4193 -8.9031 152.4381 0.9305 -0.3136 0.1894 0.7170 0.5801
fireeffect.jpg
28 95.0470 8.6078 172.2009 0.4177 0.2689 0.8679 0.7603 0.6949
28 98.5976 10.2283 172.1354 0.3358 0.1107 0.9354 0.8029 0.6885
28 68.6785 18.1180 181.9441 0.3908 0.5498 0.7382 0.4827 0.7417
fireeffect.jpg
2 0.0762 14.6395 85.4285 0.0000 0.9860 -0.1669 0.5000 0.3638
2 0.0713 19.9365 100.4164 -0.0000 0.8406 0.5417 0.5000 0.5496
2 19.3851 14.0013 101.1362 0.2140 0.8922 0.3977 0.6883 0.5585
fireeffect.jpg
2 19.3851 14.0013 101.1362 0.2140 0.8922 0.3977 0.6883 0.5585
2 20.3777 13.9461 94.5493 0.0355 0.9994 -0.0030 0.6980 0.4768
2 0.0762 14.6395 85.4285 0.0000 0.9860 -0.1669 0.5000 0.3638
fireeffect.jpg
2 19.7643 -10.9492 90.6886 0.2849 -0.7009 -0.6539 0.6920 0.4290
2 21.2384 -11.0475 98.3791 0.6045 -0.7188 0.3433 0.7064 0.5243
2 0.0742 -15.8448 91.0594 -0.0000 -0.9476 -0.3195 0.5000 0.4336
fireeffect.jpg
2 0.0742 -15.8448 91.0594 -0.0000 -0.9476 -0.3195 0.5000 0.4336
2 0.0761 -12.1214 85.4660 0.0000 -0.3997 -0.9167 0.5000 0.3643
2 19.7643 -10.9492 90.6886 0.2849 -0.7009 -0.6539 0.6920 0.4290
fireeffect.jpg
2 17.8099 -11.6383 108.2499 0.2031 -0.9787 0.0299 0.6730 0.6466
2 0.0697 -15.2479 104.5611 0.0000 -0.9990 0.0442 0.5000 0.6009
2 0.0742 -15.8448 91.0594 0.0000 -0.9995 0.0305 0.5000 0.4336
fireeffect.jpg
2 0.0742 -15.8448 91.0594 0.0000 -0.9995 0.0305 0.5000 0.4336
2 21.2384 -11.0475 98.3791 0.6003 -0.7951 -0.0864 0.7064 0.5243
2 17.8099 -11.6383 108.2499 0.2031 -0.9787 0.0299 0.6730 0.6466
fireeffect.jpg
2 19.7643 -10.9492 90.6886 0.8917 -0.3562 -0.2791 0.6920 0.4290
2 25.3213 4.5234 93.8790 0.7497 0.0354 -0.6608 0.7461 0.4685
2 29.4885 1.8750 105.3913 0.8917 -0.3562 -0.2791 0.7868 0.6112
fireeffect.jpg
2 29.4885 1.8750 105.3913 0.8917 -0.3562 -0.2791 0.7868 0.6112
2 21.2384 -11.0475 98.3791 0.6003 -0.7951 -0.0864 0.7064 0.5243
2 19.7643 -10.9492 90.6886 0.8917 -0.3562 -0.2791 0.6920 0.4290
fireeffect.jpg
2 0.0672 -1.6186 112.3798 -0.0000 -0.2982 0.9545 0.5000 0.6978
2 0.0697 -15.2479 104.5611 -0.0000 -0.4976 0.8674 0.5000 0.6009
2 17.8099 -11.6383 108.2499 0.4027 -0.3394 0.8501 0.6730 0.6466
fireeffect.jpg
2 17.8099 -11.6383 108.2499 0.4027 -0.3394 0.8501 0.6730 0.6466
2 10.6414 0.7081 110.5979 0.1828 -0.0802 0.9799 0.6031 0.6757
2 0.0672 -1.6186 112.3798 -0.0000 -0.2982 0.9545 0.5000 0.6978
fireeffect.jpg
2 25.3213 4.5234 93.8790 0.8446 0.5353 -0.0083 0.7461 0.4685
2 20.3777 13.9461 94.5493 0.8819 0.4535 0.1291 0.6980 0.4768
2 19.3851 14.0013 101.1362 0.2140 0.8922 0.3977 0.6883 0.5585
fireeffect.jpg
2 19.3851 14.0013 101.1362 0.2140 0.8922 0.3977 0.6883 0.5585
2 29.4885 1.8750 105.3913 0.5232 0.4358 0.7324 0.7868 0.6112
2 25.3213 4.5234 93.8790 0.8446 0.5353 -0.0083 0.7461 0.4685
fireeffect.jpg
2 21.1205 0.2198 109.2475 0.7129 -0.4830 0.5085 0.7052 0.6590
2 17.8099 -11.6383 108.2499 0.4027 -0.3394 0.8501 0.6730 0.6466
2 21.2384 -11.0475 98.3791 0.6045 -0.7188 0.3433 0.7064 0.5243
fireeffect.jpg
2 21.2384 -11.0475 98.3791 0.6045 -0.7188 0.3433 0.7064 0.5243
2 29.4885 1.8750 105.3913 0.5232 0.4358 0.7324 0.7868 0.6112
2 21.1205 0.2198 109.2475 0.7129 -0.4830 0.5085 0.7052 0.6590
fireeffect.jpg
2 29.4885 1.8750 105.3913 0.5232 0.4358 0.7324 0.7868 0.6112
2 19.3851 14.0013 101.1362 0.2140 0.8922 0.3977 0.6883 0.5585
2 13.6393 8.3156 106.1678 0.2287 0.5641 0.7934 0.6323 0.6208
fireeffect.jpg
2 29.4885 1.8750 105.3913 0.5232 0.4358 0.7324 0.7868 0.6112
2 13.6393 8.3156 106.1678 0.2287 0.5641 0.7934 0.6323 0.6208
2 13.8912 8.1179 106.2488 0.1773 0.5261 0.8317 0.6348 0.6218
fireeffect.jpg
2 29.4885 1.8750 105.3913 0.5232 0.4358 0.7324 0.7868 0.6112
2 13.8912 8.1179 106.2488 0.1773 0.5261 0.8317 0.6348 0.6218
2 21.1205 0.2198 109.2475 0.2609 0.5421 0.7988 0.7052 0.6590
fireeffect.jpg
2 13.6393 8.3156 106.1678 0.1383 0.5643 0.8139 0.6323 0.6208
2 19.3851 14.0013 101.1362 0.2140 0.8922 0.3977 0.6883 0.5585
2 0.0713 19.9365 100.4164 -0.0000 0.8406 0.5417 0.5000 0.5496
fireeffect.jpg
2 0.0713 19.9365 100.4164 -0.0000 0.8406 0.5417 0.5000 0.5496
2 0.0687 8.6452 108.1242 -0.0000 0.5638 0.8259 0.5000 0.6451
2 13.6393 8.3156 106.1678 0.1383 0.5643 0.8139 0.6323 0.6208
fireeffect.jpg
2 17.8099 -11.6383 108.2499 0.1216 -0.1169 0.9857 0.6730 0.6466
2 21.1205 0.2198 109.2475 0.1216 -0.1169 0.9857 0.7052 0.6590
2 10.6414 0.7081 110.5979 0.0840 0.1983 0.9765 0.6031 0.6757
fireeffect.jpg
2 21.1205 0.2198 109.2475 0.1346 0.4570 0.8792 0.7052 0.6590
2 13.8912 8.1179 106.2488 0.1346 0.4570 0.8792 0.6348 0.6218
2 10.6414 0.7081 110.5979 0.1346 0.4570 0.8792 0.6031 0.6757
fireeffect.jpg
2 13.8912 8.1179 106.2488 0.1773 0.5261 0.8317 0.6348 0.6218
2 13.6393 8.3156 106.1678 0.2287 0.5641 0.7934 0.6323 0.6208
2 0.0687 8.6452 108.1242 0.0000 0.4541 0.8910 0.5000 0.6451
fireeffect.jpg
2 13.8912 8.1179 106.2488 0.1773 0.5261 0.8317 0.6348 0.6218
2 0.0687 8.6452 108.1242 0.0000 0.4541 0.8910 0.5000 0.6451
2 0.0672 -1.6186 112.3798 -0.0000 0.4395 0.8983 0.5000 0.6978
fireeffect.jpg
2 13.8912 8.1179 106.2488 0.1773 0.5261 0.8317 0.6348 0.6218
2 0.0672 -1.6186 112.3798 -0.0000 0.4395 0.8983 0.5000 0.6978
2 10.6414 0.7081 110.5979 0.0840 0.1983 0.9765 0.6031 0.6757
fireeffect.jpg
2 0.0761 -12.1214 85.4660 0.0000 -0.3997 -0.9167 0.5000 0.3643
2 0.0782 4.3116 79.3206 0.0001 -0.3503 -0.9366 0.5000 0.2881
2 25.3213 4.5234 93.8790 0.3747 -0.1026 -0.9214 0.7461 0.4685
fireeffect.jpg
2 25.3213 4.5234 93.8790 0.3747 -0.1026 -0.9214 0.7461 0.4685
2 19.7643 -10.9492 90.6886 0.2849 -0.7009 -0.6539 0.6920 0.4290
2 0.0761 -12.1214 85.4660 0.0000 -0.3997 -0.9167 0.5000 0.3643
fireeffect.jpg
2 0.0782 4.3116 79.3206 0.0001 0.4326 -0.9016 0.5000 0.2881
2 0.0762 14.6395 85.4285 0.0000 0.5090 -0.8607 0.5000 0.3638
2 20.3777 13.9461 94.5493 0.4261 0.3914 -0.8156 0.6980 0.4768
fireeffect.jpg
2 20.3777 13.9461 94.5493 0.4261 0.3914 -0.8156 0.6980 0.4768
2 25.3213 4.5234 93.8790 0.7497 0.0354 -0.6608 0.7461 0.4685
2 0.0782 4.3116 79.3206 0.0001 0.4326 -0.9016 0.5000 0.2881
fireeffect.jpg
2 -19.2431 14.0012 101.1362 -0.2140 0.8922 0.3976 0.3117 0.5585
2 0.0713 19.9365 100.4164 -0.0000 0.8406 0.5417 0.5000 0.5496
2 0.0762 14.6395 85.4285 0.0000 0.9860 -0.1669 0.5000 0.3638
fireeffect.jpg
2 0.0762 14.6395 85.4285 0.0000 0.9860 -0.1669 0.5000 0.3638
2 -20.2313 13.9460 94.5493 -0.0355 0.9994 -0.0031 0.3021 0.4768
2 -19.2431 14.0012 101.1362 -0.2140 0.8922 0.3976 0.3117 0.5585
fireeffect.jpg
2 0.0742 -15.8448 91.0594 -0.0000 -0.9476 -0.3195 0.5000 0.4336
2 -21.0949 -11.0476 98.3790 -0.6046 -0.7189 0.3429 0.2936 0.5243
2 -19.6157 -10.9493 90.6886 -0.2848 -0.7008 -0.6540 0.3080 0.4290
fireeffect.jpg
2 -19.6157 -10.9493 90.6886 -0.2848 -0.7008 -0.6540 0.3080 0.4290
2 0.0761 -12.1214 85.4660 0.0000 -0.3997 -0.9167 0.5000 0.3643
2 0.0742 -15.8448 91.0594 -0.0000 -0.9476 -0.3195 0.5000 0.4336
fireeffect.jpg
2 0.0742 -15.8448 91.0594 0.0000 -0.9995 0.0305 0.5000 0.4336
2 0.0697 -15.2479 104.5611 0.0000 -0.9990 0.0442 0.5000 0.6009
2 -17.6729 -11.6384 108.2499 -0.2031 -0.9787 0.0298 0.3270 0.6466
fireeffect.jpg
2 -17.6729 -11.6384 108.2499 -0.2031 -0.9787 0.0298 0.3270 0.6466
2 -21.0949 -11.0476 98.3790 -0.6002 -0.7951 -0.0868 0.2936 0.5243
2 0.0742 -15.8448 91.0594 0.0000 -0.9995 0.0305 0.5000 0.4336
fireeffect.jpg
2 -29.3494 1.8749 105.3912 -0.8916 -0.3562 -0.2796 0.2132 0.6112
2 -25.1745 4.5233 93.8790 -0.7495 0.0354 -0.6611 0.2539 0.4685
2 -19.6157 -10.9493 90.6886 -0.8916 -0.3562 -0.2796 0.3080 0.4290
fireeffect.jpg
2 -19.6157 -10.9493 90.6886 -0.8916 -0.3562 -0.2796 0.3080 0.4290
2 -21.0949 -11.0476 98.3790 -0.6002 -0.7951 -0.0868 0.2936 0.5243
2 -29.3494 1.8749 105.3912 -0.8916 -0.3562 -0.2796 0.2132 0.6112
fireeffect.jpg
2 -17.6729 -11.6384 108.2499 -0.4028 -0.3394 0.8500 0.3270 0.6466
2 0.0697 -15.2479 104.5611 -0.0000 -0.4976 0.8674 0.5000 0.6009
2 0.0672 -1.6186 112.3798 -0.0000 -0.2982 0.9545 0.5000 0.6978
fireeffect.jpg
2 0.0672 -1.6186 112.3798 -0.0000 -0.2982 0.9545 0.5000 0.6978
2 -10.5058 0.7081 110.5979 -0.1828 -0.0802 0.9799 0.3969 0.6757
2 -17.6729 -11.6384 108.2499 -0.4028 -0.3394 0.8500 0.3270 0.6466
fireeffect.jpg
2 -19.2431 14.0012 101.1362 -0.2140 0.8922 0.3976 0.3117 0.5585
2 -20.2313 13.9460 94.5493 -0.8819 0.4535 0.1285 0.3021 0.4768
2 -25.1745 4.5233 93.8790 -0.8446 0.5353 -0.0088 0.2539 0.4685
fireeffect.jpg
2 -25.1745 4.5233 93.8790 -0.8446 0.5353 -0.0088 0.2539 0.4685
2 -29.3494 1.8749 105.3912 -0.5233 0.4359 0.7322 0.2132 0.6112
2 -19.2431 14.0012 101.1362 -0.2140 0.8922 0.3976 0.3117 0.5585
fireeffect.jpg
2 -21.0949 -11.0476 98.3790 -0.6046 -0.7189 0.3429 0.2936 0.5243
2 -17.6729 -11.6384 108.2499 -0.4028 -0.3394 0.8500 0.3270 0.6466
2 -20.9840 0.2198 109.2475 -0.7130 -0.4831 0.5081 0.2948 0.6590
fireeffect.jpg
2 -20.9840 0.2198 109.2475 -0.7130 -0.4831 0.5081 0.2948 0.6590
2 -29.3494 1.8749 105.3912 -0.5233 0.4359 0.7322 0.2132 0.6112
2 -21.0949 -11.0476 98.3790 -0.6046 -0.7189 0.3429 0.2936 0.5243
fireeffect.jpg
2 -29.3494 1.8749 105.3912 -0.5233 0.4359 0.7322 0.2132 0.6112
2 -20.9840 0.2198 109.2475 -0.2609 0.5422 0.7987 0.2948 0.6590
2 -13.7526 8.1178 106.2488 -0.1774 0.5262 0.8317 0.3652 0.6218
fireeffect.jpg
2 -29.3494 1.8749 105.3912 -0.5233 0.4359 0.7322 0.2132 0.6112
2 -13.7526 8.1178 106.2488 -0.1774 0.5262 0.8317 0.3652 0.6218
2 -13.5007 8.3155 106.1678 -0.2287 0.5642 0.7933 0.3677 0.6208
fireeffect.jpg
2 -29.3494 1.8749 105.3912 -0.5233 0.4359 0.7322 0.2132 0.6112
2 -13.5007 8.3155 106.1678 -0.2287 0.5642 0.7933 0.3677 0.6208
2 -19.2431 14.0012 101.1362 -0.2140 0.8922 0.3976 0.3117 0.5585
fireeffect.jpg
2 0.0713 19.9365 100.4164 -0.0000 0.8406 0.5417 0.5000 0.5496
2 -19.2431 14.0012 101.1362 -0.2140 0.8922 0.3976 0.3117 0.5585
2 -13.5007 8.3155 106.1678 -0.1383 0.5643 0.8139 0.3677 0.6208
fireeffect.jpg
2 -13.5007 8.3155 106.1678 -0.1383 0.5643 0.8139 0.3677 0.6208
2 0.0687 8.6452 108.1242 -0.0000 0.5638 0.8259 0.5000 0.6451
2 0.0713 19.9365 100.4164 -0.0000 0.8406 0.5417 0.5000 0.5496
fireeffect.jpg
2 -17.6729 -11.6384 108.2499 -0.1216 -0.1169 0.9857 0.3270 0.6466
2 -10.5058 0.7081 110.5979 -0.0840 0.1983 0.9765 0.3969 0.6757
2 -20.9840 0.2198 109.2475 -0.1216 -0.1169 0.9857 0.2948 0.6590
fireeffect.jpg
2 -20.9840 0.2198 109.2475 -0.1346 0.4571 0.8792 0.2948 0.6590
2 -10.5058 0.7081 110.5979 -0.1346 0.4571 0.8792 0.3969 0.6757
2 -13.7526 8.1178 106.2488 -0.1346 0.4571 0.8792 0.3652 0.6218
fireeffect.jpg
2 -13.7526 8.1178 106.2488 -0.1774 0.5262 0.8317 0.3652 0.6218
2 -10.5058 0.7081 110.5979 -0.0840 0.1983 0.9765 0.3969 0.6757
2 0.0672 -1.6186 112.3798 -0.0000 0.4395 0.8983 0.5000 0.6978
fireeffect.jpg
2 -13.7526 8.1178 106.2488 -0.1774 0.5262 0.8317 0.3652 0.6218
2 0.0672 -1.6186 112.3798 -0.0000 0.4395 0.8983 0.5000 0.6978
2 0.0687 8.6452 108.1242 0.0000 0.4541 0.8910 0.5000 0.6451
fireeffect.jpg
2 -13.7526 8.1178 106.2488 -0.1774 0.5262 0.8317 0.3652 0.6218
2 0.0687 8.6452 108.1242 0.0000 0.4541 0.8910 0.5000 0.6451
2 -13.5007 8.3155 106.1678 -0.2287 0.5642 0.7933 0.3677 0.6208
fireeffect.jpg
2 -25.1745 4.5233 93.8790 -0.3746 -0.1025 -0.9215 0.2539 0.4685
2 0.0782 4.3116 79.3206 0.0001 -0.3503 -0.9366 0.5000 0.2881
2 0.0761 -12.1214 85.4660 0.0000 -0.3997 -0.9167 0.5000 0.3643
fireeffect.jpg
2 0.0761 -12.1214 85.4660 0.0000 -0.3997 -0.9167 0.5000 0.3643
2 -19.6157 -10.9493 90.6886 -0.2848 -0.7008 -0.6540 0.3080 0.4290
2 -25.1745 4.5233 93.8790 -0.3746 -0.1025 -0.9215 0.2539 0.4685
fireeffect.jpg
2 -20.2313 13.9460 94.5493 -0.4260 0.3913 -0.8157 0.3021 0.4768
2 0.0762 14.6395 85.4285 0.0000 0.5090 -0.8607 0.5000 0.3638
2 0.0782 4.3116 79.3206 0.0001 0.4326 -0.9016 0.5000 0.2881
fireeffect.jpg
2 0.0782 4.3116 79.3206 0.0001 0.4326 -0.9016 0.5000 0.2881
2 -25.1745 4.5233 93.8790 -0.7495 0.0354 -0.6611 0.2539 0.4685
2 -20.2313 13.9460 94.5493 -0.4260 0.3913 -0.8157 0.3021 0.4768
fireeffect.jpg
11 -19.8836 20.1555 70.3896 -0.3930 0.9195 0.0094 0.5020 0.6466
11 -45.7227 9.0789 73.4502 -0.3930 0.9195 0.0094 0.3458 0.5382
11 -31.6534 14.1157 83.8782 -0.3853 0.9197 0.0756 0.4224 0.6757
fireeffect.jpg
11 -45.7227 9.0789 73.4502 -0.3930 0.9195 0.0094 0.3458 0.5382
11 -19.8836 20.1555 70.3896 -0.3930 0.9195 0.0094 0.5020 0.6466
11 -27.5195 15.6773 51.9319 -0.3991 0.9151 -0.0569 0.4784 0.4757
fireeffect.jpg
11 -19.8836 20.1555 70.3896 0.7288 0.4471 -0.5187 0.5020 0.6466
11 -15.0244 -10.1627 51.0863 0.7288 0.4471 -0.5187 0.6554 0.3861
11 -27.5195 15.6773 51.9319 0.8065 0.4041 -0.4317 0.4784 0.4757
fireeffect.jpg
11 -15.0244 -10.1627 51.0863 0.7288 0.4471 -0.5187 0.6554 0.3861
11 -19.8836 20.1555 70.3896 0.7288 0.4471 -0.5187 0.5020 0.6466
11 -7.8667 2.7788 69.2078 0.6398 0.4831 -0.5977 0.6481 0.5930
fireeffect.jpg
11 -7.8667 2.7788 69.2078 0.9056 -0.4205 -0.0554 0.6481 0.5930
11 -20.7616 -24.0282 61.8966 0.9056 -0.4205 -0.0554 0.6482 0.3782
11 -15.0244 -10.1627 51.0863 0.9057 -0.4199 -0.0579 0.6554 0.3861
fireeffect.jpg
11 -20.7616 -24.0282 61.8966 0.9056 -0.4205 -0.0554 0.6482 0.3782
11 -7.8667 2.7788 69.2078 0.9056 -0.4205 -0.0554 0.6481 0.5930
11 -14.2398 -12.6335 82.8031 0.9055 -0.4211 -0.0529 0.6386 0.5951
fireeffect.jpg
11 -20.7616 -24.0282 61.8966 -0.2698 -0.9607 0.0658 0.6482 0.3782
11 -38.4098 -17.9881 77.7333 -0.2698 -0.9607 0.0658 0.4838 0.4626
11 -40.3130 -17.9208 70.9133 -0.2698 -0.9607 0.0658 0.4762 0.4103
fireeffect.jpg
11 -40.3130 -17.9208 70.9133 -0.9161 -0.2153 0.3381 0.4762 0.4103
11 -45.7227 9.0789 73.4502 -0.9161 -0.2153 0.3381 0.3458 0.5382
11 -49.9068 -1.5927 58.9187 -0.8845 -0.2161 0.4134 0.3640 0.3756
fireeffect.jpg
11 -45.7227 9.0789 73.4502 -0.9161 -0.2153 0.3381 0.3458 0.5382
11 -40.3130 -17.9208 70.9133 -0.9161 -0.2153 0.3381 0.4762 0.4103
11 -38.4098 -17.9881 77.7333 -0.9416 -0.2132 0.2607 0.4838 0.4626
fireeffect.jpg
11 -31.6534 14.1157 83.8782 0.1502 0.8468 0.5103 0.4224 0.6757
11 -14.2175 9.2653 86.7940 0.1502 0.8468 0.5103 0.5633 0.7253
11 -19.8836 20.1555 70.3896 0.1502 0.8468 0.5103 0.5020 0.6466
fireeffect.jpg
11 -27.3907 -4.0232 88.0063 -0.1084 0.1963 0.9745 0.5090 0.6318
11 -14.2175 9.2653 86.7940 -0.1084 0.1963 0.9745 0.5633 0.7253
11 -31.6534 14.1157 83.8782 -0.1084 0.1963 0.9745 0.4224 0.6757
fireeffect.jpg
11 -14.2175 9.2653 86.7940 0.2622 -0.1733 0.9493 0.5633 0.7253
11 -27.3907 -4.0232 88.0063 0.2622 -0.1733 0.9493 0.5090 0.6318
11 -14.2398 -12.6335 82.8031 0.2622 -0.1733 0.9493 0.6386 0.5951
fireeffect.jpg
11 -19.8836 20.1555 70.3896 0.8220 0.5624 0.0894 0.5020 0.6466
11 -14.2175 9.2653 86.7940 0.8220 0.5624 0.0894 0.5633 0.7253
11 -7.8667 2.7788 69.2078 0.8220 0.5624 0.0894 0.6481 0.5930
fireeffect.jpg
11 -14.2175 9.2653 86.7940 0.9303 -0.0667 0.3606 0.5633 0.7253
11 -14.2398 -12.6335 82.8031 0.9303 -0.0667 0.3606 0.6386 0.5951
11 -7.8667 2.7788 69.2078 0.9303 -0.0667 0.3606 0.6481 0.5930
fireeffect.jpg
11 -46.7096 -26.5439 56.5163 -0.0690 -0.5427 -0.8371 0.4714 0.2516
11 -31.2704 -21.0871 54.7088 0.1983 -0.7643 -0.6136 0.5685 0.3111
11 -46.7813 -27.8995 67.5988 0.3193 -0.9409 -0.1130 0.4646 0.3213
fireeffect.jpg
11 -46.7813 -27.8995 67.5988 -0.9959 -0.0889 -0.0173 0.4646 0.3213
11 -47.9086 -13.4231 58.1505 -0.8602 -0.0151 -0.5097 0.4181 0.3208
11 -46.7096 -26.5439 56.5163 -0.0690 -0.5427 -0.8371 0.4714 0.2516
fireeffect.jpg
11 -31.2704 -21.0871 54.7088 0.1711 -0.9785 -0.1149 0.5685 0.3111
11 -40.3130 -17.9208 70.9133 0.6550 -0.5839 0.4796 0.4762 0.4103
11 -46.7813 -27.8995 67.5988 0.6550 -0.5839 0.4796 0.4646 0.3213
fireeffect.jpg
11 -40.3130 -17.9208 70.9133 -0.7656 0.3088 0.5644 0.4762 0.4103
11 -47.9086 -13.4231 58.1505 -0.7656 0.3088 0.5644 0.4181 0.3208
11 -46.7813 -27.8995 67.5988 -0.7656 0.3088 0.5644 0.4646 0.3213
fireeffect.jpg
11 -33.2891 9.3530 42.7346 0.3404 0.0099 -0.9402 0.4657 0.3654
11 -23.3031 -12.7141 46.1171 0.1403 -0.1751 -0.9745 0.6078 0.3151
11 -36.7931 0.5488 42.7353 -0.0572 -0.3009 -0.9519 0.4688 0.3136
fireeffect.jpg
11 -23.3031 -12.7141 46.1171 0.1403 -0.1751 -0.9745 0.6078 0.3151
11 -33.2891 9.3530 42.7346 0.3404 0.0099 -0.9402 0.4657 0.3654
11 -15.0244 -10.1627 51.0863 0.4920 0.0899 -0.8659 0.6554 0.3861
fireeffect.jpg
11 -15.0244 -10.1627 51.0863 0.6074 -0.5745 -0.5487 0.6554 0.3861
11 -25.6637 -21.7388 51.4298 0.1337 -0.6463 -0.7513 0.6149 0.3022
11 -23.3031 -12.7141 46.1171 0.1353 -0.5287 -0.8380 0.6078 0.3151
fireeffect.jpg
11 -25.6637 -21.7388 51.4298 0.1337 -0.6463 -0.7513 0.6149 0.3022
11 -15.0244 -10.1627 51.0863 0.6074 -0.5745 -0.5487 0.6554 0.3861
11 -20.7616 -24.0282 61.8966 0.6543 -0.6144 -0.4408 0.6482 0.3782
fireeffect.jpg
11 -20.7616 -24.0282 61.8966 -0.2377 -0.9701 -0.0494 0.6482 0.3782
11 -31.2704 -21.0871 54.7088 0.1711 -0.9785 -0.1149 0.5685 0.3111
11 -25.6637 -21.7388 51.4298 0.1337 -0.6463 -0.7513 0.6149 0.3022
fireeffect.jpg
11 -31.2704 -21.0871 54.7088 0.1711 -0.9785 -0.1149 0.5685 0.3111
11 -20.7616 -24.0282 61.8966 -0.2377 -0.9701 -0.0494 0.6482 0.3782
11 -40.3130 -17.9208 70.9133 -0.2866 -0.9577 0.0272 0.4762 0.4103
fireeffect.jpg
11 -45.7227 9.0789 73.4502 -0.6287 0.7371 -0.2479 0.3458 0.5382
11 -33.2891 9.3530 42.7346 -0.6287 0.7371 -0.2479 0.4657 0.3654
11 -49.9068 -1.5927 58.9187 -0.7026 0.6548 -0.2786 0.3640 0.3756
fireeffect.jpg
11 -33.2891 9.3530 42.7346 -0.6287 0.7371 -0.2479 0.4657 0.3654
11 -45.7227 9.0789 73.4502 -0.6287 0.7371 -0.2479 0.3458 0.5382
11 -27.5195 15.6773 51.9319 -0.5464 0.8097 -0.2140 0.4784 0.4757
fireeffect.jpg
11 -27.5195 15.6773 51.9319 0.6696 0.3453 -0.6575 0.4784 0.4757
11 -15.0244 -10.1627 51.0863 0.6696 0.3453 -0.6575 0.6554 0.3861
11 -33.2891 9.3530 42.7346 0.6696 0.3453 -0.6575 0.4657 0.3654
fireeffect.jpg
11 -45.7227 9.0789 73.4502 -0.6249 -0.0070 0.7807 0.3458 0.5382
11 -27.3907 -4.0232 88.0063 -0.6249 -0.0070 0.7807 0.5090 0.6318
11 -31.6534 14.1157 83.8782 -0.6040 0.0392 0.7960 0.4224 0.6757
fireeffect.jpg
11 -27.3907 -4.0232 88.0063 -0.6249 -0.0070 0.7807 0.5090 0.6318
11 -45.7227 9.0789 73.4502 -0.6249 -0.0070 0.7807 0.3458 0.5382
11 -38.4098 -17.9881 77.7333 -0.6440 -0.0532 0.7632 0.4838 0.4626
fireeffect.jpg
11 -38.4098 -17.9881 77.7333 0.0285 -0.7521 0.6585 0.4838 0.4626
11 -14.2398 -12.6335 82.8031 0.0285 -0.7521 0.6585 0.6386 0.5951
11 -27.3907 -4.0232 88.0063 -0.0466 -0.5678 0.8218 0.5090 0.6318
fireeffect.jpg
11 -14.2398 -12.6335 82.8031 0.0285 -0.7521 0.6585 0.6386 0.5951
11 -38.4098 -17.9881 77.7333 0.0285 -0.7521 0.6585 0.4838 0.4626
11 -20.7616 -24.0282 61.8966 0.1017 -0.8865 0.4514 0.6482 0.3782
fireeffect.jpg
11 -49.1717 -5.7125 54.2835 -0.8882 -0.3830 -0.2540 0.3874 0.3266
11 -40.3130 -17.9208 70.9133 -0.9116 -0.1308 0.3896 0.4762 0.4103
11 -49.9068 -1.5927 58.9187 -0.9017 -0.3841 0.1984 0.3640 0.3756
fireeffect.jpg
11 -40.3130 -17.9208 70.9133 -0.9116 -0.1308 0.3896 0.4762 0.4103
11 -49.1717 -5.7125 54.2835 -0.8882 -0.3830 -0.2540 0.3874 0.3266
11 -47.9086 -13.4231 58.1505 -0.9596 -0.2349 -0.1549 0.4181 0.3208
fireeffect.jpg
11 -49.1717 -5.7125 54.2835 -0.8882 -0.3830 -0.2540 0.3874 0.3266
11 -33.2891 9.3530 42.7346 -0.7467 0.3570 -0.5613 0.4657 0.3654
11 -36.7931 0.5488 42.7353 -0.6550 -0.0892 -0.7504 0.4688 0.3136
fireeffect.jpg
11 -33.2891 9.3530 42.7346 -0.7467 0.3570 -0.5613 0.4657 0.3654
11 -49.1717 -5.7125 54.2835 -0.8882 -0.3830 -0.2540 0.3874 0.3266
11 -49.9068 -1.5927 58.9187 -0.7598 0.4215 -0.4951 0.3640 0.3756
fireeffect.jpg
11 -37.2600 -14.3815 51.9916 -0.2531 -0.1584 -0.9544 0.5053 0.3059
11 -46.7096 -26.5439 56.5163 -0.0690 -0.5427 -0.8371 0.4714 0.2516
11 -47.9086 -13.4231 58.1505 -0.8602 -0.0151 -0.5097 0.4181 0.3208
fireeffect.jpg
11 -46.7096 -26.5439 56.5163 -0.0690 -0.5427 -0.8371 0.4714 0.2516
11 -37.2600 -14.3815 51.9916 -0.2531 -0.1584 -0.9544 0.5053 0.3059
11 -31.2704 -21.0871 54.7088 0.1983 -0.7643 -0.6136 0.5685 0.3111
fireeffect.jpg
11 -23.3031 -12.7141 46.1171 0.1403 -0.1751 -0.9745 0.6078 0.3151
11 -37.2600 -14.3815 51.9916 -0.2850 -0.4986 -0.8186 0.5053 0.3059
11 -36.7931 0.5488 42.7353 -0.0572 -0.3009 -0.9519 0.4688 0.3136
fireeffect.jpg
11 -37.2600 -14.3815 51.9916 -0.3800 -0.5418 -0.7497 0.5053 0.3059
11 -25.6637 -21.7388 51.4298 0.1337 -0.6463 -0.7513 0.6149 0.3022
11 -31.2704 -21.0871 54.7088 0.1711 -0.9785 -0.1149 0.5685 0.3111
fireeffect.jpg
11 -25.6637 -21.7388 51.4298 0.1337 -0.6463 -0.7513 0.6149 0.3022
11 -37.2600 -14.3815 51.9916 -0.3800 -0.5418 -0.7497 0.5053 0.3059
11 -23.3031 -12.7141 46.1171 0.1353 -0.5287 -0.8380 0.6078 0.3151
fireeffect.jpg
11 -37.2600 -14.3815 51.9916 -0.4755 -0.4541 -0.7535 0.5053 0.3059
11 -49.1717 -5.7125 54.2835 -0.8882 -0.3830 -0.2540 0.3874 0.3266
11 -36.7931 0.5488 42.7353 -0.6550 -0.0892 -0.7504 0.4688 0.3136
fireeffect.jpg
11 -49.1717 -5.7125 54.2835 -0.8882 -0.3830 -0.2540 0.3874 0.3266
11 -37.2600 -14.3815 51.9916 -0.4755 -0.4541 -0.7535 0.5053 0.3059
11 -47.9086 -13.4231 58.1505 -0.9596 -0.2349 -0.1549 0.4181 0.3208
fireeffect.jpg
3 24.7552 10.4982 68.1410 0.5898 0.7734 -0.2325 0.4984 0.6460
3 33.5803 7.6830 84.6075 0.5764 0.7988 -0.1723 0.5865 0.6730
3 47.0088 -3.2359 78.9056 0.5898 0.7734 -0.2325 0.6713 0.5457
fireeffect.jpg
3 47.0088 -3.2359 78.9056 0.5898 0.7734 -0.2325 0.6713 0.5457
3 32.7939 -1.6282 53.7403 0.6006 0.7445 -0.2917 0.5244 0.4878
3 24.7552 10.4982 68.1410 0.5898 0.7734 -0.2325 0.4984 0.6460
fireeffect.jpg
3 24.7552 10.4982 68.1410 -0.5582 0.3550 -0.7499 0.4984 0.6460
3 32.7939 -1.6282 53.7403 -0.6511 0.3612 -0.6676 0.5244 0.4878
3 14.8668 -23.3086 59.4958 -0.5582 0.3550 -0.7499 0.3286 0.4048
fireeffect.jpg
3 14.8668 -23.3086 59.4958 -0.5582 0.3550 -0.7499 0.3286 0.4048
3 9.2505 -3.6447 70.8488 -0.4566 0.3434 -0.8207 0.3367 0.5964
3 24.7552 10.4982 68.1410 -0.5582 0.3550 -0.7499 0.4984 0.6460
fireeffect.jpg
3 9.2505 -3.6447 70.8488 -0.9689 -0.2401 -0.0602 0.3367 0.5964
3 14.8668 -23.3086 59.4958 -0.9686 -0.2404 -0.0628 0.3286 0.4048
3 16.2998 -33.1523 75.0867 -0.9689 -0.2401 -0.0602 0.3365 0.3976
fireeffect.jpg
3 16.2998 -33.1523 75.0867 -0.9689 -0.2401 -0.0602 0.3365 0.3976
3 10.6978 -14.0178 89.6449 -0.9691 -0.2398 -0.0577 0.3472 0.5983
3 9.2505 -3.6447 70.8488 -0.9689 -0.2401 -0.0602 0.3367 0.5964
fireeffect.jpg
3 16.2998 -33.1523 75.0867 0.0367 -0.9046 0.4247 0.3365 0.3976
3 35.8387 -27.8742 84.6382 0.0367 -0.9046 0.4247 0.5269 0.4272
3 33.3663 -25.1365 90.6823 0.0367 -0.9046 0.4247 0.5185 0.4757
fireeffect.jpg
3 35.8387 -27.8742 84.6382 0.8088 -0.2420 0.5359 0.5269 0.4272
3 49.9372 -18.9902 69.6440 0.7713 -0.2099 0.6009 0.6511 0.3951
3 47.0088 -3.2359 78.9056 0.8088 -0.2420 0.5359 0.6713 0.5457
fireeffect.jpg
3 47.0088 -3.2359 78.9056 0.8088 -0.2420 0.5359 0.6713 0.5457
3 33.3663 -25.1365 90.6823 0.8410 -0.2725 0.4674 0.5185 0.4757
3 35.8387 -27.8742 84.6382 0.8088 -0.2420 0.5359 0.5269 0.4272
fireeffect.jpg
3 33.5803 7.6830 84.6075 0.0015 0.9858 0.1677 0.5865 0.6730
3 24.7552 10.4982 68.1410 0.0015 0.9858 0.1677 0.4984 0.6460
3 15.3085 7.4630 86.0673 0.0015 0.9858 0.1677 0.4305 0.7189
fireeffect.jpg
3 24.9435 -6.6573 93.7725 0.0624 0.5105 0.8576 0.4906 0.6324
3 33.5803 7.6830 84.6075 0.0624 0.5105 0.8576 0.5865 0.6730
3 15.3085 7.4630 86.0673 0.0624 0.5105 0.8576 0.4305 0.7189
fireeffect.jpg
3 15.3085 7.4630 86.0673 -0.3788 0.2306 0.8963 0.4305 0.7189
3 10.6978 -14.0178 89.6449 -0.3788 0.2306 0.8963 0.3472 0.5983
3 24.9435 -6.6573 93.7725 -0.3788 0.2306 0.8963 0.4906 0.6324
fireeffect.jpg
3 24.7552 10.4982 68.1410 -0.6769 0.6963 -0.2388 0.4984 0.6460
3 9.2505 -3.6447 70.8488 -0.6769 0.6963 -0.2388 0.3367 0.5964
3 15.3085 7.4630 86.0673 -0.6769 0.6963 -0.2388 0.4305 0.7189
fireeffect.jpg
3 15.3085 7.4630 86.0673 -0.9495 0.2379 0.2044 0.4305 0.7189
3 9.2505 -3.6447 70.8488 -0.9495 0.2379 0.2044 0.3367 0.5964
3 10.6978 -14.0178 89.6449 -0.9495 0.2379 0.2044 0.3472 0.5983
fireeffect.jpg
3 41.3670 -42.1078 75.1835 0.0183 -0.8103 -0.5857 0.5322 0.2803
3 40.1335 -39.3748 85.9387 -0.5139 -0.8437 0.1555 0.5398 0.3448
3 27.8036 -34.9570 69.1574 -0.3114 -0.8842 -0.3483 0.4248 0.3354
fireeffect.jpg
3 40.1335 -39.3748 85.9387 0.9469 -0.2686 0.1769 0.5398 0.3448
3 41.3670 -42.1078 75.1835 0.0183 -0.8103 -0.5857 0.5322 0.2803
3 45.3729 -29.7301 72.5358 0.8763 -0.3536 -0.3272 0.5912 0.3444
fireeffect.jpg
3 27.8036 -34.9570 69.1574 -0.3786 -0.9057 0.1906 0.4248 0.3354
3 40.1335 -39.3748 85.9387 -0.8112 -0.2427 0.5321 0.5398 0.3448
3 35.8387 -27.8742 84.6382 -0.8112 -0.2427 0.5321 0.5269 0.4272
fireeffect.jpg
3 35.8387 -27.8742 84.6382 0.7620 0.3464 0.5472 0.5269 0.4272
3 40.1335 -39.3748 85.9387 0.7620 0.3464 0.5472 0.5398 0.3448
3 45.3729 -29.7301 72.5358 0.7620 0.3464 0.5472 0.5912 0.3444
fireeffect.jpg
3 37.7717 -11.7734 48.2477 -0.2434 -0.2673 -0.9324 0.5385 0.3857
3 39.1626 -20.4676 51.7503 0.0723 -0.6282 -0.7747 0.5351 0.3377
3 22.7577 -28.9363 57.0872 -0.0885 -0.4853 -0.8699 0.3812 0.3391
fireeffect.jpg
3 22.7577 -28.9363 57.0872 -0.0885 -0.4853 -0.8699 0.3812 0.3391
3 14.8668 -23.3086 59.4958 -0.3789 -0.1397 -0.9148 0.3286 0.4048
3 37.7717 -11.7734 48.2477 -0.2434 -0.2673 -0.9324 0.5385 0.3857
fireeffect.jpg
3 14.8668 -23.3086 59.4958 -0.6706 -0.6127 -0.4183 0.3286 0.4048
3 22.7577 -28.9363 57.0872 -0.1765 -0.7607 -0.6247 0.3812 0.3391
3 22.5133 -35.7135 65.4090 -0.2096 -0.8374 -0.5048 0.3734 0.3272
fireeffect.jpg
3 22.5133 -35.7135 65.4090 -0.2096 -0.8374 -0.5048 0.3734 0.3272
3 16.2998 -33.1523 75.0867 -0.7349 -0.6019 -0.3125 0.3365 0.3976
3 14.8668 -23.3086 59.4958 -0.6706 -0.6127 -0.4183 0.3286 0.4048
fireeffect.jpg
3 16.2998 -33.1523 75.0867 0.0138 -0.9488 0.3156 0.3365 0.3976
3 22.5133 -35.7135 65.4090 -0.2096 -0.8374 -0.5048 0.3734 0.3272
3 27.8036 -34.9570 69.1574 -0.3786 -0.9057 0.1906 0.4248 0.3354
fireeffect.jpg
3 27.8036 -34.9570 69.1574 -0.3786 -0.9057 0.1906 0.4248 0.3354
3 35.8387 -27.8742 84.6382 0.0572 -0.9187 0.3907 0.5269 0.4272
3 16.2998 -33.1523 75.0867 0.0138 -0.9488 0.3156 0.3365 0.3976
fireeffect.jpg
3 47.0088 -3.2359 78.9056 0.7997 0.4711 -0.3721 0.6713 0.5457
3 49.9372 -18.9902 69.6440 0.8554 0.3713 -0.3611 0.6511 0.3951
3 37.7717 -11.7734 48.2477 0.7997 0.4711 -0.3721 0.5385 0.3857
fireeffect.jpg
3 37.7717 -11.7734 48.2477 0.7997 0.4711 -0.3721 0.5385 0.3857
3 32.7939 -1.6282 53.7403 0.7335 0.5647 -0.3783 0.5244 0.4878
3 47.0088 -3.2359 78.9056 0.7997 0.4711 -0.3721 0.6713 0.5457
fireeffect.jpg
3 32.7939 -1.6282 53.7403 -0.5116 0.2013 -0.8353 0.5244 0.4878
3 37.7717 -11.7734 48.2477 -0.5116 0.2013 -0.8353 0.5385 0.3857
3 14.8668 -23.3086 59.4958 -0.5116 0.2013 -0.8353 0.3286 0.4048
fireeffect.jpg
3 47.0088 -3.2359 78.9056 0.5342 0.1608 0.8299 0.6713 0.5457
3 33.5803 7.6830 84.6075 0.5232 0.2124 0.8253 0.5865 0.6730
3 24.9435 -6.6573 93.7725 0.5342 0.1608 0.8299 0.4906 0.6324
fireeffect.jpg
3 24.9435 -6.6573 93.7725 0.5342 0.1608 0.8299 0.4906 0.6324
3 33.3663 -25.1365 90.6823 0.5438 0.1087 0.8321 0.5185 0.4757
3 47.0088 -3.2359 78.9056 0.5342 0.1608 0.8299 0.6713 0.5457
fireeffect.jpg
3 33.3663 -25.1365 90.6823 -0.2581 -0.4462 0.8569 0.5185 0.4757
3 24.9435 -6.6573 93.7725 -0.1579 -0.2325 0.9597 0.4906 0.6324
3 10.6978 -14.0178 89.6449 -0.2581 -0.4462 0.8569 0.3472 0.5983
fireeffect.jpg
3 10.6978 -14.0178 89.6449 -0.2581 -0.4462 0.8569 0.3472 0.5983
3 16.2998 -33.1523 75.0867 -0.3411 -0.6304 0.6973 0.3365 0.3976
3 33.3663 -25.1365 90.6823 -0.2581 -0.4462 0.8569 0.5185 0.4757
fireeffect.jpg
3 48.7015 -24.2943 66.5882 0.7966 -0.6033 0.0372 0.6252 0.3497
3 49.9372 -18.9902 69.6440 0.7689 -0.4441 0.4599 0.6511 0.3951
3 35.8387 -27.8742 84.6382 0.8191 -0.1453 0.5549 0.5269 0.4272
fireeffect.jpg
3 35.8387 -27.8742 84.6382 0.8191 -0.1453 0.5549 0.5269 0.4272
3 45.3729 -29.7301 72.5358 0.8908 -0.4451 0.0917 0.5912 0.3444
3 48.7015 -24.2943 66.5882 0.7966 -0.6033 0.0372 0.6252 0.3497
fireeffect.jpg
3 48.7015 -24.2943 66.5882 0.7966 -0.6033 0.0372 0.6252 0.3497
3 39.1626 -20.4676 51.7503 0.6820 -0.4706 -0.5598 0.5351 0.3377
3 37.7717 -11.7734 48.2477 0.8557 -0.0110 -0.5174 0.5385 0.3857
fireeffect.jpg
3 37.7717 -11.7734 48.2477 0.8557 -0.0110 -0.5174 0.5385 0.3857
3 49.9372 -18.9902 69.6440 0.8771 0.0695 -0.4753 0.6511 0.3951
3 48.7015 -24.2943 66.5882 0.7966 -0.6033 0.0372 0.6252 0.3497
fireeffect.jpg
3 35.3827 -30.8867 65.3873 0.2949 -0.5343 -0.7922 0.4947 0.3305
3 45.3729 -29.7301 72.5358 0.8763 -0.3536 -0.3272 0.5912 0.3444
3 41.3670 -42.1078 75.1835 0.0183 -0.8103 -0.5857 0.5322 0.2803
fireeffect.jpg
3 41.3670 -42.1078 75.1835 0.0183 -0.8103 -0.5857 0.5322 0.2803
3 27.8036 -34.9570 69.1574 -0.3114 -0.8842 -0.3483 0.4248 0.3354
3 35.3827 -30.8867 65.3873 0.2949 -0.5343 -0.7922 0.4947 0.3305
fireeffect.jpg
3 22.7577 -28.9363 57.0872 -0.0885 -0.4853 -0.8699 0.3812 0.3391
3 39.1626 -20.4676 51.7503 0.0723 -0.6282 -0.7747 0.5351 0.3377
3 35.3827 -30.8867 65.3873 0.2361 -0.8026 -0.5478 0.4947 0.3305
fireeffect.jpg
3 35.3827 -30.8867 65.3873 0.3123 -0.8346 -0.4538 0.4947 0.3305
3 27.8036 -34.9570 69.1574 -0.3786 -0.9057 0.1906 0.4248 0.3354
3 22.5133 -35.7135 65.4090 -0.2096 -0.8374 -0.5048 0.3734 0.3272
fireeffect.jpg
3 22.5133 -35.7135 65.4090 -0.2096 -0.8374 -0.5048 0.3734 0.3272
3 22.7577 -28.9363 57.0872 -0.1765 -0.7607 -0.6247 0.3812 0.3391
3 35.3827 -30.8867 65.3873 0.3123 -0.8346 -0.4538 0.4947 0.3305
fireeffect.jpg
3 35.3827 -30.8867 65.3873 0.4251 -0.7731 -0.4708 0.4947 0.3305
3 39.1626 -20.4676 51.7503 0.6820 -0.4706 -0.5598 0.5351 0.3377
3 48.7015 -24.2943 66.5882 0.7966 -0.6033 0.0372 0.6252 0.3497
fireeffect.jpg
3 48.7015 -24.2943 66.5882 0.7966 -0.6033 0.0372 0.6252 0.3497
3 45.3729 -29.7301 72.5358 0.8908 -0.4451 0.0917 0.5912 0.3444
3 35.3827 -30.8867 65.3873 0.4251 -0.7731 -0.4708 0.4947 0.3305
fireeffect.jpg
13 -49.4007 21.6485 2.0864 0.0013 0.0003 -1.0000 0.3415 0.2460
13 -59.3063 -5.4504 2.0657 0.0013 0.0003 -1.0000 0.3858 0.2459
13 -60.6411 0.7616 2.0656 0.0013 0.0003 -1.0000 0.3518 0.2459
fireeffect.jpg
13 -54.4629 -5.2403 3.0769 0.1904 0.0558 -0.9801 0.4169 0.2539
13 -56.3361 -16.6071 2.0659 0.1904 0.0558 -0.9801 0.4506 0.2459
13 -58.2147 -10.2003 2.0658 0.1904 0.0558 -0.9801 0.4122 0.2459
fireeffect.jpg
13 -56.3361 -16.6071 2.0659 0.1765 0.5795 -0.7956 0.4506 0.2459
13 -45.2884 -16.6217 4.5056 0.1765 0.5795 -0.7956 0.5236 0.2653
13 -48.7719 -18.9104 2.0658 0.1765 0.5795 -0.7956 0.5099 0.2459
fireeffect.jpg
13 -54.4629 -5.2403 3.0769 0.2154 0.0512 -0.9752 0.4169 0.2539
13 -45.2884 -16.6217 4.5056 0.2154 0.0512 -0.9752 0.5236 0.2653
13 -56.3361 -16.6071 2.0659 0.2154 0.0512 -0.9752 0.4506 0.2459
fireeffect.jpg
13 -45.2884 -16.6217 4.5056 0.1585 0.4351 -0.8863 0.5236 0.2653
13 -38.4298 -24.0895 2.0659 0.1585 0.4351 -0.8863 0.5992 0.2459
13 -45.0491 -21.6789 2.0659 0.1585 0.4351 -0.8863 0.5457 0.2459
fireeffect.jpg
13 -38.4298 -24.0895 2.0659 0.0018 -0.0007 -1.0000 0.5992 0.2459
13 -13.5328 10.8332 2.0860 0.0018 -0.0007 -1.0000 0.6223 0.2460
13 -20.7738 -9.0130 2.0867 0.0018 -0.0007 -1.0000 0.6548 0.2460
fireeffect.jpg
13 -45.2884 -16.6217 4.5056 -0.1941 0.1390 -0.9711 0.5236 0.2653
13 -13.5328 10.8332 2.0860 -0.1941 0.1390 -0.9711 0.6223 0.2460
13 -38.4298 -24.0895 2.0659 -0.1941 0.1390 -0.9711 0.5992 0.2459
fireeffect.jpg
13 -54.4629 -5.2403 3.0769 0.0189 -0.1095 -0.9938 0.4169 0.2539
13 -13.5328 10.8332 2.0860 0.0189 -0.1095 -0.9938 0.6223 0.2460
13 -45.2884 -16.6217 4.5056 0.0189 -0.1095 -0.9938 0.5236 0.2653
fireeffect.jpg
13 -59.3063 -5.4504 2.0657 0.1940 -0.5443 -0.8161 0.3858 0.2459
13 -13.5328 10.8332 2.0860 0.1940 -0.5443 -0.8161 0.6223 0.2460
13 -54.4629 -5.2403 3.0769 0.1940 -0.5443 -0.8161 0.4169 0.2539
fireeffect.jpg
13 -49.4007 21.6485 2.0864 0.0002 0.0007 -1.0000 0.3415 0.2460
13 -13.5328 10.8332 2.0860 0.0002 0.0007 -1.0000 0.6223 0.2460
13 -59.3063 -5.4504 2.0657 0.0002 0.0007 -1.0000 0.3858 0.2459
fireeffect.jpg
13 -49.4007 21.6485 2.0864 0.0017 0.0057 -1.0000 0.3415 0.2460
13 -23.0691 34.6157 2.2044 0.0017 0.0057 -1.0000 0.4630 0.2470
13 -13.5328 10.8332 2.0860 0.0017 0.0057 -1.0000 0.6223 0.2460
fireeffect.jpg
12 -50.1345 -3.8943 45.9320 -0.5435 -0.0582 0.8374 0.4269 0.7264
12 -28.3303 15.9267 52.7043 -0.4982 0.2661 0.8252 0.4773 0.6219
12 -53.3514 1.5699 41.4834 -0.5348 0.3214 0.7815 0.3874 0.6811
fireeffect.jpg
12 -28.3303 15.9267 52.7043 -0.4982 0.2661 0.8252 0.4773 0.6219
12 -50.1345 -3.8943 45.9320 -0.5435 -0.0582 0.8374 0.4269 0.7264
12 -34.2169 0.2093 53.3875 -0.4203 -0.0179 0.9072 0.5049 0.7147
fireeffect.jpg
12 -34.2169 0.2093 53.3875 0.4841 -0.1876 0.8547 0.5049 0.7147
12 -17.7696 -5.4396 39.0181 0.6457 -0.0570 0.7615 0.6483 0.6197
12 -28.3303 15.9267 52.7043 0.6069 -0.1938 0.7708 0.4773 0.6219
fireeffect.jpg
12 -17.7696 -5.4396 39.0181 0.6457 -0.0570 0.7615 0.6483 0.6197
12 -34.2169 0.2093 53.3875 0.4841 -0.1876 0.8547 0.5049 0.7147
12 -24.0968 -14.2338 45.7517 0.4128 -0.1825 0.8923 0.6381 0.7161
fireeffect.jpg
12 -24.0968 -14.2338 45.7517 0.5951 -0.7487 0.2921 0.6381 0.7161
12 -25.3026 -19.3598 29.2753 0.7706 -0.6224 0.1373 0.6677 0.6460
12 -17.7696 -5.4396 39.0181 0.8430 -0.5280 0.1026 0.6483 0.6197
fireeffect.jpg
12 -25.3026 -19.3598 29.2753 0.7706 -0.6224 0.1373 0.6677 0.6460
12 -24.0968 -14.2338 45.7517 0.5951 -0.7487 0.2921 0.6381 0.7161
12 -28.0310 -20.0080 37.6016 0.2417 -0.9080 0.3422 0.6449 0.7045
fireeffect.jpg
12 -43.6567 -1.8493 11.7573 -0.9321 -0.2331 -0.2772 0.4927 0.4998
12 -53.3514 1.5699 41.4834 -0.9321 -0.2331 -0.2772 0.3874 0.6811
12 -55.6442 18.6920 27.5970 -0.9077 -0.3308 -0.2580 0.3139 0.5219
fireeffect.jpg
12 -53.3514 1.5699 41.4834 -0.9321 -0.2331 -0.2772 0.3874 0.6811
12 -43.6567 -1.8493 11.7573 -0.9321 -0.2331 -0.2772 0.4927 0.4998
12 -46.8900 -13.9077 27.6509 -0.9467 -0.1329 -0.2935 0.5074 0.6590
fireeffect.jpg
12 -55.6442 18.6920 27.5970 -0.5669 0.4799 0.6696 0.3139 0.5219
12 -28.3303 15.9267 52.7043 -0.5669 0.4799 0.6696 0.4773 0.6219
12 -24.7259 33.1771 43.0469 -0.5624 0.4903 0.6658 0.4371 0.4737
fireeffect.jpg
12 -28.3303 15.9267 52.7043 -0.5669 0.4799 0.6696 0.4773 0.6219
12 -55.6442 18.6920 27.5970 -0.5669 0.4799 0.6696 0.3139 0.5219
12 -53.3514 1.5699 41.4834 -0.5713 0.4695 0.6732 0.3874 0.6811
fireeffect.jpg
12 -28.3303 15.9267 52.7043 0.7214 0.0332 0.6917 0.4773 0.6219
12 -7.9719 5.5227 31.9700 0.7214 0.0332 0.6917 0.6720 0.5032
12 -24.7259 33.1771 43.0469 0.7473 0.1988 0.6340 0.4371 0.4737
fireeffect.jpg
12 -7.9719 5.5227 31.9700 0.7214 0.0332 0.6917 0.6720 0.5032
12 -28.3303 15.9267 52.7043 0.7214 0.0332 0.6917 0.4773 0.6219
12 -17.7696 -5.4396 39.0181 0.6728 -0.1335 0.7276 0.6483 0.6197
fireeffect.jpg
12 -17.7665 -8.6100 14.0988 0.8156 -0.5740 0.0731 0.6855 0.4876
12 -17.7696 -5.4396 39.0181 0.8156 -0.5740 0.0731 0.6483 0.6197
12 -25.3026 -19.3598 29.2753 0.8579 -0.5097 0.0650 0.6677 0.6460
fireeffect.jpg
12 -17.7696 -5.4396 39.0181 0.8156 -0.5740 0.0731 0.6483 0.6197
12 -17.7665 -8.6100 14.0988 0.8156 -0.5740 0.0731 0.6855 0.4876
12 -7.9719 5.5227 31.9700 0.7684 -0.6348 0.0809 0.6720 0.5032
fireeffect.jpg
12 -17.7665 -8.6100 14.0988 -0.1472 -0.7722 -0.6181 0.6855 0.4876
12 -46.8900 -13.9077 27.6509 -0.1472 -0.7722 -0.6181 0.5074 0.6590
12 -43.6567 -1.8493 11.7573 -0.1462 -0.7735 -0.6166 0.4927 0.4998
fireeffect.jpg
12 -46.8900 -13.9077 27.6509 -0.1472 -0.7722 -0.6181 0.5074 0.6590
12 -17.7665 -8.6100 14.0988 -0.1472 -0.7722 -0.6181 0.6855 0.4876
12 -25.3026 -19.3598 29.2753 -0.1481 -0.7709 -0.6195 0.6677 0.6460
fireeffect.jpg
12 -28.0310 -20.0080 37.6016 0.2417 -0.9080 0.3422 0.6449 0.7045
12 -46.8900 -13.9077 27.6509 -0.3326 -0.9368 -0.1086 0.5074 0.6590
12 -25.3026 -19.3598 29.2753 -0.2314 -0.9611 -0.1506 0.6677 0.6460
fireeffect.jpg
12 -46.8900 -13.9077 27.6509 -0.3326 -0.9368 -0.1086 0.5074 0.6590
12 -28.0310 -20.0080 37.6016 0.2417 -0.9080 0.3422 0.6449 0.7045
12 -34.4916 -19.2101 37.1153 -0.2235 -0.9737 -0.0433 0.6004 0.7124
fireeffect.jpg
12 -46.8900 -13.9077 27.6509 -0.3326 -0.9368 -0.1086 0.5074 0.6590
12 -50.1345 -3.8943 45.9320 -0.5435 -0.0582 0.8374 0.4269 0.7264
12 -53.3514 1.5699 41.4834 -0.8883 -0.4505 0.0891 0.3874 0.6811
fireeffect.jpg
12 -50.1345 -3.8943 45.9320 -0.5435 -0.0582 0.8374 0.4269 0.7264
12 -46.8900 -13.9077 27.6509 -0.3326 -0.9368 -0.1086 0.5074 0.6590
12 -50.5337 -10.1204 39.8429 -0.9059 -0.4055 0.1217 0.4563 0.7212
fireeffect.jpg
12 -55.6442 18.6920 27.5970 -0.2873 -0.2239 -0.9313 0.3139 0.5219
13 -40.4791 -1.4362 27.7580 0.2065 0.1479 -0.9672 0.4939 0.4501
12 -43.6567 -1.8493 11.7573 0.7875 0.5919 -0.1717 0.4927 0.4998
fireeffect.jpg
12 -55.6442 18.6920 27.5970 -0.2873 -0.2239 -0.9313 0.3139 0.5219
13 -42.9455 7.7634 23.3451 -0.6156 -0.4689 -0.6334 0.4404 0.4150
13 -40.4791 -1.4362 27.7580 0.2065 0.1479 -0.9672 0.4939 0.4501
fireeffect.jpg
12 -55.6442 18.6920 27.5970 -0.2873 -0.2239 -0.9313 0.3139 0.5219
13 -46.0425 19.3150 17.8039 -0.6156 -0.4689 -0.6334 0.3731 0.3710
13 -42.9455 7.7634 23.3451 -0.6156 -0.4689 -0.6334 0.4404 0.4150
fireeffect.jpg
13 -46.0425 19.3150 17.8039 -0.6473 0.7503 0.1346 0.3731 0.3710
12 -24.7259 33.1771 43.0469 -0.6473 0.7503 0.1346 0.4371 0.4737
12 -21.3426 38.3105 30.6966 -0.6473 0.7503 0.1346 0.4491 0.3684
fireeffect.jpg
12 -24.7259 33.1771 43.0469 -0.3087 0.9193 -0.2442 0.4371 0.4737
13 -46.0425 19.3150 17.8039 -0.3087 0.9193 -0.2442 0.3731 0.3710
12 -55.6442 18.6920 27.5970 -0.3087 0.9193 -0.2442 0.3139 0.5219
fireeffect.jpg
12 -24.7259 33.1771 43.0469 0.8770 0.3084 0.3685 0.4371 0.4737
12 -7.8220 14.4920 18.4548 0.8770 0.3084 0.3685 0.6481 0.3798
12 -21.3426 38.3105 30.6966 0.8770 0.3084 0.3685 0.4491 0.3684
fireeffect.jpg
12 -7.8220 14.4920 18.4548 0.8664 0.4116 0.2828 0.6481 0.3798
12 -24.7259 33.1771 43.0469 0.8664 0.4116 0.2828 0.4371 0.4737
12 -7.9719 5.5227 31.9700 0.8664 0.4116 0.2828 0.6720 0.5032
fireeffect.jpg
13 -13.5328 10.8332 2.0860 0.9247 -0.3374 0.1764 0.6223 0.2460
13 -22.6672 -6.8189 16.2086 0.9247 -0.3374 0.1764 0.6334 0.3583
13 -20.7738 -9.0130 2.0867 0.9247 -0.3374 0.1764 0.6548 0.2460
fireeffect.jpg
13 -48.5017 -16.8772 10.0211 -0.2823 -0.9271 0.2465 0.5034 0.3091
13 -56.3361 -16.6071 2.0659 -0.2823 -0.9271 0.2465 0.4506 0.2459
13 -48.7719 -18.9104 2.0658 -0.2823 -0.9271 0.2465 0.5099 0.2459
fireeffect.jpg
13 -56.3361 -16.6071 2.0659 -0.2916 -0.9217 0.2559 0.4506 0.2459
13 -48.5017 -16.8772 10.0211 -0.2916 -0.9217 0.2559 0.5034 0.3091
13 -55.1547 -14.4070 11.3360 -0.2916 -0.9217 0.2559 0.4495 0.3195
fireeffect.jpg
13 -45.0491 -21.6789 2.0659 -0.3620 -0.9014 0.2376 0.5457 0.2459
13 -39.7964 -22.1663 8.2204 -0.3620 -0.9014 0.2376 0.5824 0.2948
13 -44.8146 -19.8220 9.4672 -0.3620 -0.9014 0.2376 0.5397 0.3047
fireeffect.jpg
13 -39.7964 -22.1663 8.2204 -0.3344 -0.9181 0.2127 0.5824 0.2948
13 -45.0491 -21.6789 2.0659 -0.3344 -0.9181 0.2127 0.5457 0.2459
13 -38.4298 -24.0895 2.0659 -0.3344 -0.9181 0.2127 0.5992 0.2459
fireeffect.jpg
13 -59.3063 -5.4504 2.0657 -0.9531 -0.2048 0.2229 0.3858 0.2459
13 -59.0807 -0.4697 7.6078 -0.9531 -0.2048 0.2229 0.3671 0.2899
13 -60.6411 0.7616 2.0656 -0.9531 -0.2048 0.2229 0.3518 0.2459
fireeffect.jpg
13 -59.0807 -0.4697 7.6078 -0.9689 -0.1631 0.1860 0.3671 0.2899
13 -59.3063 -5.4504 2.0657 -0.9689 -0.1631 0.1860 0.3858 0.2459
13 -57.8674 -6.0000 9.0781 -0.9689 -0.1631 0.1860 0.3975 0.3016
fireeffect.jpg
13 -49.4007 21.6485 2.0864 -0.8627 0.4399 0.2496 0.3415 0.2460
13 -59.0807 -0.4697 7.6078 -0.8627 0.4399 0.2496 0.3671 0.2899
13 -46.0425 19.3150 17.8039 -0.8627 0.4399 0.2496 0.3731 0.3710
fireeffect.jpg
13 -59.0807 -0.4697 7.6078 -0.8305 0.4466 0.3330 0.3671 0.2899
13 -49.4007 21.6485 2.0864 -0.8305 0.4466 0.3330 0.3415 0.2460
13 -60.6411 0.7616 2.0656 -0.8305 0.4466 0.3330 0.3518 0.2459
fireeffect.jpg
13 -57.8674 -6.0000 9.0781 -0.6636 0.0528 0.7462 0.3975 0.3016
13 -46.0425 19.3150 17.8039 -0.6636 0.0528 0.7462 0.3731 0.3710
13 -59.0807 -0.4697 7.6078 -0.6636 0.0528 0.7462 0.3671 0.2899
fireeffect.jpg
13 -46.0425 19.3150 17.8039 -0.7411 0.1183 0.6609 0.3731 0.3710
13 -57.8674 -6.0000 9.0781 -0.7411 0.1183 0.6609 0.3975 0.3016
13 -42.9455 7.7634 23.3451 -0.7411 0.1183 0.6609 0.4404 0.4150
fireeffect.jpg
13 -39.7964 -22.1663 8.2204 -0.0857 -0.6046 0.7919 0.5824 0.2948
13 -33.2852 -3.6102 23.0934 -0.0857 -0.6046 0.7919 0.5502 0.4130
13 -44.8146 -19.8220 9.4672 -0.0857 -0.6046 0.7919 0.5397 0.3047
fireeffect.jpg
13 -33.2852 -3.6102 23.0934 0.2597 -0.6578 0.7070 0.5502 0.4130
13 -39.7964 -22.1663 8.2204 0.2597 -0.6578 0.7070 0.5824 0.2948
13 -22.6672 -6.8189 16.2086 0.2597 -0.6578 0.7070 0.6334 0.3583
fireeffect.jpg
13 -22.6672 -6.8189 16.2086 0.6360 -0.7451 0.2010 0.6334 0.3583
13 -38.4298 -24.0895 2.0659 0.6360 -0.7451 0.2010 0.5992 0.2459
13 -20.7738 -9.0130 2.0867 0.6360 -0.7451 0.2010 0.6548 0.2460
fireeffect.jpg
13 -38.4298 -24.0895 2.0659 0.5250 -0.7722 0.3579 0.5992 0.2459
13 -22.6672 -6.8189 16.2086 0.5250 -0.7722 0.3579 0.6334 0.3583
13 -39.7964 -22.1663 8.2204 0.5250 -0.7722 0.3579 0.5824 0.2948
fireeffect.jpg
13 -22.6672 -6.8189 16.2086 0.0158 0.7800 -0.6255 0.6334 0.3583
12 -7.9719 5.5227 31.9700 0.0158 0.7800 -0.6255 0.6720 0.5032
12 -17.7665 -8.6100 14.0988 0.0158 0.7800 -0.6255 0.6855 0.4876
fireeffect.jpg
12 -7.9719 5.5227 31.9700 0.7898 -0.5151 -0.3331 0.6720 0.5032
13 -22.6672 -6.8189 16.2086 0.7898 -0.5151 -0.3331 0.6334 0.3583
12 -7.8220 14.4920 18.4548 0.7898 -0.5151 -0.3331 0.6481 0.3798
fireeffect.jpg
13 -46.0425 19.3150 17.8039 -0.4316 0.8743 0.2220 0.3731 0.3710
13 -23.0691 34.6157 2.2044 -0.4316 0.8743 0.2220 0.4630 0.2470
13 -49.4007 21.6485 2.0864 -0.4316 0.8743 0.2220 0.3415 0.2460
fireeffect.jpg
13 -40.4791 -1.4362 27.7580 0.1580 -0.7790 0.6067 0.4939 0.4501
13 -48.5017 -16.8772 10.0211 0.1580 -0.7790 0.6067 0.5034 0.3091
13 -33.2852 -3.6102 23.0934 0.1580 -0.7790 0.6067 0.5502 0.4130
fireeffect.jpg
13 -48.5017 -16.8772 10.0211 -0.1312 -0.7176 0.6840 0.5034 0.3091
13 -40.4791 -1.4362 27.7580 -0.1312 -0.7176 0.6840 0.4939 0.4501
13 -55.1547 -14.4070 11.3360 -0.1312 -0.7176 0.6840 0.4495 0.3195
fireeffect.jpg
13 -55.1547 -14.4070 11.3360 -0.6695 -0.0333 0.7421 0.4495 0.3195
13 -42.9455 7.7634 23.3451 -0.6695 -0.0333 0.7421 0.4404 0.4150
13 -56.8433 -10.5134 9.9873 -0.6695 -0.0333 0.7421 0.4225 0.3088
fireeffect.jpg
13 -42.9455 7.7634 23.3451 -0.7770 0.0905 0.6229 0.4404 0.4150
13 -55.1547 -14.4070 11.3360 -0.7770 0.0905 0.6229 0.4495 0.3195
13 -40.4791 -1.4362 27.7580 -0.7770 0.0905 0.6229 0.4939 0.4501
fireeffect.jpg
13 -56.3361 -16.6071 2.0659 -0.9483 -0.2781 0.1532 0.4506 0.2459
13 -56.8433 -10.5134 9.9873 -0.9483 -0.2781 0.1532 0.4225 0.3088
13 -58.2147 -10.2003 2.0658 -0.9483 -0.2781 0.1532 0.4122 0.2459
fireeffect.jpg
13 -56.8433 -10.5134 9.9873 -0.9226 -0.3321 0.1964 0.4225 0.3088
13 -56.3361 -16.6071 2.0659 -0.9226 -0.3321 0.1964 0.4506 0.2459
13 -55.1547 -14.4070 11.3360 -0.9226 -0.3321 0.1964 0.4495 0.3195
fireeffect.jpg
13 -53.3971 -4.5875 6.9110 0.0082 -0.9862 0.1656 0.4213 0.2844
13 -59.3063 -5.4504 2.0657 0.0082 -0.9862 0.1656 0.3858 0.2459
13 -54.4629 -5.2403 3.0769 0.0082 -0.9862 0.1656 0.4169 0.2539
fireeffect.jpg
13 -59.3063 -5.4504 2.0657 0.2432 -0.9619 -0.1253 0.3858 0.2459
13 -53.3971 -4.5875 6.9110 0.2432 -0.9619 -0.1253 0.4213 0.2844
13 -57.8674 -6.0000 9.0781 0.2432 -0.9619 -0.1253 0.3975 0.3016
fireeffect.jpg
13 -54.4629 -5.2403 3.0769 -0.8243 0.5497 0.1355 0.4169 0.2539
13 -56.8433 -10.5134 9.9873 -0.8243 0.5497 0.1355 0.4225 0.3088
13 -53.3971 -4.5875 6.9110 -0.8243 0.5497 0.1355 0.4213 0.2844
fireeffect.jpg
13 -56.8433 -10.5134 9.9873 -0.8026 0.5742 0.1617 0.4225 0.3088
13 -54.4629 -5.2403 3.0769 -0.8026 0.5742 0.1617 0.4169 0.2539
13 -58.2147 -10.2003 2.0658 -0.8026 0.5742 0.1617 0.4122 0.2459
fireeffect.jpg
13 -53.3971 -4.5875 6.9110 0.4322 -0.8312 0.3498 0.4213 0.2844
13 -42.9455 7.7634 23.3451 0.4322 -0.8312 0.3498 0.4404 0.4150
13 -57.8674 -6.0000 9.0781 0.4322 -0.8312 0.3498 0.3975 0.3016
fireeffect.jpg
13 -44.8146 -19.8220 9.4672 -0.8709 0.2800 0.4038 0.5397 0.3047
13 -33.2852 -3.6102 23.0934 -0.8709 0.2800 0.4038 0.5502 0.4130
13 -44.5698 -15.1599 6.7627 -0.8709 0.2800 0.4038 0.5224 0.2832
fireeffect.jpg
13 -45.2884 -16.6217 4.5056 -0.9656 0.1665 0.1996 0.5236 0.2653
13 -44.8146 -19.8220 9.4672 -0.9656 0.1665 0.1996 0.5397 0.3047
13 -44.5698 -15.1599 6.7627 -0.9656 0.1665 0.1996 0.5224 0.2832
fireeffect.jpg
13 -44.8146 -19.8220 9.4672 -0.9963 -0.0710 0.0494 0.5397 0.3047
13 -45.2884 -16.6217 4.5056 -0.9963 -0.0710 0.0494 0.5236 0.2653
13 -45.0491 -21.6789 2.0659 -0.9963 -0.0710 0.0494 0.5457 0.2459
fireeffect.jpg
13 -44.5698 -15.1599 6.7627 0.2223 -0.8491 0.4792 0.5224 0.2832
13 -48.7719 -18.9104 2.0658 0.2223 -0.8491 0.4792 0.5099 0.2459
13 -45.2884 -16.6217 4.5056 0.2223 -0.8491 0.4792 0.5236 0.2653
fireeffect.jpg
13 -48.7719 -18.9104 2.0658 0.5234 -0.8297 0.1943 0.5099 0.2459
13 -44.5698 -15.1599 6.7627 0.5234 -0.8297 0.1943 0.5224 0.2832
13 -48.5017 -16.8772 10.0211 0.5234 -0.8297 0.1943 0.5034 0.3091
fireeffect.jpg
13 -44.5698 -15.1599 6.7627 0.5329 -0.8194 0.2112 0.5224 0.2832
13 -33.2852 -3.6102 23.0934 0.5329 -0.8194 0.2112 0.5502 0.4130
13 -48.5017 -16.8772 10.0211 0.5329 -0.8194 0.2112 0.5034 0.3091
fireeffect.jpg
13 -33.2852 -3.6102 23.0934 0.0680 0.9295 -0.3626 0.5502 0.4130
12 -43.6567 -1.8493 11.7573 0.2518 0.9644 -0.0806 0.4927 0.4998
13 -40.4791 -1.4362 27.7580 0.2445 0.9669 -0.0735 0.4939 0.4501
fireeffect.jpg
13 -33.2852 -3.6102 23.0934 0.0680 0.9295 -0.3626 0.5502 0.4130
12 -17.7665 -8.6100 14.0988 -0.4283 0.2387 -0.8716 0.6855 0.4876
12 -43.6567 -1.8493 11.7573 0.2518 0.9644 -0.0806 0.4927 0.4998
fireeffect.jpg
13 -33.2852 -3.6102 23.0934 0.0680 0.9295 -0.3626 0.5502 0.4130
13 -22.6672 -6.8189 16.2086 -0.4261 -0.8688 -0.2523 0.6334 0.3583
12 -17.7665 -8.6100 14.0988 -0.4283 0.2387 -0.8716 0.6855 0.4876
fireeffect.jpg
13 -56.8433 -10.5134 9.9873 -0.8303 0.5445 0.1188 0.4225 0.3088
13 -42.9455 7.7634 23.3451 -0.8303 0.5445 0.1188 0.4404 0.4150
13 -53.3971 -4.5875 6.9110 -0.8303 0.5445 0.1188 0.4213 0.2844
fireeffect.jpg
12 -40.4338 -16.0378 46.5080 -0.3797 -0.8096 0.4476 0.5399 0.7662
12 -50.1345 -3.8943 45.9320 -0.5435 -0.0582 0.8374 0.4269 0.7264
12 -50.5337 -10.1204 39.8429 -0.9059 -0.4055 0.1217 0.4563 0.7212
fireeffect.jpg
12 -50.1345 -3.8943 45.9320 -0.5435 -0.0582 0.8374 0.4269 0.7264
12 -40.4338 -16.0378 46.5080 -0.3797 -0.8096 0.4476 0.5399 0.7662
12 -34.2169 0.2093 53.3875 -0.4203 -0.0179 0.9072 0.5049 0.7147
fireeffect.jpg
12 -34.2169 0.2093 53.3875 0.4841 -0.1876 0.8547 0.5049 0.7147
12 -40.4338 -16.0378 46.5080 0.0879 -0.4167 0.9048 0.5399 0.7662
12 -24.0968 -14.2338 45.7517 0.4128 -0.1825 0.8923 0.6381 0.7161
fireeffect.jpg
12 -28.0310 -20.0080 37.6016 0.2417 -0.9080 0.3422 0.6449 0.7045
12 -40.4338 -16.0378 46.5080 -0.3797 -0.8096 0.4476 0.5399 0.7662
12 -34.4916 -19.2101 37.1153 -0.2235 -0.9737 -0.0433 0.6004 0.7124
fireeffect.jpg
12 -40.4338 -16.0378 46.5080 -0.3797 -0.8096 0.4476 0.5399 0.7662
12 -28.0310 -20.0080 37.6016 0.2417 -0.9080 0.3422 0.6449 0.7045
12 -24.0968 -14.2338 45.7517 0.5951 -0.7487 0.2921 0.6381 0.7161
fireeffect.jpg
12 -46.8900 -13.9077 27.6509 -0.3326 -0.9368 -0.1086 0.5074 0.6590
12 -40.4338 -16.0378 46.5080 -0.3797 -0.8096 0.4476 0.5399 0.7662
12 -50.5337 -10.1204 39.8429 -0.9059 -0.4055 0.1217 0.4563 0.7212
fireeffect.jpg
12 -40.4338 -16.0378 46.5080 -0.3797 -0.8096 0.4476 0.5399 0.7662
12 -46.8900 -13.9077 27.6509 -0.3326 -0.9368 -0.1086 0.5074 0.6590
12 -34.4916 -19.2101 37.1153 -0.2235 -0.9737 -0.0433 0.6004 0.7124
fireeffect.jpg
13 -46.0425 19.3150 17.8039 -0.5852 0.8079 -0.0693 0.3731 0.3710
12 -21.3426 38.3105 30.6966 -0.5852 0.8079 -0.0693 0.4491 0.3684
13 -23.0691 34.6157 2.2044 -0.5852 0.8079 -0.0693 0.4630 0.2470
fireeffect.jpg
12 -21.3426 38.3105 30.6966 0.9230 0.3706 -0.1040 0.4491 0.3684
13 -13.5328 10.8332 2.0860 0.9230 0.3706 -0.1040 0.6223 0.2460
13 -23.0691 34.6157 2.2044 0.9230 0.3706 -0.1040 0.4630 0.2470
fireeffect.jpg
13 -13.5328 10.8332 2.0860 0.7069 0.5966 -0.3800 0.6223 0.2460
12 -21.3426 38.3105 30.6966 0.7069 0.5966 -0.3800 0.4491 0.3684
12 -7.8220 14.4920 18.4548 0.7069 0.5966 -0.3800 0.6481 0.3798
fireeffect.jpg
12 -7.8220 14.4920 18.4548 0.8176 -0.5525 -0.1618 0.6481 0.3798
13 -22.6672 -6.8189 16.2086 0.8176 -0.5525 -0.1618 0.6334 0.3583
13 -13.5328 10.8332 2.0860 0.8176 -0.5525 -0.1618 0.6223 0.2460
fireeffect.jpg
5 59.6629 -11.8490 3.0350 -0.0013 0.0006 -1.0000 0.6548 0.2582
5 66.1161 -34.6731 3.0134 -0.0013 0.0006 -1.0000 0.6447 0.2580
5 63.4686 -40.4487 3.0133 -0.0013 0.0006 -1.0000 0.6114 0.2580
fireeffect.jpg
5 58.7859 -39.1952 4.0245 -0.1738 0.0957 -0.9801 0.5808 0.2652
5 61.3752 -44.8496 3.0132 -0.1738 0.0957 -0.9801 0.5854 0.2580
5 58.1547 -50.6977 3.0131 -0.1738 0.0957 -0.9801 0.5478 0.2580
fireeffect.jpg
5 58.1547 -50.6977 3.0131 -0.0469 0.6040 -0.7956 0.5478 0.2580
5 50.2720 -51.3091 3.0131 -0.0469 0.6040 -0.7956 0.4896 0.2580
5 47.3665 -48.3206 5.4529 -0.0469 0.6040 -0.7956 0.4761 0.2754
fireeffect.jpg
5 58.7859 -39.1952 4.0245 -0.1992 0.0967 -0.9752 0.5808 0.2652
5 58.1547 -50.6977 3.0131 -0.1992 0.0967 -0.9752 0.5478 0.2580
5 47.3665 -48.3206 5.4529 -0.1992 0.0967 -0.9752 0.4761 0.2754
fireeffect.jpg
5 47.3665 -48.3206 5.4529 -0.0605 0.4591 -0.8863 0.4761 0.2754
5 46.0386 -53.2061 3.0131 -0.0605 0.4591 -0.8863 0.4544 0.2580
5 39.0550 -54.1267 3.0131 -0.0605 0.4591 -0.8863 0.4019 0.2580
fireeffect.jpg
5 39.0550 -54.1267 3.0131 -0.0019 -0.0002 -1.0000 0.4019 0.2580
5 25.0814 -35.5863 3.0348 -0.0019 -0.0002 -1.0000 0.3474 0.2582
5 22.3074 -14.6439 3.0348 -0.0019 -0.0002 -1.0000 0.3793 0.2582
fireeffect.jpg
5 47.3665 -48.3206 5.4529 0.2196 0.0937 -0.9711 0.4761 0.2754
5 39.0550 -54.1267 3.0131 0.2196 0.0937 -0.9711 0.4019 0.2580
5 22.3074 -14.6439 3.0348 0.2196 0.0937 -0.9711 0.3793 0.2582
fireeffect.jpg
5 58.7859 -39.1952 4.0245 -0.0422 -0.1028 -0.9938 0.5808 0.2652
5 47.3665 -48.3206 5.4529 -0.0422 -0.1028 -0.9938 0.4761 0.2754
5 22.3074 -14.6439 3.0348 -0.0422 -0.1028 -0.9938 0.3793 0.2582
fireeffect.jpg
5 63.4686 -40.4487 3.0133 -0.3073 -0.4894 -0.8161 0.6114 0.2580
5 58.7859 -39.1952 4.0245 -0.3073 -0.4894 -0.8161 0.5808 0.2652
5 22.3074 -14.6439 3.0348 -0.3073 -0.4894 -0.8161 0.3793 0.2582
fireeffect.jpg
5 59.6629 -11.8490 3.0350 -0.0001 0.0008 -1.0000 0.6548 0.2582
5 63.4686 -40.4487 3.0133 -0.0001 0.0008 -1.0000 0.6114 0.2580
5 22.3074 -14.6439 3.0348 -0.0001 0.0008 -1.0000 0.3793 0.2582
fireeffect.jpg
5 59.6629 -11.8490 3.0350 -0.0004 0.0059 -1.0000 0.6548 0.2582
5 22.3074 -14.6439 3.0348 -0.0004 0.0059 -1.0000 0.3793 0.2582
5 36.7636 6.5100 3.1539 -0.0004 0.0059 -1.0000 0.5356 0.2590
fireeffect.jpg
4 50.9407 -26.3509 58.6010 0.4256 0.1525 0.8920 0.5710 0.6892
4 55.9163 -23.8351 53.2242 0.5246 0.4739 0.7072 0.6097 0.6485
4 34.7255 -1.2815 53.8313 0.4705 0.4489 0.7597 0.5215 0.5954
fireeffect.jpg
4 34.7255 -1.2815 53.8313 0.4705 0.4489 0.7597 0.5215 0.5954
4 36.0776 -16.4006 61.0242 0.3117 0.2418 0.9189 0.4944 0.6787
4 50.9407 -26.3509 58.6010 0.4256 0.1525 0.8920 0.5710 0.6892
fireeffect.jpg
4 36.0776 -16.4006 61.0242 -0.5957 0.2626 0.7590 0.4944 0.6787
4 34.7255 -1.2815 53.8313 -0.7071 0.2512 0.6610 0.5215 0.5954
4 20.1624 -23.4663 46.6826 -0.7067 0.3789 0.5976 0.3537 0.5934
fireeffect.jpg
4 20.1624 -23.4663 46.6826 -0.7067 0.3789 0.5976 0.3537 0.5934
4 23.2220 -30.1398 57.1140 -0.5297 0.2664 0.8053 0.3637 0.6799
4 36.0776 -16.4006 61.0242 -0.5957 0.2626 0.7590 0.4944 0.6787
fireeffect.jpg
4 23.2220 -30.1398 57.1140 -0.7994 -0.4334 0.4160 0.3637 0.6799
4 20.1624 -23.4663 46.6826 -0.9597 -0.2547 0.1185 0.3537 0.5934
4 24.5679 -41.3198 43.9841 -0.9189 -0.3418 0.1968 0.3347 0.6171
fireeffect.jpg
4 24.5679 -41.3198 43.9841 -0.9189 -0.3418 0.1968 0.3347 0.6171
4 26.2163 -39.2938 52.3728 -0.5083 -0.6330 0.5839 0.3570 0.6696
4 23.2220 -30.1398 57.1140 -0.7994 -0.4334 0.4160 0.3637 0.6799
fireeffect.jpg
4 48.5343 -36.2291 25.2740 0.8571 -0.5151 0.0020 0.5065 0.4859
4 64.0383 -14.2653 34.9565 0.8057 -0.5903 0.0490 0.6819 0.5057
4 55.9163 -23.8351 53.2242 0.8571 -0.5151 0.0020 0.6097 0.6485
fireeffect.jpg
4 55.9163 -23.8351 53.2242 0.8571 -0.5151 0.0020 0.6097 0.6485
4 46.8791 -41.6620 44.6702 0.8996 -0.4345 -0.0449 0.4920 0.6288
4 48.5343 -36.2291 25.2740 0.8571 -0.5151 0.0020 0.5065 0.4859
fireeffect.jpg
4 64.0383 -14.2653 34.9565 0.6086 0.5666 0.5554 0.6819 0.5057
4 36.8273 11.2864 38.2921 0.6075 0.5754 0.5476 0.5609 0.4625
4 34.7255 -1.2815 53.8313 0.6086 0.5666 0.5554 0.5215 0.5954
fireeffect.jpg
4 34.7255 -1.2815 53.8313 0.6086 0.5666 0.5554 0.5215 0.5954
4 55.9163 -23.8351 53.2242 0.6097 0.5577 0.5632 0.6097 0.6485
4 64.0383 -14.2653 34.9565 0.6086 0.5666 0.5554 0.6819 0.5057
fireeffect.jpg
4 34.7255 -1.2815 53.8313 -0.7484 0.4493 0.4879 0.5215 0.5954
4 36.8273 11.2864 38.2921 -0.7232 0.5816 0.3725 0.5609 0.4625
4 14.3892 -14.2229 34.5552 -0.7484 0.4493 0.4879 0.3305 0.4889
fireeffect.jpg
4 14.3892 -14.2229 34.5552 -0.7484 0.4493 0.4879 0.3305 0.4889
4 20.1624 -23.4663 46.6826 -0.7500 0.3029 0.5879 0.3537 0.5934
4 34.7255 -1.2815 53.8313 -0.7484 0.4493 0.4879 0.5215 0.5954
fireeffect.jpg
4 21.6790 -35.8674 24.8895 -0.9430 -0.3132 0.1126 0.3172 0.4749
4 24.5679 -41.3198 43.9841 -0.9655 -0.2495 0.0748 0.3347 0.6171
4 20.1624 -23.4663 46.6826 -0.9430 -0.3132 0.1126 0.3537 0.5934
fireeffect.jpg
4 20.1624 -23.4663 46.6826 -0.9430 -0.3132 0.1126 0.3537 0.5934
4 14.3892 -14.2229 34.5552 -0.9149 -0.3750 0.1497 0.3305 0.4889
4 21.6790 -35.8674 24.8895 -0.9430 -0.3132 0.1126 0.3172 0.4749
fireeffect.jpg
4 21.6790 -35.8674 24.8895 -0.0077 -0.9622 -0.2721 0.3172 0.4749
4 48.5343 -36.2291 25.2740 -0.0091 -0.9627 -0.2704 0.5065 0.4859
4 46.8791 -41.6620 44.6702 -0.0077 -0.9622 -0.2721 0.4920 0.6288
fireeffect.jpg
4 46.8791 -41.6620 44.6702 -0.0077 -0.9622 -0.2721 0.4920 0.6288
4 24.5679 -41.3198 43.9841 -0.0063 -0.9618 -0.2737 0.3347 0.6171
4 21.6790 -35.8674 24.8895 -0.0077 -0.9622 -0.2721 0.3172 0.4749
fireeffect.jpg
4 26.2163 -39.2938 52.3728 -0.5083 -0.6330 0.5839 0.3570 0.6696
4 24.5679 -41.3198 43.9841 -0.0222 -0.9708 0.2388 0.3347 0.6171
4 46.8791 -41.6620 44.6702 0.0773 -0.9545 0.2881 0.4920 0.6288
fireeffect.jpg
4 46.8791 -41.6620 44.6702 0.0773 -0.9545 0.2881 0.4920 0.6288
4 32.6693 -40.1455 52.8674 -0.0434 -0.9393 0.3404 0.4007 0.6767
4 26.2163 -39.2938 52.3728 -0.5083 -0.6330 0.5839 0.3570 0.6696
fireeffect.jpg
4 46.8791 -41.6620 44.6702 0.0773 -0.9545 0.2881 0.4920 0.6288
4 55.9163 -23.8351 53.2242 0.7219 -0.5606 0.4057 0.6097 0.6485
4 50.9407 -26.3509 58.6010 0.4256 0.1525 0.8920 0.5710 0.6892
fireeffect.jpg
4 50.9407 -26.3509 58.6010 0.4256 0.1525 0.8920 0.5710 0.6892
4 50.2292 -34.3647 55.2433 0.7477 -0.5115 0.4234 0.5421 0.6845
4 46.8791 -41.6620 44.6702 0.0773 -0.9545 0.2881 0.4920 0.6288
fireeffect.jpg
4 64.0383 -14.2653 34.9565 0.5661 -0.2986 -0.7683 0.6819 0.5057
4 48.5343 -36.2291 25.2740 -0.2685 0.5409 -0.7971 0.5065 0.4859
5 45.9574 -32.4537 28.7043 0.3524 -0.0288 -0.9354 0.5052 0.4412
fireeffect.jpg
4 64.0383 -14.2653 34.9565 0.5661 -0.2986 -0.7683 0.6819 0.5057
5 45.9574 -32.4537 28.7043 0.3524 -0.0288 -0.9354 0.5052 0.4412
5 50.3561 -24.0065 24.2920 0.7164 -0.5775 -0.3915 0.5578 0.4098
fireeffect.jpg
4 64.0383 -14.2653 34.9565 0.5661 -0.2986 -0.7683 0.6819 0.5057
5 50.3561 -24.0065 24.2920 0.7164 -0.5775 -0.3915 0.5578 0.4098
5 55.8793 -13.3996 18.7515 0.7164 -0.5775 -0.3915 0.6238 0.3703
fireeffect.jpg
5 55.8793 -13.3996 18.7515 0.7868 0.6170 -0.0123 0.6238 0.3703
4 36.1398 11.8878 24.5264 0.7868 0.6170 -0.0123 0.5492 0.3679
4 36.8273 11.2864 38.2921 0.7868 0.6170 -0.0123 0.5609 0.4625
fireeffect.jpg
4 36.8273 11.2864 38.2921 0.6379 0.7163 -0.2829 0.5609 0.4625
4 64.0383 -14.2653 34.9565 0.6379 0.7163 -0.2829 0.6819 0.5057
5 55.8793 -13.3996 18.7515 0.6379 0.7163 -0.2829 0.6238 0.3703
fireeffect.jpg
4 36.8273 11.2864 38.2921 -0.7927 0.6060 0.0661 0.5609 0.4625
4 36.1398 11.8878 24.5264 -0.7927 0.6060 0.0661 0.5492 0.3679
4 17.9430 -11.3133 18.9977 -0.7927 0.6060 0.0661 0.3539 0.3782
fireeffect.jpg
4 17.9430 -11.3133 18.9977 -0.7467 0.6636 -0.0465 0.3539 0.3782
4 14.3892 -14.2229 34.5552 -0.7467 0.6636 -0.0465 0.3305 0.4889
4 36.8273 11.2864 38.2921 -0.7467 0.6636 -0.0465 0.5609 0.4625
fireeffect.jpg
5 22.3074 -14.6439 3.0348 -0.9758 -0.1293 0.1764 0.3793 0.2582
5 25.0814 -35.5863 3.0348 -0.9758 -0.1293 0.1764 0.3474 0.2582
5 27.4044 -33.8537 17.1558 -0.9758 -0.1293 0.1764 0.3684 0.3589
fireeffect.jpg
5 50.4481 -49.2654 10.9679 0.0749 -0.9662 0.2466 0.4959 0.3148
5 50.2720 -51.3091 3.0131 0.0749 -0.9662 0.2466 0.4896 0.2580
5 58.1547 -50.6977 3.0131 0.0749 -0.9662 0.2466 0.5478 0.2580
fireeffect.jpg
5 58.1547 -50.6977 3.0131 0.0852 -0.9629 0.2559 0.5478 0.2580
5 57.4774 -48.2938 12.2827 0.0852 -0.9629 0.2559 0.5489 0.3241
5 50.4481 -49.2654 10.9679 0.0852 -0.9629 0.2559 0.4959 0.3148
fireeffect.jpg
5 46.0386 -53.2061 3.0131 0.1584 -0.9583 0.2377 0.4544 0.2580
5 46.2114 -51.3422 10.4140 0.1584 -0.9583 0.2377 0.4603 0.3108
5 40.8052 -52.5447 9.1673 0.1584 -0.9583 0.2377 0.4184 0.3019
fireeffect.jpg
5 40.8052 -52.5447 9.1673 0.1277 -0.9687 0.2127 0.4184 0.3019
5 39.0550 -54.1267 3.0131 0.1277 -0.9687 0.2127 0.4019 0.2580
5 46.0386 -53.2061 3.0131 0.1277 -0.9687 0.2127 0.4544 0.2580
fireeffect.jpg
5 63.4686 -40.4487 3.0133 0.8862 -0.4062 0.2229 0.6114 0.2580
5 66.1161 -34.6731 3.0134 0.8862 -0.4062 0.2229 0.6447 0.2580
5 64.3262 -35.5373 8.5552 0.8862 -0.4062 0.2229 0.6297 0.2976
fireeffect.jpg
5 64.3262 -35.5373 8.5552 0.9106 -0.3689 0.1861 0.6297 0.2976
5 61.9449 -40.6736 10.0251 0.9106 -0.3689 0.1861 0.5999 0.3080
5 63.4686 -40.4487 3.0133 0.9106 -0.3689 0.1861 0.6114 0.2580
fireeffect.jpg
5 59.6629 -11.8490 3.0350 0.9374 0.2427 0.2496 0.6548 0.2582
5 55.8793 -13.3996 18.7515 0.9374 0.2427 0.2496 0.6238 0.3703
5 64.3262 -35.5373 8.5552 0.9374 0.2427 0.2496 0.6297 0.2976
fireeffect.jpg
5 64.3262 -35.5373 8.5552 0.9074 0.2562 0.3330 0.6297 0.2976
5 66.1161 -34.6731 3.0134 0.9074 0.2562 0.3330 0.6447 0.2580
5 59.6629 -11.8490 3.0350 0.9074 0.2562 0.3330 0.6548 0.2582
fireeffect.jpg
5 61.9449 -40.6736 10.0251 0.6593 -0.0921 0.7462 0.5999 0.3080
5 64.3262 -35.5373 8.5552 0.6593 -0.0921 0.7462 0.6297 0.2976
5 55.8793 -13.3996 18.7515 0.6593 -0.0921 0.7462 0.6238 0.3703
fireeffect.jpg
5 55.8793 -13.3996 18.7515 0.7491 -0.0449 0.6609 0.6238 0.3703
5 50.3561 -24.0065 24.2920 0.7491 -0.0449 0.6609 0.5578 0.4098
5 61.9449 -40.6736 10.0251 0.7491 -0.0449 0.6609 0.5999 0.3080
fireeffect.jpg
5 40.8052 -52.5447 9.1673 -0.0472 -0.6088 0.7919 0.4184 0.3019
5 46.2114 -51.3422 10.4140 -0.0472 -0.6088 0.7919 0.4603 0.3108
5 38.4642 -33.0191 24.0401 -0.0472 -0.6088 0.7919 0.4500 0.4080
fireeffect.jpg
5 38.4642 -33.0191 24.0401 -0.3959 -0.5860 0.7070 0.4500 0.4080
5 27.4044 -33.8537 17.1558 -0.3959 -0.5860 0.7070 0.3684 0.3589
5 40.8052 -52.5447 9.1673 -0.3959 -0.5860 0.7070 0.4184 0.3019
fireeffect.jpg
5 27.4044 -33.8537 17.1558 -0.7822 -0.5897 0.2010 0.3684 0.3589
5 25.0814 -35.5863 3.0348 -0.7822 -0.5897 0.2010 0.3474 0.2582
5 39.0550 -54.1267 3.0131 -0.7822 -0.5897 0.2010 0.4019 0.2580
fireeffect.jpg
5 39.0550 -54.1267 3.0131 -0.6797 -0.6403 0.3579 0.4019 0.2580
5 40.8052 -52.5447 9.1673 -0.6797 -0.6403 0.3579 0.4184 0.3019
5 27.4044 -33.8537 17.1558 -0.6797 -0.6403 0.3579 0.3684 0.3589
fireeffect.jpg
5 27.4044 -33.8537 17.1558 -0.8031 -0.0045 -0.5958 0.3684 0.3589
4 21.6790 -35.8674 24.8895 -0.8031 -0.0045 -0.5958 0.3172 0.4749
4 14.3892 -14.2229 34.5552 -0.8031 -0.0045 -0.5958 0.3305 0.4889
fireeffect.jpg
4 14.3892 -14.2229 34.5552 -0.8953 -0.3537 -0.2707 0.3305 0.4889
4 17.9430 -11.3133 18.9977 -0.8953 -0.3537 -0.2707 0.3539 0.3782
5 27.4044 -33.8537 17.1558 -0.8953 -0.3537 -0.2707 0.3684 0.3589
fireeffect.jpg
5 55.8793 -13.3996 18.7515 0.6106 0.7602 0.2220 0.6238 0.3703
5 59.6629 -11.8490 3.0350 0.6106 0.7602 0.2220 0.6548 0.2582
5 36.7636 6.5100 3.1539 0.6106 0.7602 0.2220 0.5356 0.2590
fireeffect.jpg
5 45.9574 -32.4537 28.7043 -0.3229 -0.7264 0.6067 0.5052 0.4412
5 38.4642 -33.0191 24.0401 -0.3229 -0.7264 0.6067 0.4500 0.4080
5 50.4481 -49.2654 10.9679 -0.3229 -0.7264 0.6067 0.4959 0.3148
fireeffect.jpg
5 50.4481 -49.2654 10.9679 -0.0272 -0.7289 0.6840 0.4959 0.3148
5 57.4774 -48.2938 12.2827 -0.0272 -0.7289 0.6840 0.5489 0.3241
5 45.9574 -32.4537 28.7043 -0.0272 -0.7289 0.6840 0.5052 0.4412
fireeffect.jpg
5 57.4774 -48.2938 12.2827 0.6464 -0.1774 0.7421 0.5489 0.3241
5 59.9685 -44.8581 10.9342 0.6464 -0.1774 0.7421 0.5753 0.3145
5 50.3561 -24.0065 24.2920 0.6464 -0.1774 0.7421 0.5578 0.4098
fireeffect.jpg
5 50.3561 -24.0065 24.2920 0.7782 -0.0798 0.6229 0.5578 0.4098
5 45.9574 -32.4537 28.7043 0.7782 -0.0798 0.6229 0.5052 0.4412
5 57.4774 -48.2938 12.2827 0.7782 -0.0798 0.6229 0.5489 0.3241
fireeffect.jpg
5 58.1547 -50.6977 3.0131 0.8656 -0.4767 0.1532 0.5478 0.2580
5 61.3752 -44.8496 3.0132 0.8656 -0.4767 0.1532 0.5854 0.2580
5 59.9685 -44.8581 10.9342 0.8656 -0.4767 0.1532 0.5753 0.3145
fireeffect.jpg
5 59.9685 -44.8581 10.9342 0.8288 -0.5239 0.1964 0.5753 0.3145
5 57.4774 -48.2938 12.2827 0.8288 -0.5239 0.1964 0.5489 0.3241
5 58.1547 -50.6977 3.0131 0.8288 -0.5239 0.1964 0.5478 0.2580
fireeffect.jpg
5 57.8866 -38.3271 7.8584 -0.2215 -0.9610 0.1657 0.5765 0.2926
5 58.7859 -39.1952 4.0245 -0.2215 -0.9610 0.1657 0.5808 0.2652
5 63.4686 -40.4487 3.0133 -0.2215 -0.9610 0.1657 0.6114 0.2580
fireeffect.jpg
5 63.4686 -40.4487 3.0133 -0.4456 -0.8864 -0.1253 0.6114 0.2580
5 61.9449 -40.6736 10.0251 -0.4456 -0.8864 -0.1253 0.5999 0.3080
5 57.8866 -38.3271 7.8584 -0.4456 -0.8864 -0.1253 0.5765 0.2926
fireeffect.jpg
5 58.7859 -39.1952 4.0245 0.9237 0.3583 0.1355 0.5808 0.2652
5 57.8866 -38.3271 7.8584 0.9237 0.3583 0.1355 0.5765 0.2926
5 59.9685 -44.8581 10.9342 0.9237 0.3583 0.1355 0.5753 0.3145
fireeffect.jpg
5 59.9685 -44.8581 10.9342 0.9079 0.3868 0.1616 0.5753 0.3145
5 61.3752 -44.8496 3.0132 0.9079 0.3868 0.1616 0.5854 0.2580
5 58.7859 -39.1952 4.0245 0.9079 0.3868 0.1616 0.5808 0.2652
fireeffect.jpg
5 57.8866 -38.3271 7.8584 -0.6019 -0.7179 0.3498 0.5765 0.2926
5 61.9449 -40.6736 10.0251 -0.6019 -0.7179 0.3498 0.5999 0.3080
5 50.3561 -24.0065 24.2920 -0.6019 -0.7179 0.3498 0.5578 0.4098
fireeffect.jpg
5 46.2114 -51.3422 10.4140 0.9109 0.0848 0.4038 0.4603 0.3108
5 46.9813 -46.7379 7.7099 0.9109 0.0848 0.4038 0.4772 0.2915
5 38.4642 -33.0191 24.0401 0.9109 0.0848 0.4038 0.4500 0.4080
fireeffect.jpg
5 47.3665 -48.3206 5.4529 0.9788 -0.0465 0.1996 0.4761 0.2754
5 46.9813 -46.7379 7.7099 0.9788 -0.0465 0.1996 0.4772 0.2915
5 46.2114 -51.3422 10.4140 0.9788 -0.0465 0.1996 0.4603 0.3108
fireeffect.jpg
5 46.2114 -51.3422 10.4140 0.9573 -0.2849 0.0494 0.4603 0.3108
5 46.0386 -53.2061 3.0131 0.9573 -0.2849 0.0494 0.4544 0.2580
5 47.3665 -48.3206 5.4529 0.9573 -0.2849 0.0494 0.4761 0.2754
fireeffect.jpg
5 46.9813 -46.7379 7.7099 -0.4008 -0.7809 0.4792 0.4772 0.2915
5 47.3665 -48.3206 5.4529 -0.4008 -0.7809 0.4792 0.4761 0.2754
5 50.2720 -51.3091 3.0131 -0.4008 -0.7809 0.4792 0.4896 0.2580
fireeffect.jpg
5 50.2720 -51.3091 3.0131 -0.6905 -0.6967 0.1943 0.4896 0.2580
5 50.4481 -49.2654 10.9679 -0.6905 -0.6967 0.1943 0.4959 0.3148
5 46.9813 -46.7379 7.7099 -0.6905 -0.6967 0.1943 0.4772 0.2915
fireeffect.jpg
5 46.9813 -46.7379 7.7099 -0.6976 -0.6846 0.2113 0.4772 0.2915
5 50.4481 -49.2654 10.9679 -0.6976 -0.6846 0.2113 0.4959 0.3148
5 38.4642 -33.0191 24.0401 -0.6976 -0.6846 0.2113 0.4500 0.4080
fireeffect.jpg
5 38.4642 -33.0191 24.0401 0.2620 -0.3098 -0.9140 0.4500 0.4080
5 45.9574 -32.4537 28.7043 0.3101 0.7465 -0.5887 0.5052 0.4412
4 48.5343 -36.2291 25.2740 0.1973 0.2550 -0.9466 0.5065 0.4859
fireeffect.jpg
5 38.4642 -33.0191 24.0401 0.2620 -0.3098 -0.9140 0.4500 0.4080
4 48.5343 -36.2291 25.2740 0.1973 0.2550 -0.9466 0.5065 0.4859
4 21.6790 -35.8674 24.8895 0.0984 -0.7685 -0.6323 0.3172 0.4749
fireeffect.jpg
5 38.4642 -33.0191 24.0401 0.2620 -0.3098 -0.9140 0.4500 0.4080
4 21.6790 -35.8674 24.8895 0.0984 -0.7685 -0.6323 0.3172 0.4749
5 27.4044 -33.8537 17.1558 0.1590 -0.9777 -0.1369 0.3684 0.3589
fireeffect.jpg
5 59.9685 -44.8581 10.9342 0.9285 0.3519 0.1188 0.5753 0.3145
5 57.8866 -38.3271 7.8584 0.9285 0.3519 0.1188 0.5765 0.2926
5 50.3561 -24.0065 24.2920 0.9285 0.3519 0.1188 0.5578 0.4098
fireeffect.jpg
4 38.3236 -34.9656 61.5157 0.1037 -0.6371 0.7638 0.4601 0.7249
4 50.2292 -34.3647 55.2433 0.7477 -0.5115 0.4234 0.5421 0.6845
4 50.9407 -26.3509 58.6010 0.4256 0.1525 0.8920 0.5710 0.6892
fireeffect.jpg
4 50.9407 -26.3509 58.6010 0.4256 0.1525 0.8920 0.5710 0.6892
4 36.0776 -16.4006 61.0242 0.3117 0.2418 0.9189 0.4944 0.6787
4 38.3236 -34.9656 61.5157 0.1037 -0.6371 0.7638 0.4601 0.7249
fireeffect.jpg
4 36.0776 -16.4006 61.0242 -0.5957 0.2626 0.7590 0.4944 0.6787
4 23.2220 -30.1398 57.1140 -0.5297 0.2664 0.8053 0.3637 0.6799
4 38.3236 -34.9656 61.5157 -0.2824 -0.0088 0.9593 0.4601 0.7249
fireeffect.jpg
4 26.2163 -39.2938 52.3728 -0.5083 -0.6330 0.5839 0.3570 0.6696
4 32.6693 -40.1455 52.8674 -0.0434 -0.9393 0.3404 0.4007 0.6767
4 38.3236 -34.9656 61.5157 0.1037 -0.6371 0.7638 0.4601 0.7249
fireeffect.jpg
4 38.3236 -34.9656 61.5157 0.1037 -0.6371 0.7638 0.4601 0.7249
4 23.2220 -30.1398 57.1140 -0.7994 -0.4334 0.4160 0.3637 0.6799
4 26.2163 -39.2938 52.3728 -0.5083 -0.6330 0.5839 0.3570 0.6696
fireeffect.jpg
4 46.8791 -41.6620 44.6702 0.0773 -0.9545 0.2881 0.4920 0.6288
4 50.2292 -34.3647 55.2433 0.7477 -0.5115 0.4234 0.5421 0.6845
4 38.3236 -34.9656 61.5157 0.1037 -0.6371 0.7638 0.4601 0.7249
fireeffect.jpg
4 38.3236 -34.9656 61.5157 0.1037 -0.6371 0.7638 0.4601 0.7249
4 32.6693 -40.1455 52.8674 -0.0434 -0.9393 0.3404 0.4007 0.6767
4 46.8791 -41.6620 44.6702 0.0773 -0.9545 0.2881 0.4920 0.6288
fireeffect.jpg
5 55.8793 -13.3996 18.7515 0.7657 0.6287 -0.1359 0.6238 0.3703
5 36.7636 6.5100 3.1539 0.7657 0.6287 -0.1359 0.5356 0.2590
4 36.1398 11.8878 24.5264 0.7657 0.6287 -0.1359 0.5492 0.3679
fireeffect.jpg
4 36.1398 11.8878 24.5264 -0.8140 0.5572 -0.1640 0.5492 0.3679
5 36.7636 6.5100 3.1539 -0.8140 0.5572 -0.1640 0.5356 0.2590
5 22.3074 -14.6439 3.0348 -0.8140 0.5572 -0.1640 0.3793 0.2582
fireeffect.jpg
5 22.3074 -14.6439 3.0348 -0.7052 0.6304 -0.3244 0.3793 0.2582
4 17.9430 -11.3133 18.9977 -0.7052 0.6304 -0.3244 0.3539 0.3782
4 36.1398 11.8878 24.5264 -0.7052 0.6304 -0.3244 0.5492 0.3679
fireeffect.jpg
4 17.9430 -11.3133 18.9977 -0.9132 -0.3692 -0.1726 0.3539 0.3782
5 22.3074 -14.6439 3.0348 -0.9132 -0.3692 -0.1726 0.3793 0.2582
5 27.4044 -33.8537 17.1558 -0.9132 -0.3692 -0.1726 0.3684 0.3589
fireeffect.jpg
42 -110.0803 -22.2302 72.2325 -0.8682 -0.3750 0.3249 0.7776 0.3843
42 -106.3754 -14.9085 88.9812 -0.8063 -0.3267 0.4931 0.7488 0.5704
42 -100.9711 -28.0659 89.8381 -0.5081 -0.7344 0.4500 0.6988 0.5449
fireeffect.jpg
42 -100.9711 -28.0659 89.8381 -0.5081 -0.7344 0.4500 0.6988 0.5449
42 -104.6847 -36.1477 68.6655 -0.3314 -0.8606 0.3866 0.7236 0.3138
42 -110.0803 -22.2302 72.2325 -0.8682 -0.3750 0.3249 0.7776 0.3843
fireeffect.jpg
42 -97.4775 -5.0598 84.9020 -0.5413 0.8254 -0.1603 0.6381 0.5656
42 -103.3785 -10.8302 67.2724 -0.6124 0.7832 -0.1077 0.6894 0.3739
42 -96.9995 -11.3865 64.1168 -0.8864 0.4622 -0.0263 0.6153 0.3464
fireeffect.jpg
42 -96.9995 -11.3865 64.1168 -0.8864 0.4622 -0.0263 0.6153 0.3464
42 -92.6234 2.0925 98.4141 -0.8311 0.5551 0.0334 0.5932 0.7206
42 -97.4775 -5.0598 84.9020 -0.5413 0.8254 -0.1603 0.6381 0.5656
fireeffect.jpg
42 -83.7018 -45.5822 80.3827 0.5604 -0.7965 0.2270 0.5087 0.4158
42 -65.4698 -33.3634 77.3766 0.8938 -0.4407 0.0827 0.2933 0.4352
42 -65.6294 -36.8919 62.2262 0.7542 -0.6529 0.0700 0.2816 0.2781
fireeffect.jpg
42 -65.6294 -36.8919 62.2262 0.7542 -0.6529 0.0700 0.2816 0.2781
42 -86.8805 -47.2457 67.2093 0.4394 -0.8983 0.0074 0.5314 0.2810
42 -83.7018 -45.5822 80.3827 0.5604 -0.7965 0.2270 0.5087 0.4158
fireeffect.jpg
42 -88.6225 3.5894 60.5073 0.7986 0.5956 -0.0863 0.5072 0.3606
42 -64.7941 -13.4650 56.1886 0.5889 0.8053 0.0691 0.2490 0.2874
42 -60.6140 -17.6867 69.7698 0.5994 0.7775 -0.1902 0.2198 0.4100
fireeffect.jpg
42 -60.6140 -17.6867 69.7698 0.5994 0.7775 -0.1902 0.2198 0.4100
42 -86.9949 7.5855 80.0425 0.7999 0.5575 -0.2221 0.5070 0.5625
42 -88.6225 3.5894 60.5073 0.7986 0.5956 -0.0863 0.5072 0.3606
fireeffect.jpg
42 -65.6294 -36.8919 62.2262 0.2605 -0.5102 -0.8197 0.2816 0.2781
42 -78.1503 -26.0181 51.4678 0.2245 -0.5004 -0.8362 0.4020 0.1958
42 -86.5925 -40.4542 61.7883 0.0863 -0.6119 -0.7862 0.5175 0.2482
fireeffect.jpg
42 -86.5925 -40.4542 61.7883 0.0863 -0.6119 -0.7862 0.5175 0.2482
42 -86.8805 -47.2457 67.2093 0.1219 -0.6223 -0.7732 0.5314 0.2810
42 -65.6294 -36.8919 62.2262 0.2605 -0.5102 -0.8197 0.2816 0.2781
fireeffect.jpg
42 -98.7575 -27.1523 60.9226 -0.5870 -0.3950 -0.7066 0.6428 0.2690
42 -110.0803 -22.2302 72.2325 -0.7256 -0.1071 -0.6798 0.7776 0.3843
42 -104.6847 -36.1477 68.6655 -0.3586 -0.6976 -0.6203 0.7236 0.3138
fireeffect.jpg
42 -96.9995 -11.3865 64.1168 -0.7524 0.2017 -0.6271 0.6153 0.3464
42 -103.3785 -10.8302 67.2724 -0.5586 0.1586 -0.8142 0.6894 0.3739
42 -98.7575 -27.1523 60.9226 -0.7238 0.1075 -0.6816 0.6428 0.2690
fireeffect.jpg
42 -98.7575 -27.1523 60.9226 -0.7238 0.1075 -0.6816 0.6428 0.2690
42 -95.3606 -16.5294 56.2950 -0.7551 0.1974 -0.6252 0.5924 0.2571
42 -96.9995 -11.3865 64.1168 -0.7524 0.2017 -0.6271 0.6153 0.3464
fireeffect.jpg
42 -87.3941 -10.2269 52.3590 0.1206 0.2411 -0.9630 0.4948 0.2429
42 -78.1503 -26.0181 51.4678 0.0688 0.0963 -0.9930 0.4020 0.1958
42 -64.7941 -13.4650 56.1886 0.2045 0.3434 -0.9167 0.2490 0.2874
fireeffect.jpg
42 -64.7941 -13.4650 56.1886 0.2045 0.3434 -0.9167 0.2490 0.2874
42 -88.6225 3.5894 60.5073 0.2142 0.5103 -0.8329 0.5072 0.3606
42 -87.3941 -10.2269 52.3590 0.1206 0.2411 -0.9630 0.4948 0.2429
fireeffect.jpg
42 -75.3276 -4.4926 108.6926 -0.1742 0.6696 0.7220 0.4158 0.8141
42 -96.8721 -7.5177 107.1013 -0.1498 0.6986 0.6996 0.6567 0.7741
42 -92.6234 2.0925 98.4141 -0.1742 0.6696 0.7220 0.5932 0.7206
fireeffect.jpg
42 -92.6234 2.0925 98.4141 -0.1742 0.6696 0.7220 0.5932 0.7206
42 -85.9150 9.8553 93.5261 -0.1982 0.6392 0.7431 0.5076 0.7005
42 -75.3276 -4.4926 108.6926 -0.1742 0.6696 0.7220 0.4158 0.8141
fireeffect.jpg
42 -75.3276 -4.4926 108.6926 -0.1347 0.0030 0.9909 0.4158 0.8141
42 -78.2537 -28.2332 109.6234 -0.2027 0.0633 0.9772 0.4665 0.7529
42 -90.3589 -21.9046 106.7018 -0.1347 0.0030 0.9909 0.5939 0.7338
fireeffect.jpg
42 -90.3589 -21.9046 106.7018 -0.1347 0.0030 0.9909 0.5939 0.7338
42 -96.8721 -7.5177 107.1013 -0.0655 -0.0573 0.9962 0.6567 0.7741
42 -75.3276 -4.4926 108.6926 -0.1347 0.0030 0.9909 0.4158 0.8141
fireeffect.jpg
42 -85.9150 9.8553 93.5261 0.4817 0.7792 0.4009 0.5076 0.7005
42 -61.3986 -4.4040 91.7857 0.4817 0.7792 0.4009 0.2424 0.6608
42 -75.3276 -4.4926 108.6926 0.4817 0.7792 0.4009 0.4158 0.8141
fireeffect.jpg
42 -75.3276 -4.4926 108.6926 0.6699 0.0807 0.7381 0.4158 0.8141
42 -61.3986 -4.4040 91.7857 0.7564 0.1953 0.6242 0.2424 0.6608
42 -65.0639 -19.8287 101.0527 0.6699 0.0807 0.7381 0.3042 0.7037
fireeffect.jpg
42 -65.0639 -19.8287 101.0527 0.6699 0.0807 0.7381 0.3042 0.7037
42 -78.2537 -28.2332 109.6234 0.5608 -0.0367 0.8271 0.4665 0.7529
42 -75.3276 -4.4926 108.6926 0.6699 0.0807 0.7381 0.4158 0.8141
fireeffect.jpg
42 -91.5520 -33.4131 89.5789 -0.7662 -0.4509 0.4578 0.5973 0.5340
42 -99.2445 -39.9172 72.3247 -0.7711 -0.4952 0.4003 0.6695 0.3425
42 -96.7279 -32.7558 69.3606 -0.5551 -0.7155 0.4242 0.6331 0.3362
fireeffect.jpg
42 -96.7279 -32.7558 69.3606 -0.5551 -0.7155 0.4242 0.6331 0.3362
42 -90.3589 -21.9046 106.7018 -0.6456 -0.5869 0.4886 0.5939 0.7338
42 -91.5520 -33.4131 89.5789 -0.7662 -0.4509 0.4578 0.5973 0.5340
fireeffect.jpg
42 -86.5925 -40.4542 61.7883 -0.6579 -0.4697 -0.5887 0.5175 0.2482
42 -93.1747 -33.0285 61.4049 -0.4568 -0.7505 -0.4776 0.5852 0.2609
42 -96.7279 -32.7558 69.3606 -0.4663 -0.7834 -0.4109 0.6331 0.3362
fireeffect.jpg
42 -96.7279 -32.7558 69.3606 -0.4663 -0.7834 -0.4109 0.6331 0.3362
42 -99.2445 -39.9172 72.3247 -0.6176 -0.3021 -0.7262 0.6695 0.3425
42 -86.5925 -40.4542 61.7883 -0.6579 -0.4697 -0.5887 0.5175 0.2482
fireeffect.jpg
42 -99.2445 -39.9172 72.3247 -0.7711 -0.4952 0.4003 0.6695 0.3425
42 -91.5520 -33.4131 89.5789 -0.7662 -0.4509 0.4578 0.5973 0.5340
42 -83.7018 -45.5822 80.3827 -0.4854 -0.7715 0.4114 0.5087 0.4158
fireeffect.jpg
42 -83.7018 -45.5822 80.3827 -0.4854 -0.7715 0.4114 0.5087 0.4158
42 -86.8805 -47.2457 67.2093 -0.4308 -0.8766 0.2146 0.5314 0.2810
42 -99.2445 -39.9172 72.3247 -0.7711 -0.4952 0.4003 0.6695 0.3425
fireeffect.jpg
42 -99.2445 -39.9172 72.3247 -0.6176 -0.3021 -0.7262 0.6695 0.3425
42 -86.8805 -47.2457 67.2093 -0.5670 -0.4991 -0.6554 0.5314 0.2810
42 -86.5925 -40.4542 61.7883 -0.6579 -0.4697 -0.5887 0.5175 0.2482
fireeffect.jpg
42 -96.7279 -32.7558 69.3606 -0.5551 -0.7155 0.4242 0.6331 0.3362
42 -104.6847 -36.1477 68.6655 -0.3314 -0.8606 0.3866 0.7236 0.3138
42 -100.9711 -28.0659 89.8381 -0.5081 -0.7344 0.4500 0.6988 0.5449
fireeffect.jpg
42 -100.9711 -28.0659 89.8381 -0.5081 -0.7344 0.4500 0.6988 0.5449
42 -90.3589 -21.9046 106.7018 -0.6456 -0.5869 0.4886 0.5939 0.7338
42 -96.7279 -32.7558 69.3606 -0.5551 -0.7155 0.4242 0.6331 0.3362
fireeffect.jpg
42 -93.1747 -33.0285 61.4049 -0.4568 -0.7505 -0.4776 0.5852 0.2609
42 -98.7575 -27.1523 60.9226 -0.5870 -0.3950 -0.7066 0.6428 0.2690
42 -104.6847 -36.1477 68.6655 -0.3586 -0.6976 -0.6203 0.7236 0.3138
fireeffect.jpg
42 -104.6847 -36.1477 68.6655 -0.3586 -0.6976 -0.6203 0.7236 0.3138
42 -96.7279 -32.7558 69.3606 -0.4663 -0.7834 -0.4109 0.6331 0.3362
42 -93.1747 -33.0285 61.4049 -0.4568 -0.7505 -0.4776 0.5852 0.2609
fireeffect.jpg
42 -65.4698 -33.3634 77.3766 0.8938 -0.4407 0.0827 0.2933 0.4352
42 -60.6140 -17.6867 69.7698 0.9315 -0.3447 -0.1159 0.2198 0.4100
42 -64.7941 -13.4650 56.1886 0.9471 -0.2484 -0.2031 0.2490 0.2874
fireeffect.jpg
42 -64.7941 -13.4650 56.1886 0.9471 -0.2484 -0.2031 0.2490 0.2874
42 -65.6294 -36.8919 62.2262 0.7542 -0.6529 0.0700 0.2816 0.2781
42 -65.4698 -33.3634 77.3766 0.8938 -0.4407 0.0827 0.2933 0.4352
fireeffect.jpg
42 -65.6294 -36.8919 62.2262 0.2605 -0.5102 -0.8197 0.2816 0.2781
42 -64.7941 -13.4650 56.1886 0.5104 -0.2316 -0.8281 0.2490 0.2874
42 -78.1503 -26.0181 51.4678 0.2245 -0.5004 -0.8362 0.4020 0.1958
fireeffect.jpg
42 -87.3941 -10.2269 52.3590 -0.6613 0.2202 -0.7171 0.4948 0.2429
42 -88.6225 3.5894 60.5073 -0.5731 0.3779 -0.7271 0.5072 0.3606
42 -99.2761 -4.4214 64.7417 -0.6944 0.0991 -0.7128 0.6363 0.3708
fireeffect.jpg
42 -87.1325 8.6616 79.7599 -0.6635 0.7438 -0.0808 0.5074 0.5628
42 -96.0116 0.5324 80.9016 -0.9195 0.3773 0.1106 0.6135 0.5440
42 -99.2761 -4.4214 64.7417 -0.8843 0.4666 0.0173 0.6363 0.3708
fireeffect.jpg
42 -99.2761 -4.4214 64.7417 -0.8843 0.4666 0.0173 0.6363 0.3708
42 -88.6225 3.5894 60.5073 -0.6318 0.7602 -0.1514 0.5072 0.3606
42 -87.1325 8.6616 79.7599 -0.6635 0.7438 -0.0808 0.5074 0.5628
fireeffect.jpg
42 -103.3785 -10.8302 67.2724 -0.6124 0.7832 -0.1077 0.6894 0.3739
42 -97.4775 -5.0598 84.9020 -0.5413 0.8254 -0.1603 0.6381 0.5656
42 -106.3754 -14.9085 88.9812 -0.8006 0.5983 0.0328 0.7488 0.5704
fireeffect.jpg
42 -106.3754 -14.9085 88.9812 -0.8006 0.5983 0.0328 0.7488 0.5704
42 -110.0803 -22.2302 72.2325 -0.8667 0.4982 -0.0261 0.7776 0.3843
42 -103.3785 -10.8302 67.2724 -0.6124 0.7832 -0.1077 0.6894 0.3739
fireeffect.jpg
42 -103.3785 -10.8302 67.2724 -0.5586 0.1586 -0.8142 0.6894 0.3739
42 -110.0803 -22.2302 72.2325 -0.6846 0.0877 -0.7236 0.7776 0.3843
42 -98.7575 -27.1523 60.9226 -0.7238 0.1075 -0.6816 0.6428 0.2690
fireeffect.jpg
42 -96.9995 -11.3865 64.1168 -0.8864 0.4622 -0.0263 0.6153 0.3464
42 -99.2761 -4.4214 64.7417 -0.8843 0.4666 0.0173 0.6363 0.3708
42 -96.0116 0.5324 80.9016 -0.9195 0.3773 0.1106 0.6135 0.5440
fireeffect.jpg
42 -96.0116 0.5324 80.9016 -0.9195 0.3773 0.1106 0.6135 0.5440
42 -92.6234 2.0925 98.4141 -0.8311 0.5551 0.0334 0.5932 0.7206
42 -96.9995 -11.3865 64.1168 -0.8864 0.4622 -0.0263 0.6153 0.3464
fireeffect.jpg
42 -96.9995 -11.3865 64.1168 -0.7524 0.2017 -0.6271 0.6153 0.3464
42 -95.3606 -16.5294 56.2950 -0.7551 0.1974 -0.6252 0.5924 0.2571
42 -87.3941 -10.2269 52.3590 -0.6613 0.2202 -0.7171 0.4948 0.2429
fireeffect.jpg
42 -87.3941 -10.2269 52.3590 -0.6613 0.2202 -0.7171 0.4948 0.2429
42 -99.2761 -4.4214 64.7417 -0.6944 0.0991 -0.7128 0.6363 0.3708
42 -96.9995 -11.3865 64.1168 -0.7524 0.2017 -0.6271 0.6153 0.3464
fireeffect.jpg
42 -106.3754 -14.9085 88.9812 -0.8006 0.5983 0.0328 0.7488 0.5704
42 -97.4775 -5.0598 84.9020 -0.5413 0.8254 -0.1603 0.6381 0.5656
42 -92.6234 2.0925 98.4141 -0.8311 0.5551 0.0334 0.5932 0.7206
fireeffect.jpg
42 -92.6234 2.0925 98.4141 -0.8311 0.5551 0.0334 0.5932 0.7206
42 -96.8721 -7.5177 107.1013 -0.8134 0.5445 0.2045 0.6567 0.7741
42 -106.3754 -14.9085 88.9812 -0.8006 0.5983 0.0328 0.7488 0.5704
fireeffect.jpg
42 -90.3589 -21.9046 106.7018 -0.6456 -0.5869 0.4886 0.5939 0.7338
42 -100.9711 -28.0659 89.8381 -0.5081 -0.7344 0.4500 0.6988 0.5449
42 -106.3754 -14.9085 88.9812 -0.8063 -0.3267 0.4931 0.7488 0.5704
fireeffect.jpg
42 -106.3754 -14.9085 88.9812 -0.8063 -0.3267 0.4931 0.7488 0.5704
42 -96.8721 -7.5177 107.1013 -0.7586 -0.3585 0.5441 0.6567 0.7741
42 -90.3589 -21.9046 106.7018 -0.6456 -0.5869 0.4886 0.5939 0.7338
fireeffect.jpg
42 -78.2537 -28.2332 109.6234 -0.4932 -0.7052 0.5094 0.4665 0.7529
42 -83.7018 -45.5822 80.3827 -0.4854 -0.7715 0.4114 0.5087 0.4158
42 -91.5520 -33.4131 89.5789 -0.7662 -0.4509 0.4578 0.5973 0.5340
fireeffect.jpg
42 -91.5520 -33.4131 89.5789 -0.7662 -0.4509 0.4578 0.5973 0.5340
42 -90.3589 -21.9046 106.7018 -0.6456 -0.5869 0.4886 0.5939 0.7338
42 -78.2537 -28.2332 109.6234 -0.4932 -0.7052 0.5094 0.4665 0.7529
fireeffect.jpg
42 -65.0639 -19.8287 101.0527 0.7713 -0.5714 0.2803 0.3042 0.7037
42 -65.4698 -33.3634 77.3766 0.8938 -0.4407 0.0827 0.2933 0.4352
42 -83.7018 -45.5822 80.3827 0.5604 -0.7965 0.2270 0.5087 0.4158
fireeffect.jpg
42 -83.7018 -45.5822 80.3827 0.5604 -0.7965 0.2270 0.5087 0.4158
42 -78.2537 -28.2332 109.6234 0.6432 -0.7051 0.2985 0.4665 0.7529
42 -65.0639 -19.8287 101.0527 0.7713 -0.5714 0.2803 0.3042 0.7037
fireeffect.jpg
42 -61.3986 -4.4040 91.7857 0.9718 -0.1994 0.1262 0.2424 0.6608
42 -60.6140 -17.6867 69.7698 0.9315 -0.3447 -0.1159 0.2198 0.4100
42 -65.4698 -33.3634 77.3766 0.8938 -0.4407 0.0827 0.2933 0.4352
fireeffect.jpg
42 -65.4698 -33.3634 77.3766 0.8938 -0.4407 0.0827 0.2933 0.4352
42 -65.0639 -19.8287 101.0527 0.7713 -0.5714 0.2803 0.3042 0.7037
42 -61.3986 -4.4040 91.7857 0.9718 -0.1994 0.1262 0.2424 0.6608
fireeffect.jpg
42 -87.1325 8.6616 79.7599 0.9899 0.1004 -0.0996 0.5074 0.5628
42 -88.6225 3.5894 60.5073 0.7986 0.5956 -0.0863 0.5072 0.3606
42 -86.9949 7.5855 80.0425 0.7999 0.5575 -0.2221 0.5070 0.5625
fireeffect.jpg
42 -86.9949 7.5855 80.0425 0.7999 0.5575 -0.2221 0.5070 0.5625
42 -60.6140 -17.6867 69.7698 0.5994 0.7775 -0.1902 0.2198 0.4100
42 -61.3986 -4.4040 91.7857 0.5152 0.8009 -0.3053 0.2424 0.6608
fireeffect.jpg
42 -61.3986 -4.4040 91.7857 0.5152 0.8009 -0.3053 0.2424 0.6608
42 -85.9150 9.8553 93.5261 0.8285 0.5375 -0.1568 0.5076 0.7005
42 -86.9949 7.5855 80.0425 0.7999 0.5575 -0.2221 0.5070 0.5625
fireeffect.jpg
42 -86.9949 7.5855 80.0425 0.7999 0.5575 -0.2221 0.5070 0.5625
42 -85.9150 9.8553 93.5261 0.8285 0.5375 -0.1568 0.5076 0.7005
42 -87.1325 8.6616 79.7599 0.9899 0.1004 -0.0996 0.5074 0.5628
fireeffect.jpg
42 -96.0116 0.5324 80.9016 -0.9195 0.3773 0.1106 0.6135 0.5440
42 -87.1325 8.6616 79.7599 -0.6635 0.7438 -0.0808 0.5074 0.5628
42 -85.9150 9.8553 93.5261 -0.7032 0.7099 0.0382 0.5076 0.7005
fireeffect.jpg
42 -85.9150 9.8553 93.5261 -0.7032 0.7099 0.0382 0.5076 0.7005
42 -92.6234 2.0925 98.4141 -0.8311 0.5551 0.0334 0.5932 0.7206
42 -96.0116 0.5324 80.9016 -0.9195 0.3773 0.1106 0.6135 0.5440
fireeffect.jpg
42 -86.5925 -40.4542 61.7883 0.0863 -0.6119 -0.7862 0.5175 0.2482
42 -78.1503 -26.0181 51.4678 0.2245 -0.5004 -0.8362 0.4020 0.1958
42 -90.3089 -27.1393 52.0645 0.0144 -0.5871 -0.8094 0.5391 0.1894
fireeffect.jpg
42 -95.3606 -16.5294 56.2950 -0.7551 0.1974 -0.6252 0.5924 0.2571
42 -98.7575 -27.1523 60.9226 -0.7238 0.1075 -0.6816 0.6428 0.2690
42 -90.3089 -27.1393 52.0645 -0.6213 0.0166 -0.7834 0.5391 0.1894
fireeffect.jpg
42 -78.1503 -26.0181 51.4678 0.0688 0.0963 -0.9930 0.4020 0.1958
42 -87.3941 -10.2269 52.3590 0.1206 0.2411 -0.9630 0.4948 0.2429
42 -90.3089 -27.1393 52.0645 -0.0514 0.0262 -0.9983 0.5391 0.1894
fireeffect.jpg
42 -93.1747 -33.0285 61.4049 -0.4568 -0.7505 -0.4776 0.5852 0.2609
42 -86.5925 -40.4542 61.7883 -0.6579 -0.4697 -0.5887 0.5175 0.2482
42 -90.3089 -27.1393 52.0645 -0.5962 -0.5838 -0.5511 0.5391 0.1894
fireeffect.jpg
42 -98.7575 -27.1523 60.9226 -0.5870 -0.3950 -0.7066 0.6428 0.2690
42 -93.1747 -33.0285 61.4049 -0.4568 -0.7505 -0.4776 0.5852 0.2609
42 -90.3089 -27.1393 52.0645 -0.5962 -0.5838 -0.5511 0.5391 0.1894
fireeffect.jpg
42 -87.3941 -10.2269 52.3590 -0.6613 0.2202 -0.7171 0.4948 0.2429
42 -95.3606 -16.5294 56.2950 -0.7551 0.1974 -0.6252 0.5924 0.2571
42 -90.3089 -27.1393 52.0645 -0.6213 0.0166 -0.7834 0.5391 0.1894
fireeffect.jpg
19 -17.9729 -4.9905 166.4053 -0.6415 0.6482 0.4102 0.3297 0.6719
19 -39.6735 -13.5682 150.6142 -0.6053 0.6259 0.4918 0.0962 0.5522
19 -41.5603 -30.5414 169.8954 -0.6415 0.6482 0.4102 0.0581 0.8372
fireeffect.jpg
19 -41.5603 -30.5414 169.8954 -0.6415 0.6482 0.4102 0.0581 0.8372
19 -28.1600 -22.6219 181.4068 -0.6723 0.6651 0.3251 0.2075 0.9140
19 -17.9729 -4.9905 166.4053 -0.6415 0.6482 0.4102 0.3297 0.6719
fireeffect.jpg
19 -43.7759 -21.5027 145.1734 -0.7486 -0.0035 -0.6630 0.0405 0.5403
19 -28.7098 -3.5068 129.6802 -0.7490 0.0588 -0.6600 0.2108 0.2938
19 -28.6254 -20.5917 128.0615 -0.7486 -0.0035 -0.6630 0.1825 0.3729
fireeffect.jpg
19 -28.6254 -20.5917 128.0615 -0.7486 -0.0035 -0.6630 0.1825 0.3729
19 -34.7088 -34.2292 136.2481 -0.7454 -0.0658 -0.6634 0.1040 0.5271
19 -43.7759 -21.5027 145.1734 -0.7486 -0.0035 -0.6630 0.0405 0.5403
fireeffect.jpg
19 -12.1663 -39.1661 178.6387 -0.3651 -0.3848 0.8477 0.3350 0.9866
19 -28.1600 -22.6219 181.4068 -0.3781 -0.4963 0.7815 0.2075 0.9140
19 -41.5603 -30.5414 169.8954 -0.3651 -0.3848 0.8477 0.0581 0.8372
fireeffect.jpg
19 -41.5603 -30.5414 169.8954 -0.3651 -0.3848 0.8477 0.0581 0.8372
19 -39.0377 -42.0492 167.4511 -0.3459 -0.2669 0.8995 0.0626 0.8782
19 -12.1663 -39.1661 178.6387 -0.3651 -0.3848 0.8477 0.3350 0.9866
fireeffect.jpg
19 -9.2720 -53.7556 150.1205 0.0005 -0.8869 0.4619 0.3263 0.7861
19 9.0506 -55.9644 151.7595 0.1095 -0.7874 0.6066 0.5025 0.8238
19 6.4262 -45.7232 165.5264 0.1284 -0.8716 0.4731 0.5000 0.9021
fireeffect.jpg
19 6.4262 -45.7232 165.5264 0.1284 -0.8716 0.4731 0.5000 0.9021
19 -11.6429 -49.7875 162.2747 0.1495 -0.9310 0.3331 0.3152 0.8835
19 -9.2720 -53.7556 150.1205 0.0005 -0.8869 0.4619 0.3263 0.7861
fireeffect.jpg
19 -28.1600 -22.6219 181.4068 0.2020 -0.0007 0.9794 0.2075 0.9140
19 -12.1663 -39.1661 178.6387 0.2144 0.0440 0.9758 0.3350 0.9866
19 3.6565 -31.9562 174.8379 -0.0383 -0.0427 0.9984 0.5000 0.9165
fireeffect.jpg
19 3.6565 -31.9562 174.8379 -0.0383 -0.0427 0.9984 0.5000 0.9165
19 0.1790 -11.9663 176.4312 -0.0310 -0.0848 0.9959 0.5000 0.8193
19 -28.1600 -22.6219 181.4068 0.2020 -0.0007 0.9794 0.2075 0.9140
fireeffect.jpg
19 -1.9076 2.2378 169.1426 -0.1420 0.6291 0.7642 0.5000 0.6668
19 -17.9729 -4.9905 166.4053 -0.4176 0.7166 0.5586 0.3297 0.6719
19 -28.1600 -22.6219 181.4068 -0.2260 0.6124 0.7576 0.2075 0.9140
fireeffect.jpg
19 -28.1600 -22.6219 181.4068 -0.2260 0.6124 0.7576 0.2075 0.9140
19 0.1790 -11.9663 176.4312 -0.1156 0.4400 0.8905 0.5000 0.8193
19 -1.9076 2.2378 169.1426 -0.1420 0.6291 0.7642 0.5000 0.6668
fireeffect.jpg
19 -14.5730 -24.4841 115.9309 -0.4460 -0.2005 -0.8723 0.3080 0.2811
19 4.5515 -18.6449 105.5465 0.0531 -0.0446 -0.9976 0.5000 0.1550
19 6.1317 -28.0580 106.0517 0.0647 -0.1141 -0.9914 0.5000 0.2132
fireeffect.jpg
19 -14.5730 -24.4841 115.9309 -0.4460 -0.2005 -0.8723 0.3080 0.2811
19 6.1317 -28.0580 106.0517 0.0647 -0.1141 -0.9914 0.5000 0.2132
19 -4.7632 -36.4053 114.1682 -0.4457 -0.2392 -0.8626 0.3832 0.3348
fireeffect.jpg
19 -14.5730 -24.4841 115.9309 -0.4460 -0.2005 -0.8723 0.3080 0.2811
19 -4.7632 -36.4053 114.1682 -0.4457 -0.2392 -0.8626 0.3832 0.3348
19 -13.4191 -40.7043 119.7139 -0.4397 -0.2336 -0.8673 0.2939 0.4095
fireeffect.jpg
19 -8.2542 -41.2839 119.6171 -0.0027 -0.5960 -0.8030 0.3434 0.4144
19 -11.6167 -53.0342 128.9575 0.0723 -0.6332 -0.7706 0.2951 0.5709
19 -20.1695 -55.8642 130.4807 -0.0027 -0.5960 -0.8030 0.2075 0.5975
fireeffect.jpg
19 -20.1695 -55.8642 130.4807 -0.0027 -0.5960 -0.8030 0.2075 0.5975
19 -13.4191 -40.7043 119.7139 -0.0777 -0.5541 -0.8288 0.2939 0.4095
19 -8.2542 -41.2839 119.6171 -0.0027 -0.5960 -0.8030 0.3434 0.4144
fireeffect.jpg
19 -9.2720 -53.7556 150.1205 0.0372 -0.9956 0.0863 0.3263 0.7861
19 -20.3971 -51.8091 146.8951 -0.2321 -0.9451 0.2302 0.2194 0.7378
19 -20.1695 -55.8642 130.4807 0.0372 -0.9956 0.0863 0.2075 0.5975
fireeffect.jpg
19 -20.1695 -55.8642 130.4807 0.0372 -0.9956 0.0863 0.2075 0.5975
19 -11.6167 -53.0342 128.9575 0.3028 -0.9508 -0.0660 0.2951 0.5709
19 -9.2720 -53.7556 150.1205 0.0372 -0.9956 0.0863 0.3263 0.7861
fireeffect.jpg
19 -35.0721 -48.5095 152.6901 -0.8498 -0.5222 -0.0720 0.0840 0.7696
19 -39.0377 -42.0492 167.4511 -0.8491 -0.5283 0.0031 0.0626 0.8782
19 -44.9854 -32.5680 154.0609 -0.8498 -0.5222 -0.0720 0.0142 0.6896
fireeffect.jpg
19 -44.9854 -32.5680 154.0609 -0.8498 -0.5222 -0.0720 0.0142 0.6896
19 -33.0152 -48.2247 139.8311 -0.8456 -0.5132 -0.1466 0.0988 0.6414
19 -35.0721 -48.5095 152.6901 -0.8498 -0.5222 -0.0720 0.0840 0.7696
fireeffect.jpg
19 3.6565 -31.9562 174.8379 0.0900 -0.7145 0.6938 0.5000 0.9165
19 -12.1663 -39.1661 178.6387 0.4560 -0.7398 0.4948 0.3350 0.9866
19 -11.6429 -49.7875 162.2747 0.2278 -0.6838 0.6932 0.3152 0.8835
fireeffect.jpg
19 -11.6429 -49.7875 162.2747 0.2278 -0.6838 0.6932 0.3152 0.8835
19 6.4262 -45.7232 165.5264 0.0560 -0.5516 0.8322 0.5000 0.9021
19 3.6565 -31.9562 174.8379 0.0900 -0.7145 0.6938 0.5000 0.9165
fireeffect.jpg
19 -11.6429 -49.7875 162.2747 -0.0563 -0.9853 0.1616 0.3152 0.8835
19 -27.9094 -51.9472 161.4910 0.1287 -0.9901 0.0569 0.1522 0.8797
19 -20.3971 -51.8091 146.8951 -0.0563 -0.9853 0.1616 0.2194 0.7378
fireeffect.jpg
19 -20.3971 -51.8091 146.8951 -0.0563 -0.9853 0.1616 0.2194 0.7378
19 -9.2720 -53.7556 150.1205 -0.2388 -0.9359 0.2590 0.3263 0.7861
19 -11.6429 -49.7875 162.2747 -0.0563 -0.9853 0.1616 0.3152 0.8835
fireeffect.jpg
19 -11.6429 -49.7875 162.2747 0.0846 -0.8346 0.5444 0.3152 0.8835
19 -12.1663 -39.1661 178.6387 0.0846 -0.8346 0.5444 0.3350 0.9866
19 -27.9094 -51.9472 161.4910 0.0846 -0.8346 0.5444 0.1522 0.8797
fireeffect.jpg
19 9.0506 -55.9644 151.7595 0.1772 -0.9827 0.0543 0.5025 0.8238
19 -9.2720 -53.7556 150.1205 -0.1178 -0.9928 -0.0208 0.3263 0.7861
19 -11.6167 -53.0342 128.9575 -0.1966 -0.9791 0.0524 0.2951 0.5709
fireeffect.jpg
19 -11.6167 -53.0342 128.9575 -0.1966 -0.9791 0.0524 0.2951 0.5709
19 9.4592 -57.3165 142.3347 0.1814 -0.9723 0.1474 0.5000 0.7379
19 9.0506 -55.9644 151.7595 0.1772 -0.9827 0.0543 0.5025 0.8238
fireeffect.jpg
19 -20.3971 -51.8091 146.8951 -0.2727 -0.9504 -0.1493 0.2194 0.7378
19 -27.9094 -51.9472 161.4910 -0.2727 -0.9504 -0.1493 0.1522 0.8797
19 -35.0721 -48.5095 152.6901 -0.2727 -0.9504 -0.1493 0.0840 0.7696
fireeffect.jpg
19 -27.9094 -51.9472 161.4910 -0.4333 -0.7696 0.4690 0.1522 0.8797
19 -12.1663 -39.1661 178.6387 -0.2214 -0.6735 0.7052 0.3350 0.9866
19 -39.0377 -42.0492 167.4511 -0.4333 -0.7696 0.4690 0.0626 0.8782
fireeffect.jpg
19 -13.4191 -40.7043 119.7139 -0.0929 -0.7115 -0.6965 0.2939 0.4095
19 -4.7632 -36.4053 114.1682 -0.0929 -0.7115 -0.6965 0.3832 0.3348
19 -8.2542 -41.2839 119.6171 -0.0929 -0.7115 -0.6965 0.3434 0.4144
fireeffect.jpg
19 -8.2542 -41.2839 119.6171 -0.5205 -0.6355 -0.5702 0.3434 0.4144
19 -3.0606 -45.2846 115.3260 -0.7198 -0.6361 -0.2781 0.3856 0.3966
19 -0.0767 -52.9661 125.1731 -0.5205 -0.6355 -0.5702 0.4064 0.5386
fireeffect.jpg
19 -0.0767 -52.9661 125.1731 -0.5205 -0.6355 -0.5702 0.4064 0.5386
19 -11.6167 -53.0342 128.9575 -0.2561 -0.5555 -0.7911 0.2951 0.5709
19 -8.2542 -41.2839 119.6171 -0.5205 -0.6355 -0.5702 0.3434 0.4144
fireeffect.jpg
19 -11.6167 -53.0342 128.9575 -0.1152 -0.9474 -0.2987 0.2951 0.5709
19 -0.0767 -52.9661 125.1731 -0.1342 -0.8950 -0.4255 0.4064 0.5386
19 9.7523 -54.4370 125.1660 0.1874 -0.9504 -0.2484 0.5000 0.5516
fireeffect.jpg
19 9.7523 -54.4370 125.1660 0.1874 -0.9504 -0.2484 0.5000 0.5516
19 9.4592 -57.3165 142.3347 0.1938 -0.9681 -0.1591 0.5000 0.7379
19 -11.6167 -53.0342 128.9575 -0.1152 -0.9474 -0.2987 0.2951 0.5709
fireeffect.jpg
19 -28.6254 -20.5917 128.0615 -0.6542 -0.1909 -0.7318 0.1825 0.3729
19 -14.5730 -24.4841 115.9309 -0.6716 -0.2133 -0.7096 0.3080 0.2811
19 -13.4191 -40.7043 119.7139 -0.6542 -0.1909 -0.7318 0.2939 0.4095
fireeffect.jpg
19 -13.4191 -40.7043 119.7139 -0.6542 -0.1909 -0.7318 0.2939 0.4095
19 -34.7088 -34.2292 136.2481 -0.6361 -0.1683 -0.7531 0.1040 0.5271
19 -28.6254 -20.5917 128.0615 -0.6542 -0.1909 -0.7318 0.1825 0.3729
fireeffect.jpg
19 -33.0152 -48.2247 139.8311 -0.3133 -0.9463 0.0795 0.0988 0.6414
19 -20.1695 -55.8642 130.4807 -0.3773 -0.9003 0.2172 0.2075 0.5975
19 -20.3971 -51.8091 146.8951 -0.3133 -0.9463 0.0795 0.2194 0.7378
fireeffect.jpg
19 -20.3971 -51.8091 146.8951 -0.3133 -0.9463 0.0795 0.2194 0.7378
19 -35.0721 -48.5095 152.6901 -0.2415 -0.9685 -0.0601 0.0840 0.7696
19 -33.0152 -48.2247 139.8311 -0.3133 -0.9463 0.0795 0.0988 0.6414
fireeffect.jpg
19 -44.9854 -32.5680 154.0609 -0.9777 0.0197 0.2090 0.0142 0.6896
19 -39.0377 -42.0492 167.4511 -0.9377 -0.2556 0.2355 0.0626 0.8782
19 -41.5603 -30.5414 169.8954 -0.9777 0.0197 0.2090 0.0581 0.8372
fireeffect.jpg
19 -41.5603 -30.5414 169.8954 -0.9777 0.0197 0.2090 0.0581 0.8372
19 -39.6735 -13.5682 150.6142 -0.9415 0.2933 0.1661 0.0962 0.5522
19 -44.9854 -32.5680 154.0609 -0.9777 0.0197 0.2090 0.0142 0.6896
fireeffect.jpg
19 -43.7759 -21.5027 145.1734 -0.7061 0.6972 -0.1237 0.0405 0.5403
19 -39.6735 -13.5682 150.6142 -0.6712 0.6228 -0.4021 0.0962 0.5522
19 -15.4109 6.5292 141.2439 -0.7061 0.6972 -0.1237 0.3627 0.3593
fireeffect.jpg
19 -15.4109 6.5292 141.2439 -0.7061 0.6972 -0.1237 0.3627 0.3593
19 -28.7098 -3.5068 129.6802 -0.6816 0.7128 0.1652 0.2108 0.2938
19 -43.7759 -21.5027 145.1734 -0.7061 0.6972 -0.1237 0.0405 0.5403
fireeffect.jpg
19 4.5515 -18.6449 105.5465 0.0831 -0.2281 -0.9701 0.5000 0.1550
19 -14.5730 -24.4841 115.9309 -0.3744 -0.3209 -0.8700 0.3080 0.2811
19 -11.0255 -2.8476 106.4225 -0.3317 -0.2771 -0.9018 0.3744 0.0680
fireeffect.jpg
19 -11.0255 -2.8476 106.4225 -0.3317 -0.2771 -0.9018 0.3744 0.0680
19 1.5944 -0.3016 101.8836 0.0760 -0.1835 -0.9801 0.5000 0.0150
19 4.5515 -18.6449 105.5465 0.0831 -0.2281 -0.9701 0.5000 0.1550
fireeffect.jpg
19 -14.5730 -24.4841 115.9309 -0.5997 -0.2967 -0.7432 0.3080 0.2811
19 -28.6254 -20.5917 128.0615 -0.6682 -0.3214 -0.6709 0.1825 0.3729
19 -23.0812 -4.3477 114.7572 -0.5997 -0.2967 -0.7432 0.2578 0.1531
fireeffect.jpg
19 -23.0812 -4.3477 114.7572 -0.5997 -0.2967 -0.7432 0.2578 0.1531
19 -11.0255 -2.8476 106.4225 -0.5249 -0.2688 -0.8076 0.3744 0.0680
19 -14.5730 -24.4841 115.9309 -0.5997 -0.2967 -0.7432 0.3080 0.2811
fireeffect.jpg
19 -23.0812 -4.3477 114.7572 -0.9350 0.0230 -0.3539 0.2578 0.1531
19 -28.6254 -20.5917 128.0615 -0.9347 0.0289 -0.3542 0.1825 0.3729
19 -28.7098 -3.5068 129.6802 -0.9350 0.0230 -0.3539 0.2108 0.2938
fireeffect.jpg
19 -28.7098 -3.5068 129.6802 -0.9350 0.0230 -0.3539 0.2108 0.2938
19 -26.7866 2.3526 124.8764 -0.9352 0.0170 -0.3537 0.2372 0.2144
19 -23.0812 -4.3477 114.7572 -0.9350 0.0230 -0.3539 0.2578 0.1531
fireeffect.jpg
19 -26.7866 2.3526 124.8764 -0.8070 0.3581 0.4695 0.2372 0.2144
19 -28.7098 -3.5068 129.6802 -0.7439 0.5525 0.3761 0.2108 0.2938
19 -15.4109 6.5292 141.2439 -0.8070 0.3581 0.4695 0.3627 0.3593
fireeffect.jpg
19 -15.4109 6.5292 141.2439 -0.8070 0.3581 0.4695 0.3627 0.3593
19 -19.3756 17.8650 132.0840 -0.8294 0.1457 0.5393 0.3387 0.2033
19 -26.7866 2.3526 124.8764 -0.8070 0.3581 0.4695 0.2372 0.2144
fireeffect.jpg
19 -19.3756 17.8650 132.0840 -0.4421 0.5906 0.6750 0.3387 0.2033
19 -15.4109 6.5292 141.2439 -0.5648 0.3901 0.7272 0.3627 0.3593
19 -2.5928 11.8306 148.3558 -0.1479 0.6743 0.7235 0.5000 0.4067
fireeffect.jpg
19 -2.5928 11.8306 148.3558 -0.1479 0.6743 0.7235 0.5000 0.4067
19 -4.0997 25.7010 129.6102 -0.1612 0.7871 0.5954 0.5000 0.1426
19 -19.3756 17.8650 132.0840 -0.4421 0.5906 0.6750 0.3387 0.2033
fireeffect.jpg
19 -39.6735 -13.5682 150.6142 -0.5343 0.7878 0.3063 0.0962 0.5522
19 -17.9729 -4.9905 166.4053 -0.5343 0.7878 0.3063 0.3297 0.6719
19 -15.4109 6.5292 141.2439 -0.5343 0.7878 0.3063 0.3627 0.3593
fireeffect.jpg
19 -17.9729 -4.9905 166.4053 -0.4702 0.8088 0.3531 0.3297 0.6719
19 -1.9076 2.2378 169.1426 -0.1711 0.8924 0.4175 0.5000 0.6668
19 -2.5928 11.8306 148.3558 -0.1720 0.9062 0.3863 0.5000 0.4067
fireeffect.jpg
19 -2.5928 11.8306 148.3558 -0.1720 0.9062 0.3863 0.5000 0.4067
19 -15.4109 6.5292 141.2439 -0.5069 0.8021 0.3156 0.3627 0.3593
19 -17.9729 -4.9905 166.4053 -0.4702 0.8088 0.3531 0.3297 0.6719
fireeffect.jpg
19 9.7523 -54.4370 125.1660 0.1576 -0.7549 -0.6366 0.5000 0.5516
19 -0.0767 -52.9661 125.1731 -0.1202 -0.8001 -0.5877 0.4064 0.5386
19 -3.0606 -45.2846 115.3260 -0.0683 -0.7733 -0.6303 0.3856 0.3966
fireeffect.jpg
19 -3.0606 -45.2846 115.3260 -0.0683 -0.7733 -0.6303 0.3856 0.3966
19 8.5913 -44.7501 114.4529 0.1541 -0.7245 -0.6718 0.5000 0.3908
19 9.7523 -54.4370 125.1660 0.1576 -0.7549 -0.6366 0.5000 0.5516
fireeffect.jpg
19 8.5913 -44.7501 114.4529 0.1142 -0.4306 -0.8953 0.5000 0.3908
19 -3.0606 -45.2846 115.3260 -0.0495 -0.4094 -0.9110 0.3856 0.3966
19 0.1183 -37.9346 111.8499 -0.0951 -0.4562 -0.8848 0.4274 0.3228
fireeffect.jpg
19 0.1183 -37.9346 111.8499 -0.0951 -0.4562 -0.8848 0.4274 0.3228
19 7.2055 -35.1695 109.0649 0.1204 -0.4733 -0.8726 0.5000 0.2832
19 8.5913 -44.7501 114.4529 0.1142 -0.4306 -0.8953 0.5000 0.3908
fireeffect.jpg
19 -3.0606 -45.2846 115.3260 -0.6019 -0.2157 -0.7689 0.3856 0.3966
19 -8.2542 -41.2839 119.6171 -0.7174 -0.2236 -0.6598 0.3434 0.4144
19 -4.7632 -36.4053 114.1682 -0.6019 -0.2157 -0.7689 0.3832 0.3348
fireeffect.jpg
19 -4.7632 -36.4053 114.1682 -0.6019 -0.2157 -0.7689 0.3832 0.3348
19 0.1183 -37.9346 111.8499 -0.4711 -0.2023 -0.8586 0.4274 0.3228
19 -3.0606 -45.2846 115.3260 -0.6019 -0.2157 -0.7689 0.3856 0.3966
fireeffect.jpg
19 0.1183 -37.9346 111.8499 -0.3375 -0.3152 -0.8870 0.4274 0.3228
19 -4.7632 -36.4053 114.1682 -0.4729 -0.2138 -0.8548 0.3832 0.3348
19 6.1317 -28.0580 106.0517 0.0897 -0.2695 -0.9588 0.5000 0.2132
fireeffect.jpg
19 6.1317 -28.0580 106.0517 0.0897 -0.2695 -0.9588 0.5000 0.2132
19 7.2055 -35.1695 109.0649 0.1058 -0.3743 -0.9212 0.5000 0.2832
19 0.1183 -37.9346 111.8499 -0.3375 -0.3152 -0.8870 0.4274 0.3228
fireeffect.jpg
19 -11.0255 -2.8476 106.4225 -0.3812 0.4597 -0.8021 0.3744 0.0680
19 -1.2526 13.8747 111.3608 -0.0551 0.5473 -0.8351 0.5000 0.0287
19 1.5944 -0.3016 101.8836 -0.0551 0.5473 -0.8351 0.5000 0.0150
fireeffect.jpg
19 -23.0812 -4.3477 114.7572 -0.5312 0.5102 -0.6765 0.2578 0.1531
19 -1.2526 13.8747 111.3608 -0.0796 0.6661 -0.7416 0.5000 0.0287
19 -11.0255 -2.8476 106.4225 -0.5312 0.5102 -0.6765 0.3744 0.0680
fireeffect.jpg
19 -26.7866 2.3526 124.8764 -0.5702 0.5733 -0.5884 0.2372 0.2144
19 -1.2526 13.8747 111.3608 -0.0986 0.7532 -0.6504 0.5000 0.0287
19 -23.0812 -4.3477 114.7572 -0.5702 0.5733 -0.5884 0.2578 0.1531
fireeffect.jpg
19 -19.3756 17.8650 132.0840 -0.5708 0.5542 -0.6059 0.3387 0.2033
19 -1.2526 13.8747 111.3608 -0.0944 0.7343 -0.6722 0.5000 0.0287
19 -26.7866 2.3526 124.8764 -0.5708 0.5542 -0.6059 0.2372 0.2144
fireeffect.jpg
19 -4.0997 25.7010 129.6102 -0.1153 0.8253 -0.5528 0.5000 0.1426
19 -1.2526 13.8747 111.3608 -0.1153 0.8253 -0.5528 0.5000 0.0287
19 -19.3756 17.8650 132.0840 -0.4528 0.7143 -0.5336 0.3387 0.2033
fireeffect.jpg
19 -13.4191 -40.7043 119.7139 -0.6485 -0.2414 -0.7219 0.2939 0.4095
19 -20.1695 -55.8642 130.4807 -0.6563 -0.2203 -0.7216 0.2075 0.5975
19 -33.0152 -48.2247 139.8311 -0.6485 -0.2414 -0.7219 0.0988 0.6414
fireeffect.jpg
19 -33.0152 -48.2247 139.8311 -0.6485 -0.2414 -0.7219 0.0988 0.6414
19 -34.7088 -34.2292 136.2481 -0.6404 -0.2623 -0.7219 0.1040 0.5271
19 -13.4191 -40.7043 119.7139 -0.6485 -0.2414 -0.7219 0.2939 0.4095
fireeffect.jpg
19 -43.7759 -21.5027 145.1734 -0.8448 -0.2451 -0.4757 0.0405 0.5403
19 -34.7088 -34.2292 136.2481 -0.8277 -0.2311 -0.5114 0.1040 0.5271
19 -33.0152 -48.2247 139.8311 -0.8448 -0.2451 -0.4757 0.0988 0.6414
fireeffect.jpg
19 -33.0152 -48.2247 139.8311 -0.8448 -0.2451 -0.4757 0.0988 0.6414
19 -44.9854 -32.5680 154.0609 -0.8604 -0.2587 -0.4391 0.0142 0.6896
19 -43.7759 -21.5027 145.1734 -0.8448 -0.2451 -0.4757 0.0405 0.5403
fireeffect.jpg
19 -44.9854 -32.5680 154.0609 -0.9193 0.3027 0.2517 0.0142 0.6896
19 -39.6735 -13.5682 150.6142 -0.9193 0.3027 0.2517 0.0962 0.5522
19 -43.7759 -21.5027 145.1734 -0.9193 0.3027 0.2517 0.0405 0.5403
fireeffect.jpg
19 -27.9094 -51.9472 161.4910 -0.4333 -0.7696 0.4690 0.1522 0.8797
19 -39.0377 -42.0492 167.4511 -0.4333 -0.7696 0.4690 0.0626 0.8782
19 -35.0721 -48.5095 152.6901 -0.5976 -0.7810 0.1813 0.0840 0.7696
fireeffect.jpg
19 46.1163 -15.6082 173.8967 0.3524 0.8175 0.4555 0.9419 0.8372
19 40.4427 0.0774 154.2704 0.3184 0.7833 0.5339 0.9038 0.5522
19 15.8192 0.7650 167.9475 0.3524 0.8175 0.4555 0.6703 0.6719
fireeffect.jpg
19 15.8192 0.7650 167.9475 0.3524 0.8175 0.4555 0.6703 0.6719
19 29.8888 -12.7349 184.0560 0.3833 0.8448 0.3733 0.7925 0.9140
19 46.1163 -15.6082 173.8967 0.3524 0.8175 0.4555 0.9419 0.8372
fireeffect.jpg
19 34.3777 -9.8609 130.9368 0.7633 0.2540 -0.5940 0.8175 0.3729
19 28.6693 6.2661 132.2988 0.7428 0.3129 -0.5919 0.7892 0.2938
19 47.4007 -5.9734 149.3345 0.7633 0.2540 -0.5940 0.9595 0.5403
fireeffect.jpg
19 47.4007 -5.9734 149.3345 0.7633 0.2540 -0.5940 0.9595 0.5403
19 43.8749 -20.8448 139.8344 0.7809 0.1942 -0.5938 0.8960 0.5271
19 34.3777 -9.8609 130.9368 0.7633 0.2540 -0.5940 0.8175 0.3729
fireeffect.jpg
19 46.1163 -15.6082 173.8967 0.3952 -0.2554 0.8824 0.9419 0.8372
19 29.8888 -12.7349 184.0560 0.4500 -0.3552 0.8193 0.7925 0.9140
19 20.5704 -33.5904 180.1327 0.3952 -0.2554 0.8824 0.6650 0.9866
fireeffect.jpg
19 20.5704 -33.5904 180.1327 0.3952 -0.2554 0.8824 0.6650 0.9866
19 47.7641 -27.2650 171.4125 0.3336 -0.1512 0.9305 0.9374 0.8782
19 46.1163 -15.6082 173.8967 0.3952 -0.2554 0.8824 0.9419 0.8372
fireeffect.jpg
19 6.4262 -45.7232 165.5264 0.1284 -0.8716 0.4731 0.5000 0.9021
19 9.0506 -55.9644 151.7595 0.1095 -0.7874 0.6066 0.5025 0.8238
19 25.1951 -47.8851 151.6935 0.2542 -0.8416 0.4765 0.6737 0.7861
fireeffect.jpg
19 25.1951 -47.8851 151.6935 0.2542 -0.8416 0.4765 0.6737 0.7861
19 25.0362 -43.5403 163.9486 0.1376 -0.9330 0.3326 0.6848 0.8835
19 6.4262 -45.7232 165.5264 0.1284 -0.8716 0.4731 0.5000 0.9021
fireeffect.jpg
19 3.6565 -31.9562 174.8379 -0.0383 -0.0427 0.9984 0.5000 0.9165
19 20.5704 -33.5904 180.1327 -0.3023 -0.0440 0.9522 0.6650 0.9866
19 29.8888 -12.7349 184.0560 -0.2763 -0.0821 0.9576 0.7925 0.9140
fireeffect.jpg
19 29.8888 -12.7349 184.0560 -0.2763 -0.0821 0.9576 0.7925 0.9140
19 0.1790 -11.9663 176.4312 -0.0310 -0.0848 0.9959 0.5000 0.8193
19 3.6565 -31.9562 174.8379 -0.0383 -0.0427 0.9984 0.5000 0.9165
fireeffect.jpg
19 29.8888 -12.7349 184.0560 -0.0570 0.6412 0.7653 0.7925 0.9140
19 15.8192 0.7650 167.9475 0.1062 0.8058 0.5826 0.6703 0.6719
19 -1.9076 2.2378 169.1426 -0.1420 0.6291 0.7642 0.5000 0.6668
fireeffect.jpg
19 -1.9076 2.2378 169.1426 -0.1420 0.6291 0.7642 0.5000 0.6668
19 0.1790 -11.9663 176.4312 -0.1156 0.4400 0.8905 0.5000 0.8193
19 29.8888 -12.7349 184.0560 -0.0570 0.6412 0.7653 0.7925 0.9140
fireeffect.jpg
19 23.5326 -17.9939 117.6699 0.5626 -0.0287 -0.8263 0.6920 0.2811
19 27.4721 -33.7397 121.5801 0.5671 -0.0621 -0.8213 0.7061 0.4095
19 18.4089 -32.4586 115.2258 0.5742 -0.0655 -0.8161 0.6168 0.3348
fireeffect.jpg
19 23.5326 -17.9939 117.6699 0.5626 -0.0287 -0.8263 0.6920 0.2811
19 18.4089 -32.4586 115.2258 0.5742 -0.0655 -0.8161 0.6168 0.3348
19 6.1317 -28.0580 106.0517 0.0647 -0.1141 -0.9914 0.5000 0.2132
fireeffect.jpg
19 23.5326 -17.9939 117.6699 0.5626 -0.0287 -0.8263 0.6920 0.2811
19 6.1317 -28.0580 106.0517 0.0647 -0.1141 -0.9914 0.5000 0.2132
19 4.5515 -18.6449 105.5465 0.0531 -0.0446 -0.9976 0.5000 0.1550
fireeffect.jpg
19 37.8707 -45.9787 133.1295 0.2856 -0.5336 -0.7961 0.7925 0.5975
19 28.2758 -45.2868 129.6488 0.2405 -0.5800 -0.7783 0.6983 0.5543
19 22.8187 -35.9915 121.0352 0.2856 -0.5336 -0.7961 0.6566 0.4144
fireeffect.jpg
19 22.8187 -35.9915 121.0352 0.2856 -0.5336 -0.7961 0.6566 0.4144
19 27.4721 -33.7397 121.5801 0.3294 -0.4847 -0.8103 0.7061 0.4095
19 37.8707 -45.9787 133.1295 0.2856 -0.5336 -0.7961 0.7925 0.5975
fireeffect.jpg
19 37.8707 -45.9787 133.1295 0.2566 -0.9635 0.0762 0.7925 0.5975
19 35.2917 -42.3241 149.4366 0.5099 -0.8187 0.2641 0.7806 0.7378
19 25.1951 -47.8851 151.6935 0.2566 -0.9635 0.0762 0.6737 0.7861
fireeffect.jpg
19 25.1951 -47.8851 151.6935 0.2566 -0.9635 0.0762 0.6737 0.7861
19 28.2758 -45.2868 129.6488 -0.0277 -0.9923 -0.1208 0.6983 0.5543
19 37.8707 -45.9787 133.1295 0.2566 -0.9635 0.0762 0.7925 0.5975
fireeffect.jpg
19 51.4061 -16.1505 158.4599 0.9774 -0.2110 0.0114 0.9858 0.6896
19 47.7641 -27.2650 171.4125 0.9721 -0.2181 0.0862 0.9374 0.8782
19 47.4786 -34.4493 156.4575 0.9774 -0.2110 0.0114 0.9160 0.7696
fireeffect.jpg
19 47.4786 -34.4493 156.4575 0.9774 -0.2110 0.0114 0.9160 0.7696
19 46.5900 -34.6663 143.4641 0.9772 -0.2028 -0.0634 0.9012 0.6414
19 51.4061 -16.1505 158.4599 0.9774 -0.2110 0.0114 0.9858 0.6896
fireeffect.jpg
19 25.0362 -43.5403 163.9486 -0.0495 -0.7310 0.6805 0.6848 0.8835
19 20.5704 -33.5904 180.1327 -0.2278 -0.8563 0.4636 0.6650 0.9866
19 3.6565 -31.9562 174.8379 0.0900 -0.7145 0.6938 0.5000 0.9165
fireeffect.jpg
19 3.6565 -31.9562 174.8379 0.0900 -0.7145 0.6938 0.5000 0.9165
19 6.4262 -45.7232 165.5264 0.0560 -0.5516 0.8322 0.5000 0.9021
19 25.0362 -43.5403 163.9486 -0.0495 -0.7310 0.6805 0.6848 0.8835
fireeffect.jpg
19 35.2917 -42.3241 149.4366 0.3641 -0.9136 0.1808 0.7806 0.7378
19 41.1045 -40.1926 164.6406 0.2011 -0.9777 0.0602 0.8478 0.8797
19 25.0362 -43.5403 163.9486 0.3641 -0.9136 0.1808 0.6848 0.8835
fireeffect.jpg
19 25.0362 -43.5403 163.9486 0.3641 -0.9136 0.1808 0.6848 0.8835
19 25.1951 -47.8851 151.6935 0.5107 -0.8082 0.2932 0.6737 0.7861
19 35.2917 -42.3241 149.4366 0.3641 -0.9136 0.1808 0.7806 0.7378
fireeffect.jpg
19 25.0362 -43.5403 163.9486 0.1481 -0.8237 0.5473 0.6848 0.8835
19 41.1045 -40.1926 164.6406 0.1481 -0.8237 0.5473 0.8478 0.8797
19 20.5704 -33.5904 180.1327 0.1481 -0.8237 0.5473 0.6650 0.9866
fireeffect.jpg
19 28.2758 -45.2868 129.6488 0.5271 -0.8484 0.0486 0.6983 0.5543
19 25.1951 -47.8851 151.6935 0.4470 -0.8935 -0.0429 0.6737 0.7861
19 9.0506 -55.9644 151.7595 0.1772 -0.9827 0.0543 0.5025 0.8238
fireeffect.jpg
19 9.0506 -55.9644 151.7595 0.1772 -0.9827 0.0543 0.5025 0.8238
19 9.4592 -57.3165 142.3347 0.1814 -0.9723 0.1474 0.5000 0.7379
19 28.2758 -45.2868 129.6488 0.5271 -0.8484 0.0486 0.6983 0.5543
fireeffect.jpg
19 35.2917 -42.3241 149.4366 0.5835 -0.8046 -0.1103 0.7806 0.7378
19 47.4786 -34.4493 156.4575 0.5835 -0.8046 -0.1103 0.9160 0.7696
19 41.1045 -40.1926 164.6406 0.5835 -0.8046 -0.1103 0.8478 0.8797
fireeffect.jpg
19 41.1045 -40.1926 164.6406 0.6199 -0.5902 0.5171 0.8478 0.8797
19 47.7641 -27.2650 171.4125 0.6199 -0.5902 0.5171 0.9374 0.8782
19 20.5704 -33.5904 180.1327 0.3681 -0.5731 0.7321 0.6650 0.9866
fireeffect.jpg
19 27.4721 -33.7397 121.5801 0.3840 -0.6303 -0.6748 0.7061 0.4095
19 22.8187 -35.9915 121.0352 0.3840 -0.6303 -0.6748 0.6566 0.4144
19 18.4089 -32.4586 115.2258 0.3840 -0.6303 -0.6748 0.6168 0.3348
fireeffect.jpg
19 18.5019 -49.8017 126.0210 0.7448 -0.4200 -0.5185 0.5936 0.5386
19 19.6399 -41.4182 116.3620 0.9111 -0.3583 -0.2037 0.6144 0.3966
19 22.8187 -35.9915 121.0352 0.7448 -0.4200 -0.5185 0.6566 0.4144
fireeffect.jpg
19 22.8187 -35.9915 121.0352 0.7448 -0.4200 -0.5185 0.6566 0.4144
19 28.2758 -45.2868 129.6488 0.4813 -0.4268 -0.7656 0.6983 0.5543
19 18.5019 -49.8017 126.0210 0.7448 -0.4200 -0.5185 0.5936 0.5386
fireeffect.jpg
19 9.7523 -54.4370 125.1660 0.1874 -0.9504 -0.2484 0.5000 0.5516
19 18.5019 -49.8017 126.0210 0.4736 -0.8548 -0.2120 0.5936 0.5386
19 28.2758 -45.2868 129.6488 0.4698 -0.8651 -0.1755 0.6983 0.5543
fireeffect.jpg
19 28.2758 -45.2868 129.6488 0.4698 -0.8651 -0.1755 0.6983 0.5543
19 9.4592 -57.3165 142.3347 0.1938 -0.9681 -0.1591 0.5000 0.7379
19 9.7523 -54.4370 125.1660 0.1874 -0.9504 -0.2484 0.5000 0.5516
fireeffect.jpg
19 27.4721 -33.7397 121.5801 0.7426 0.0470 -0.6680 0.7061 0.4095
19 23.5326 -17.9939 117.6699 0.7644 0.0313 -0.6440 0.6920 0.2811
19 34.3777 -9.8609 130.9368 0.7426 0.0470 -0.6680 0.8175 0.3729
fireeffect.jpg
19 34.3777 -9.8609 130.9368 0.7426 0.0470 -0.6680 0.8175 0.3729
19 43.8749 -20.8448 139.8344 0.7200 0.0626 -0.6912 0.8960 0.5271
19 27.4721 -33.7397 121.5801 0.7426 0.0470 -0.6680 0.7061 0.4095
fireeffect.jpg
19 35.2917 -42.3241 149.4366 0.6000 -0.7907 0.1212 0.7806 0.7378
19 37.8707 -45.9787 133.1295 0.6328 -0.7282 0.2633 0.7925 0.5975
19 46.5900 -34.6663 143.4641 0.6000 -0.7907 0.1212 0.9012 0.6414
fireeffect.jpg
19 46.5900 -34.6663 143.4641 0.6000 -0.7907 0.1212 0.9012 0.6414
19 47.4786 -34.4493 156.4575 0.5522 -0.8334 -0.0239 0.9160 0.7696
19 35.2917 -42.3241 149.4366 0.6000 -0.7907 0.1212 0.7806 0.7378
fireeffect.jpg
19 46.1163 -15.6082 173.8967 0.8938 0.3384 0.2944 0.9419 0.8372
19 47.7641 -27.2650 171.4125 0.9447 0.0650 0.3214 0.9374 0.8782
19 51.4061 -16.1505 158.4599 0.8938 0.3384 0.2944 0.9858 0.6896
fireeffect.jpg
19 51.4061 -16.1505 158.4599 0.8938 0.3384 0.2944 0.9858 0.6896
19 40.4427 0.0774 154.2704 0.7731 0.5854 0.2444 0.9038 0.5522
19 46.1163 -15.6082 173.8967 0.8938 0.3384 0.2944 0.9419 0.8372
fireeffect.jpg
19 11.8332 11.1695 142.4872 0.4442 0.8931 -0.0712 0.6373 0.3593
19 40.4427 0.0774 154.2704 0.4605 0.8155 -0.3505 0.9038 0.5522
19 47.4007 -5.9734 149.3345 0.4442 0.8931 -0.0712 0.9595 0.5403
fireeffect.jpg
19 47.4007 -5.9734 149.3345 0.4442 0.8931 -0.0712 0.9595 0.5403
19 28.6693 6.2661 132.2988 0.3904 0.8954 0.2141 0.7892 0.2938
19 11.8332 11.1695 142.4872 0.4442 0.8931 -0.0712 0.6373 0.3593
fireeffect.jpg
19 13.8926 1.3965 107.5597 0.4831 -0.1383 -0.8646 0.6256 0.0680
19 23.5326 -17.9939 117.6699 0.5348 -0.1661 -0.8285 0.6920 0.2811
19 4.5515 -18.6449 105.5465 0.0831 -0.2281 -0.9701 0.5000 0.1550
fireeffect.jpg
19 4.5515 -18.6449 105.5465 0.0831 -0.2281 -0.9701 0.5000 0.1550
19 1.5944 -0.3016 101.8836 0.0760 -0.1835 -0.9801 0.5000 0.0150
19 13.8926 1.3965 107.5597 0.4831 -0.1383 -0.8646 0.6256 0.0680
fireeffect.jpg
19 24.9790 3.8380 116.9505 0.7273 -0.0707 -0.6826 0.7422 0.1531
19 34.3777 -9.8609 130.9368 0.7935 -0.0725 -0.6042 0.8175 0.3729
19 23.5326 -17.9939 117.6699 0.7273 -0.0707 -0.6826 0.6920 0.2811
fireeffect.jpg
19 23.5326 -17.9939 117.6699 0.7273 -0.0707 -0.6826 0.6920 0.2811
19 13.8926 1.3965 107.5597 0.6535 -0.0681 -0.7538 0.6256 0.0680
19 24.9790 3.8380 116.9505 0.7273 -0.0707 -0.6826 0.7422 0.1531
fireeffect.jpg
19 28.6693 6.2661 132.2988 0.9023 0.3359 -0.2701 0.7892 0.2938
19 34.3777 -9.8609 130.9368 0.9001 0.3415 -0.2704 0.8175 0.3729
19 24.9790 3.8380 116.9505 0.9023 0.3359 -0.2701 0.7422 0.1531
fireeffect.jpg
19 24.9790 3.8380 116.9505 0.9023 0.3359 -0.2701 0.7422 0.1531
19 25.3516 11.2329 127.2559 0.9045 0.3303 -0.2697 0.7628 0.2144
19 28.6693 6.2661 132.2988 0.9023 0.3359 -0.2701 0.7892 0.2938
fireeffect.jpg
19 11.8332 11.1695 142.4872 0.5985 0.5975 0.5337 0.6373 0.3593
19 28.6693 6.2661 132.2988 0.4832 0.7615 0.4321 0.7892 0.2938
19 25.3516 11.2329 127.2559 0.5985 0.5975 0.5337 0.7628 0.2144
fireeffect.jpg
19 25.3516 11.2329 127.2559 0.5985 0.5975 0.5337 0.7628 0.2144
19 12.6247 23.3153 133.5445 0.6835 0.4034 0.6083 0.6613 0.2033
19 11.8332 11.1695 142.4872 0.5985 0.5975 0.5337 0.6373 0.3593
fireeffect.jpg
19 -2.5928 11.8306 148.3558 -0.1479 0.6743 0.7235 0.5000 0.4067
19 11.8332 11.1695 142.4872 0.3375 0.5438 0.7684 0.6373 0.3593
19 12.6247 23.3153 133.5445 0.1606 0.6933 0.7025 0.6613 0.2033
fireeffect.jpg
19 12.6247 23.3153 133.5445 0.1606 0.6933 0.7025 0.6613 0.2033
19 -4.0997 25.7010 129.6102 -0.1612 0.7871 0.5954 0.5000 0.1426
19 -2.5928 11.8306 148.3558 -0.1479 0.6743 0.7235 0.5000 0.4067
fireeffect.jpg
19 40.4427 0.0774 154.2704 0.2147 0.9154 0.3405 0.9038 0.5522
19 11.8332 11.1695 142.4872 0.2147 0.9154 0.3405 0.6373 0.3593
19 15.8192 0.7650 167.9475 0.2147 0.9154 0.3405 0.6703 0.6719
fireeffect.jpg
19 -2.5928 11.8306 148.3558 -0.1720 0.9062 0.3863 0.5000 0.4067
19 -1.9076 2.2378 169.1426 -0.1711 0.8924 0.4175 0.5000 0.6668
19 15.8192 0.7650 167.9475 0.1434 0.9133 0.3811 0.6703 0.6719
fireeffect.jpg
19 15.8192 0.7650 167.9475 0.1434 0.9133 0.3811 0.6703 0.6719
19 11.8332 11.1695 142.4872 0.1834 0.9197 0.3471 0.6373 0.3593
19 -2.5928 11.8306 148.3558 -0.1720 0.9062 0.3863 0.5000 0.4067
fireeffect.jpg
19 19.6399 -41.4182 116.3620 0.3755 -0.6977 -0.6101 0.6144 0.3966
19 18.5019 -49.8017 126.0210 0.4293 -0.7065 -0.5626 0.5936 0.5386
19 9.7523 -54.4370 125.1660 0.1576 -0.7549 -0.6366 0.5000 0.5516
fireeffect.jpg
19 9.7523 -54.4370 125.1660 0.1576 -0.7549 -0.6366 0.5000 0.5516
19 8.5913 -44.7501 114.4529 0.1541 -0.7245 -0.6718 0.5000 0.3908
19 19.6399 -41.4182 116.3620 0.3755 -0.6977 -0.6101 0.6144 0.3966
fireeffect.jpg
19 14.5322 -35.4796 112.5077 0.3184 -0.3858 -0.8659 0.5726 0.3228
19 19.6399 -41.4182 116.3620 0.2624 -0.3563 -0.8968 0.6144 0.3966
19 8.5913 -44.7501 114.4529 0.1142 -0.4306 -0.8953 0.5000 0.3908
fireeffect.jpg
19 8.5913 -44.7501 114.4529 0.1142 -0.4306 -0.8953 0.5000 0.3908
19 7.2055 -35.1695 109.0649 0.1204 -0.4733 -0.8726 0.5000 0.2832
19 14.5322 -35.4796 112.5077 0.3184 -0.3858 -0.8659 0.5726 0.3228
fireeffect.jpg
19 18.4089 -32.4586 115.2258 0.7049 0.0069 -0.7093 0.6168 0.3348
19 22.8187 -35.9915 121.0352 0.8064 0.0359 -0.5903 0.6566 0.4144
19 19.6399 -41.4182 116.3620 0.7049 0.0069 -0.7093 0.6144 0.3966
fireeffect.jpg
19 19.6399 -41.4182 116.3620 0.7049 0.0069 -0.7093 0.6144 0.3966
19 14.5322 -35.4796 112.5077 0.5855 -0.0223 -0.8103 0.5726 0.3228
19 18.4089 -32.4586 115.2258 0.7049 0.0069 -0.7093 0.6168 0.3348
fireeffect.jpg
19 6.1317 -28.0580 106.0517 0.0897 -0.2695 -0.9588 0.5000 0.2132
19 18.4089 -32.4586 115.2258 0.5907 -0.0327 -0.8062 0.6168 0.3348
19 14.5322 -35.4796 112.5077 0.4998 -0.1726 -0.8488 0.5726 0.3228
fireeffect.jpg
19 14.5322 -35.4796 112.5077 0.4998 -0.1726 -0.8488 0.5726 0.3228
19 7.2055 -35.1695 109.0649 0.1058 -0.3743 -0.9212 0.5000 0.2832
19 6.1317 -28.0580 106.0517 0.0897 -0.2695 -0.9588 0.5000 0.2132
fireeffect.jpg
19 13.8926 1.3965 107.5597 0.2774 0.5718 -0.7720 0.6256 0.0680
19 1.5944 -0.3016 101.8836 -0.0551 0.5473 -0.8351 0.5000 0.0150
19 -1.2526 13.8747 111.3608 -0.0551 0.5473 -0.8351 0.5000 0.0287
fireeffect.jpg
19 24.9790 3.8380 116.9505 0.3904 0.6671 -0.6344 0.7422 0.1531
19 13.8926 1.3965 107.5597 0.3904 0.6671 -0.6344 0.6256 0.0680
19 -1.2526 13.8747 111.3608 -0.0796 0.6661 -0.7416 0.5000 0.0287
fireeffect.jpg
19 25.3516 11.2329 127.2559 0.3985 0.7383 -0.5442 0.7628 0.2144
19 24.9790 3.8380 116.9505 0.3985 0.7383 -0.5442 0.7422 0.1531
19 -1.2526 13.8747 111.3608 -0.0986 0.7532 -0.6504 0.5000 0.0287
fireeffect.jpg
19 12.6247 23.3153 133.5445 0.4069 0.7207 -0.5613 0.6613 0.2033
19 25.3516 11.2329 127.2559 0.4069 0.7207 -0.5613 0.7628 0.2144
19 -1.2526 13.8747 111.3608 -0.0944 0.7343 -0.6722 0.5000 0.0287
fireeffect.jpg
19 -4.0997 25.7010 129.6102 -0.1153 0.8253 -0.5528 0.5000 0.1426
19 12.6247 23.3153 133.5445 0.2368 0.8318 -0.5021 0.6613 0.2033
19 -1.2526 13.8747 111.3608 -0.1153 0.8253 -0.5528 0.5000 0.0287
fireeffect.jpg
19 46.5900 -34.6663 143.4641 0.7530 -0.0026 -0.6580 0.9012 0.6414
19 37.8707 -45.9787 133.1295 0.7534 0.0198 -0.6573 0.7925 0.5975
19 27.4721 -33.7397 121.5801 0.7530 -0.0026 -0.6580 0.7061 0.4095
fireeffect.jpg
19 27.4721 -33.7397 121.5801 0.7530 -0.0026 -0.6580 0.7061 0.4095
19 43.8749 -20.8448 139.8344 0.7523 -0.0251 -0.6583 0.8960 0.5271
19 46.5900 -34.6663 143.4641 0.7530 -0.0026 -0.6580 0.9012 0.6414
fireeffect.jpg
19 46.5900 -34.6663 143.4641 0.9169 0.0550 -0.3953 0.9012 0.6414
19 43.8749 -20.8448 139.8344 0.8994 0.0631 -0.4326 0.8960 0.5271
19 47.4007 -5.9734 149.3345 0.9169 0.0550 -0.3953 0.9595 0.5403
fireeffect.jpg
19 47.4007 -5.9734 149.3345 0.9169 0.0550 -0.3953 0.9595 0.5403
19 51.4061 -16.1505 158.4599 0.9328 0.0467 -0.3573 0.9858 0.6896
19 46.5900 -34.6663 143.4641 0.9169 0.0550 -0.3953 0.9012 0.6414
fireeffect.jpg
19 51.4061 -16.1505 158.4599 0.7415 0.5855 0.3275 0.9858 0.6896
19 47.4007 -5.9734 149.3345 0.7415 0.5855 0.3275 0.9595 0.5403
19 40.4427 0.0774 154.2704 0.7415 0.5855 0.3275 0.9038 0.5522
fireeffect.jpg
19 41.1045 -40.1926 164.6406 0.6199 -0.5902 0.5171 0.8478 0.8797
19 47.4786 -34.4493 156.4575 0.8035 -0.5424 0.2452 0.9160 0.7696
19 47.7641 -27.2650 171.4125 0.6199 -0.5902 0.5171 0.9374 0.8782
fireeffect.jpg
29 104.8554 21.8406 76.4236 0.9368 -0.3025 0.1756 0.7776 0.3843
29 101.6847 24.3116 94.6359 0.8841 -0.3057 0.3534 0.7488 0.5704
29 98.2358 10.6640 92.4876 0.6420 -0.7325 0.2264 0.6988 0.5449
fireeffect.jpg
29 98.2358 10.6640 92.4876 0.6420 -0.7325 0.2264 0.6988 0.5449
29 101.1269 8.5153 69.8072 0.4793 -0.8659 0.1431 0.7236 0.3138
29 104.8554 21.8406 76.4236 0.9368 -0.3025 0.1756 0.7776 0.3843
fireeffect.jpg
29 91.2011 33.3423 93.6022 0.4067 0.9133 0.0211 0.6381 0.5656
29 96.2461 32.9063 74.8064 0.4872 0.8714 0.0578 0.6894 0.3739
29 89.7536 32.1359 71.9530 0.8088 0.5866 0.0425 0.6153 0.3464
fireeffect.jpg
29 89.7536 32.1359 71.9530 0.8088 0.5866 0.0425 0.6153 0.3464
29 86.6337 36.2411 108.7023 0.7468 0.6530 0.1262 0.5932 0.7206
29 91.2011 33.3423 93.6022 0.4067 0.9133 0.0211 0.6381 0.5656
fireeffect.jpg
29 82.7724 -6.5482 79.9100 -0.4235 -0.9044 0.0515 0.5087 0.4158
29 62.8569 3.0568 80.9950 -0.8141 -0.5805 0.0177 0.2933 0.4352
29 62.1542 3.2938 65.4566 -0.6483 -0.7595 -0.0545 0.2816 0.2781
fireeffect.jpg
29 62.1542 3.2938 65.4566 -0.6483 -0.7595 -0.0545 0.2816 0.2781
29 84.9659 -4.5262 66.5869 -0.3097 -0.9312 -0.1923 0.5314 0.2810
29 82.7724 -6.5482 79.9100 -0.4235 -0.9044 0.0515 0.5087 0.4158
fireeffect.jpg
29 79.1225 46.0493 72.6175 -0.8772 0.4682 0.1061 0.5072 0.3606
29 57.5848 27.0476 65.4696 -0.6853 0.6649 0.2972 0.2490 0.2874
29 55.2468 19.1341 77.7806 -0.7148 0.6981 0.0402 0.2198 0.4100
fireeffect.jpg
29 55.2468 19.1341 77.7806 -0.7148 0.6981 0.0402 0.2198 0.4100
29 78.7027 44.9933 92.5908 -0.8854 0.4636 -0.0346 0.5070 0.5625
29 79.1225 46.0493 72.6175 -0.8772 0.4682 0.1061 0.5072 0.3606
fireeffect.jpg
29 62.1542 3.2938 65.4566 -0.2601 -0.3352 -0.9055 0.2816 0.2781
29 72.0540 18.2015 57.0850 -0.2274 -0.3163 -0.9210 0.4020 0.1958
29 83.2705 3.2236 63.0425 -0.0712 -0.4138 -0.9076 0.5175 0.2482
fireeffect.jpg
29 83.2705 3.2236 63.0425 -0.0712 -0.4138 -0.9076 0.5175 0.2482
29 84.9659 -4.5262 66.5869 -0.1038 -0.4324 -0.8957 0.5314 0.2810
29 62.1542 3.2938 65.4566 -0.2601 -0.3352 -0.9055 0.2816 0.2781
fireeffect.jpg
29 93.3640 18.0566 64.8611 0.5707 -0.1204 -0.8123 0.6428 0.2690
29 104.8554 21.8406 76.4236 0.6703 0.1710 -0.7221 0.7776 0.3843
29 101.1269 8.5153 69.8072 0.3945 -0.4663 -0.7918 0.7236 0.3138
fireeffect.jpg
29 89.7536 32.1359 71.9530 0.6590 0.4588 -0.5960 0.6153 0.3464
29 96.2461 32.9063 74.8064 0.4571 0.4320 -0.7775 0.6894 0.3739
29 93.3640 18.0566 64.8611 0.6389 0.3770 -0.6706 0.6428 0.2690
fireeffect.jpg
29 93.3640 18.0566 64.8611 0.6389 0.3770 -0.6706 0.6428 0.2690
29 88.1489 28.8096 63.1983 0.6625 0.4546 -0.5953 0.5924 0.2571
29 89.7536 32.1359 71.9530 0.6590 0.4588 -0.5960 0.6153 0.3464
fireeffect.jpg
29 79.0823 34.5518 61.3745 -0.2378 0.4414 -0.8652 0.4948 0.2429
29 72.0540 18.2015 57.0850 -0.1695 0.3176 -0.9329 0.4020 0.1958
29 57.5848 27.0476 65.4696 -0.3305 0.5155 -0.7906 0.2490 0.2874
fireeffect.jpg
29 57.5848 27.0476 65.4696 -0.3305 0.5155 -0.7906 0.2490 0.2874
29 79.1225 46.0493 72.6175 -0.3555 0.6541 -0.6676 0.5072 0.3606
29 79.0823 34.5518 61.3745 -0.2378 0.4414 -0.8652 0.4948 0.2429
fireeffect.jpg
29 71.3962 24.8193 117.9253 0.1444 0.4979 0.8551 0.4158 0.8141
29 92.9098 25.6274 114.4980 0.1143 0.5273 0.8419 0.6567 0.7741
29 86.6337 36.2411 108.7023 0.1444 0.4979 0.8551 0.5932 0.7206
fireeffect.jpg
29 86.6337 36.2411 108.7023 0.1444 0.4979 0.8551 0.5932 0.7206
29 78.5228 43.8031 106.2534 0.1742 0.4675 0.8667 0.5076 0.7005
29 71.3962 24.8193 117.9253 0.1444 0.4979 0.8551 0.4158 0.8141
fireeffect.jpg
29 71.3962 24.8193 117.9253 0.2208 -0.2116 0.9521 0.4158 0.8141
29 77.6169 2.2995 112.7843 0.2785 -0.1400 0.9502 0.4665 0.7529
29 88.4247 10.9281 110.8882 0.2208 -0.2116 0.9521 0.5939 0.7338
fireeffect.jpg
29 88.4247 10.9281 110.8882 0.2208 -0.2116 0.9521 0.5939 0.7338
29 92.9098 25.6274 114.4980 0.1613 -0.2815 0.9459 0.6567 0.7741
29 71.3962 24.8193 117.9253 0.2208 -0.2116 0.9521 0.4158 0.8141
fireeffect.jpg
29 78.5228 43.8031 106.2534 -0.5465 0.5778 0.6061 0.5076 0.7005
29 56.1525 26.7621 102.3288 -0.5465 0.5778 0.6061 0.2424 0.6608
29 71.3962 24.8193 117.9253 -0.5465 0.5778 0.6061 0.4158 0.8141
fireeffect.jpg
29 71.3962 24.8193 117.9253 -0.6066 -0.2016 0.7691 0.4158 0.8141
29 56.1525 26.7621 102.3288 -0.7178 -0.0779 0.6919 0.2424 0.6608
29 62.7016 10.3483 107.2745 -0.6066 -0.2016 0.7691 0.3042 0.7037
fireeffect.jpg
29 62.7016 10.3483 107.2745 -0.6066 -0.2016 0.7691 0.3042 0.7037
29 77.6169 2.2995 112.7843 -0.4749 -0.3185 0.8204 0.4665 0.7529
29 71.3962 24.8193 117.9253 -0.6066 -0.2016 0.7691 0.4158 0.8141
fireeffect.jpg
29 89.6596 4.1455 91.4083 0.8584 -0.4227 0.2906 0.5973 0.5340
29 96.6046 3.1942 72.6993 0.8642 -0.4507 0.2238 0.6695 0.3425
29 92.8793 10.3713 71.7408 0.6835 -0.7010 0.2036 0.6331 0.3362
fireeffect.jpg
29 92.8793 10.3713 71.7408 0.6835 -0.7010 0.2036 0.6331 0.3362
29 88.4247 10.9281 110.8882 0.7609 -0.5789 0.2930 0.5939 0.7338
29 89.6596 4.1455 91.4083 0.8584 -0.4227 0.2906 0.5973 0.5340
fireeffect.jpg
29 83.2705 3.2236 63.0425 0.6614 -0.2090 -0.7204 0.5175 0.2482
29 88.7081 11.4481 64.1652 0.5113 -0.5358 -0.6719 0.5852 0.2609
29 92.8793 10.3713 71.7408 0.5312 -0.5817 -0.6161 0.6331 0.3362
fireeffect.jpg
29 92.8793 10.3713 71.7408 0.5312 -0.5817 -0.6161 0.6331 0.3362
29 96.6046 3.1942 72.6993 0.5864 -0.0219 -0.8097 0.6695 0.3425
29 83.2705 3.2236 63.0425 0.6614 -0.2090 -0.7204 0.5175 0.2482
fireeffect.jpg
29 96.6046 3.1942 72.6993 0.8642 -0.4507 0.2238 0.6695 0.3425
29 89.6596 4.1455 91.4083 0.8584 -0.4227 0.2906 0.5973 0.5340
29 82.7724 -6.5482 79.9100 0.6212 -0.7624 0.1810 0.5087 0.4158
fireeffect.jpg
29 82.7724 -6.5482 79.9100 0.6212 -0.7624 0.1810 0.5087 0.4158
29 84.9659 -4.5262 66.5869 0.5642 -0.8250 -0.0323 0.5314 0.2810
29 96.6046 3.1942 72.6993 0.8642 -0.4507 0.2238 0.6695 0.3425
fireeffect.jpg
29 96.6046 3.1942 72.6993 0.5864 -0.0219 -0.8097 0.6695 0.3425
29 84.9659 -4.5262 66.5869 0.5697 -0.2355 -0.7874 0.5314 0.2810
29 83.2705 3.2236 63.0425 0.6614 -0.2090 -0.7204 0.5175 0.2482
fireeffect.jpg
29 92.8793 10.3713 71.7408 0.6835 -0.7010 0.2036 0.6331 0.3362
29 101.1269 8.5153 69.8072 0.4793 -0.8659 0.1431 0.7236 0.3138
29 98.2358 10.6640 92.4876 0.6420 -0.7325 0.2264 0.6988 0.5449
fireeffect.jpg
29 98.2358 10.6640 92.4876 0.6420 -0.7325 0.2264 0.6988 0.5449
29 88.4247 10.9281 110.8882 0.7609 -0.5789 0.2930 0.5939 0.7338
29 92.8793 10.3713 71.7408 0.6835 -0.7010 0.2036 0.6331 0.3362
fireeffect.jpg
29 88.7081 11.4481 64.1652 0.5113 -0.5358 -0.6719 0.5852 0.2609
29 93.3640 18.0566 64.8611 0.5707 -0.1204 -0.8123 0.6428 0.2690
29 101.1269 8.5153 69.8072 0.3945 -0.4663 -0.7918 0.7236 0.3138
fireeffect.jpg
29 101.1269 8.5153 69.8072 0.3945 -0.4663 -0.7918 0.7236 0.3138
29 92.8793 10.3713 71.7408 0.5312 -0.5817 -0.6161 0.6331 0.3362
29 88.7081 11.4481 64.1652 0.5113 -0.5358 -0.6719 0.5852 0.2609
fireeffect.jpg
29 62.8569 3.0568 80.9950 -0.8141 -0.5805 0.0177 0.2933 0.4352
29 55.2468 19.1341 77.7806 -0.8820 -0.4472 -0.1485 0.2198 0.4100
29 57.5848 27.0476 65.4696 -0.9184 -0.3365 -0.2081 0.2490 0.2874
fireeffect.jpg
29 57.5848 27.0476 65.4696 -0.9184 -0.3365 -0.2081 0.2490 0.2874
29 62.1542 3.2938 65.4566 -0.6483 -0.7595 -0.0545 0.2816 0.2781
29 62.8569 3.0568 80.9950 -0.8141 -0.5805 0.0177 0.2933 0.4352
fireeffect.jpg
29 62.1542 3.2938 65.4566 -0.2601 -0.3352 -0.9055 0.2816 0.2781
29 57.5848 27.0476 65.4696 -0.5457 -0.1045 -0.8314 0.2490 0.2874
29 72.0540 18.2015 57.0850 -0.2274 -0.3163 -0.9210 0.4020 0.1958
fireeffect.jpg
29 79.0823 34.5518 61.3745 0.5587 0.4838 -0.6737 0.4948 0.2429
29 79.1225 46.0493 72.6175 0.4491 0.6239 -0.6396 0.5072 0.3606
29 91.0989 39.0144 74.1643 0.6083 0.3718 -0.7012 0.6363 0.3708
fireeffect.jpg
29 78.6658 46.1128 92.5770 0.5454 0.8352 0.0713 0.5074 0.5628
29 88.6347 39.4239 91.1966 0.8652 0.4778 0.1521 0.6135 0.5440
29 91.0989 39.0144 74.1643 0.8100 0.5801 0.0858 0.6363 0.3708
fireeffect.jpg
29 91.0989 39.0144 74.1643 0.8100 0.5801 0.0858 0.6363 0.3708
29 79.1225 46.0493 72.6175 0.5056 0.8627 0.0088 0.5072 0.3606
29 78.6658 46.1128 92.5770 0.5454 0.8352 0.0713 0.5074 0.5628
fireeffect.jpg
29 96.2461 32.9063 74.8064 0.4872 0.8714 0.0578 0.6894 0.3739
29 91.2011 33.3423 93.6022 0.4067 0.9133 0.0211 0.6381 0.5656
29 101.6847 24.3116 94.6359 0.7107 0.6898 0.1379 0.7488 0.5704
fireeffect.jpg
29 101.6847 24.3116 94.6359 0.7107 0.6898 0.1379 0.7488 0.5704
29 104.8554 21.8406 76.4236 0.7844 0.6180 0.0527 0.7776 0.3843
29 96.2461 32.9063 74.8064 0.4872 0.8714 0.0578 0.6894 0.3739
fireeffect.jpg
29 96.2461 32.9063 74.8064 0.4571 0.4320 -0.7775 0.6894 0.3739
29 104.8554 21.8406 76.4236 0.5993 0.3619 -0.7140 0.7776 0.3843
29 93.3640 18.0566 64.8611 0.6389 0.3770 -0.6706 0.6428 0.2690
fireeffect.jpg
29 89.7536 32.1359 71.9530 0.8088 0.5866 0.0425 0.6153 0.3464
29 91.0989 39.0144 74.1643 0.8100 0.5801 0.0858 0.6363 0.3708
29 88.6347 39.4239 91.1966 0.8652 0.4778 0.1521 0.6135 0.5440
fireeffect.jpg
29 88.6347 39.4239 91.1966 0.8652 0.4778 0.1521 0.6135 0.5440
29 86.6337 36.2411 108.7023 0.7468 0.6530 0.1262 0.5932 0.7206
29 89.7536 32.1359 71.9530 0.8088 0.5866 0.0425 0.6153 0.3464
fireeffect.jpg
29 89.7536 32.1359 71.9530 0.6590 0.4588 -0.5960 0.6153 0.3464
29 88.1489 28.8096 63.1983 0.6625 0.4546 -0.5953 0.5924 0.2571
29 79.0823 34.5518 61.3745 0.5587 0.4838 -0.6737 0.4948 0.2429
fireeffect.jpg
29 79.0823 34.5518 61.3745 0.5587 0.4838 -0.6737 0.4948 0.2429
29 91.0989 39.0144 74.1643 0.6083 0.3718 -0.7012 0.6363 0.3708
29 89.7536 32.1359 71.9530 0.6590 0.4588 -0.5960 0.6153 0.3464
fireeffect.jpg
29 101.6847 24.3116 94.6359 0.7107 0.6898 0.1379 0.7488 0.5704
29 91.2011 33.3423 93.6022 0.4067 0.9133 0.0211 0.6381 0.5656
29 86.6337 36.2411 108.7023 0.7468 0.6530 0.1262 0.5932 0.7206
fireeffect.jpg
29 86.6337 36.2411 108.7023 0.7468 0.6530 0.1262 0.5932 0.7206
29 92.9098 25.6274 114.4980 0.7461 0.5995 0.2899 0.6567 0.7741
29 101.6847 24.3116 94.6359 0.7107 0.6898 0.1379 0.7488 0.5704
fireeffect.jpg
29 88.4247 10.9281 110.8882 0.7609 -0.5789 0.2930 0.5939 0.7338
29 98.2358 10.6640 92.4876 0.6420 -0.7325 0.2264 0.6988 0.5449
29 101.6847 24.3116 94.6359 0.8841 -0.3057 0.3534 0.7488 0.5704
fireeffect.jpg
29 101.6847 24.3116 94.6359 0.8841 -0.3057 0.3534 0.7488 0.5704
29 92.9098 25.6274 114.4980 0.8460 -0.3557 0.3973 0.6567 0.7741
29 88.4247 10.9281 110.8882 0.7609 -0.5789 0.2930 0.5939 0.7338
fireeffect.jpg
29 77.6169 2.2995 112.7843 0.6285 -0.7210 0.2918 0.4665 0.7529
29 82.7724 -6.5482 79.9100 0.6212 -0.7624 0.1810 0.5087 0.4158
29 89.6596 4.1455 91.4083 0.8584 -0.4227 0.2906 0.5973 0.5340
fireeffect.jpg
29 89.6596 4.1455 91.4083 0.8584 -0.4227 0.2906 0.5973 0.5340
29 88.4247 10.9281 110.8882 0.7609 -0.5789 0.2930 0.5939 0.7338
29 77.6169 2.2995 112.7843 0.6285 -0.7210 0.2918 0.4665 0.7529
fireeffect.jpg
29 62.7016 10.3483 107.2745 -0.6577 -0.7339 0.1699 0.3042 0.7037
29 62.8569 3.0568 80.9950 -0.8141 -0.5805 0.0177 0.2933 0.4352
29 82.7724 -6.5482 79.9100 -0.4235 -0.9044 0.0515 0.5087 0.4158
fireeffect.jpg
29 82.7724 -6.5482 79.9100 -0.4235 -0.9044 0.0515 0.5087 0.4158
29 77.6169 2.2995 112.7843 -0.5114 -0.8466 0.1476 0.4665 0.7529
29 62.7016 10.3483 107.2745 -0.6577 -0.7339 0.1699 0.3042 0.7037
fireeffect.jpg
29 56.1525 26.7621 102.3288 -0.9202 -0.3715 0.1236 0.2424 0.6608
29 55.2468 19.1341 77.7806 -0.8820 -0.4472 -0.1485 0.2198 0.4100
29 62.8569 3.0568 80.9950 -0.8141 -0.5805 0.0177 0.2933 0.4352
fireeffect.jpg
29 62.8569 3.0568 80.9950 -0.8141 -0.5805 0.0177 0.2933 0.4352
29 62.7016 10.3483 107.2745 -0.6577 -0.7339 0.1699 0.3042 0.7037
29 56.1525 26.7621 102.3288 -0.9202 -0.3715 0.1236 0.2424 0.6608
fireeffect.jpg
29 78.6658 46.1128 92.5770 -0.9993 -0.0331 -0.0194 0.5074 0.5628
29 79.1225 46.0493 72.6175 -0.8772 0.4682 0.1061 0.5072 0.3606
29 78.7027 44.9933 92.5908 -0.8854 0.4636 -0.0346 0.5070 0.5625
fireeffect.jpg
29 78.7027 44.9933 92.5908 -0.8854 0.4636 -0.0346 0.5070 0.5625
29 55.2468 19.1341 77.7806 -0.7148 0.6981 0.0402 0.2198 0.4100
29 56.1525 26.7621 102.3288 -0.6452 0.7608 -0.0696 0.2424 0.6608
fireeffect.jpg
29 56.1525 26.7621 102.3288 -0.6452 0.7608 -0.0696 0.2424 0.6608
29 78.5228 43.8031 106.2534 -0.9050 0.4246 0.0251 0.5076 0.7005
29 78.7027 44.9933 92.5908 -0.8854 0.4636 -0.0346 0.5070 0.5625
fireeffect.jpg
29 78.7027 44.9933 92.5908 -0.8854 0.4636 -0.0346 0.5070 0.5625
29 78.5228 43.8031 106.2534 -0.9050 0.4246 0.0251 0.5076 0.7005
29 78.6658 46.1128 92.5770 -0.9993 -0.0331 -0.0194 0.5074 0.5628
fireeffect.jpg
29 88.6347 39.4239 91.1966 0.8652 0.4778 0.1521 0.6135 0.5440
29 78.6658 46.1128 92.5770 0.5454 0.8352 0.0713 0.5074 0.5628
29 78.5228 43.8031 106.2534 0.5999 0.7805 0.1758 0.5076 0.7005
fireeffect.jpg
29 78.5228 43.8031 106.2534 0.5999 0.7805 0.1758 0.5076 0.7005
29 86.6337 36.2411 108.7023 0.7468 0.6530 0.1262 0.5932 0.7206
29 88.6347 39.4239 91.1966 0.8652 0.4778 0.1521 0.6135 0.5440
fireeffect.jpg
29 83.2705 3.2236 63.0425 -0.0712 -0.4138 -0.9076 0.5175 0.2482
29 72.0540 18.2015 57.0850 -0.2274 -0.3163 -0.9210 0.4020 0.1958
29 84.2474 18.8646 56.7420 -0.0058 -0.3733 -0.9277 0.5391 0.1894
fireeffect.jpg
29 88.1489 28.8096 63.1983 0.6625 0.4546 -0.5953 0.5924 0.2571
29 93.3640 18.0566 64.8611 0.6389 0.3770 -0.6706 0.6428 0.2690
29 84.2474 18.8646 56.7420 0.5412 0.2981 -0.7863 0.5391 0.1894
fireeffect.jpg
29 72.0540 18.2015 57.0850 -0.1695 0.3176 -0.9329 0.4020 0.1958
29 79.0823 34.5518 61.3745 -0.2378 0.4414 -0.8652 0.4948 0.2429
29 84.2474 18.8646 56.7420 -0.0418 0.2703 -0.9619 0.5391 0.1894
fireeffect.jpg
29 88.7081 11.4481 64.1652 0.5113 -0.5358 -0.6719 0.5852 0.2609
29 83.2705 3.2236 63.0425 0.6614 -0.2090 -0.7204 0.5175 0.2482
29 84.2474 18.8646 56.7420 0.6195 -0.3371 -0.7090 0.5391 0.1894
fireeffect.jpg
29 93.3640 18.0566 64.8611 0.5707 -0.1204 -0.8123 0.6428 0.2690
29 88.7081 11.4481 64.1652 0.5113 -0.5358 -0.6719 0.5852 0.2609
29 84.2474 18.8646 56.7420 0.6195 -0.3371 -0.7090 0.5391 0.1894
fireeffect.jpg
29 79.0823 34.5518 61.3745 0.5587 0.4838 -0.6737 0.4948 0.2429
29 88.1489 28.8096 63.1983 0.6625 0.4546 -0.5953 0.5924 0.2571
29 84.2474 18.8646 56.7420 0.5412 0.2981 -0.7863 0.5391 0.1894
poisongolem01.jpg
42 -67.5823 15.9335 86.8306 0.6980 0.7093 -0.0987 0.7498 0.9153
42 -56.8958 -10.9204 93.4390 0.9988 0.0069 0.0490 0.9995 0.9171
42 -55.2881 -22.2070 62.2385 0.9699 -0.0014 -0.2435 0.9621 0.3852
poisongolem01.jpg
42 -55.2881 -22.2070 62.2385 0.9699 -0.0014 -0.2435 0.9621 0.3852
42 -69.5148 13.1613 54.0295 0.2808 0.8295 -0.4828 0.7238 0.3801
42 -67.5823 15.9335 86.8306 0.6980 0.7093 -0.0987 0.7498 0.9153
poisongolem01.jpg
42 -93.5472 10.8259 92.9792 -0.4438 0.8961 0.0099 0.2502 0.9118
42 -67.5823 15.9335 86.8306 0.6980 0.7093 -0.0987 0.7498 0.9153
42 -69.5148 13.1613 54.0295 0.2808 0.8295 -0.4828 0.7238 0.3801
poisongolem01.jpg
42 -69.5148 13.1613 54.0295 0.2808 0.8295 -0.4828 0.7238 0.3801
42 -99.6347 8.8510 59.9492 -0.6241 0.7382 -0.2562 0.2472 0.3701
42 -93.5472 10.8259 92.9792 -0.4438 0.8961 0.0099 0.2502 0.9118
poisongolem01.jpg
42 -107.0753 -15.1864 102.1049 -0.9537 0.0058 0.3007 0.0005 0.9100
42 -93.5472 10.8259 92.9792 -0.4438 0.8961 0.0099 0.2502 0.9118
42 -99.6347 8.8510 59.9492 -0.6241 0.7382 -0.2562 0.2472 0.3701
poisongolem01.jpg
42 -99.6347 8.8510 59.9492 -0.6241 0.7382 -0.2562 0.2472 0.3701
42 -114.7379 -24.6289 72.1832 -0.9967 0.0354 0.0734 0.0088 0.3650
42 -107.0753 -15.1864 102.1049 -0.9537 0.0058 0.3007 0.0005 0.9100
poisongolem01.jpg
42 -98.6690 -51.7605 77.8143 -0.6068 -0.7380 0.2954 0.2472 0.3701
42 -88.4999 -38.1776 107.0981 -0.0501 -0.8467 0.5296 0.2502 0.9118
42 -107.0753 -15.1864 102.1049 -0.9537 0.0058 0.3007 0.0005 0.9100
poisongolem01.jpg
42 -107.0753 -15.1864 102.1049 -0.9537 0.0058 0.3007 0.0005 0.9100
42 -114.7379 -24.6289 72.1832 -0.9967 0.0354 0.0734 0.0088 0.3650
42 -98.6690 -51.7605 77.8143 -0.6068 -0.7380 0.2954 0.2472 0.3701
poisongolem01.jpg
42 -62.7693 -47.4131 71.4438 0.5172 -0.8271 0.2199 0.7238 0.3801
42 -64.8961 -29.4440 100.0561 0.8275 -0.4655 0.3140 0.7498 0.9153
42 -88.4999 -38.1776 107.0981 -0.0501 -0.8467 0.5296 0.2502 0.9118
poisongolem01.jpg
42 -88.4999 -38.1776 107.0981 -0.0501 -0.8467 0.5296 0.2502 0.9118
42 -98.6690 -51.7605 77.8143 -0.6068 -0.7380 0.2954 0.2472 0.3701
42 -62.7693 -47.4131 71.4438 0.5172 -0.8271 0.2199 0.7238 0.3801
poisongolem01.jpg
42 -55.2881 -22.2070 62.2385 0.9699 -0.0014 -0.2435 0.9621 0.3852
42 -56.8958 -10.9204 93.4390 0.9988 0.0069 0.0490 0.9995 0.9171
42 -64.8961 -29.4440 100.0561 0.8275 -0.4655 0.3140 0.7498 0.9153
poisongolem01.jpg
42 -64.8961 -29.4440 100.0561 0.8275 -0.4655 0.3140 0.7498 0.9153
42 -62.7693 -47.4131 71.4438 0.5172 -0.8271 0.2199 0.7238 0.3801
42 -55.2881 -22.2070 62.2385 0.9699 -0.0014 -0.2435 0.9621 0.3852
poisongolem01.jpg
47 -61.2163 -29.9526 22.9099 0.8630 0.1721 -0.4750 0.9327 0.1043
48 -66.2686 -30.9625 13.9608 0.7462 -0.0952 -0.6589 0.7357 0.0420
48 -76.3559 -13.8077 10.1247 0.5454 0.4745 -0.6909 0.6047 0.0448
poisongolem01.jpg
48 -76.3559 -13.8077 10.1247 0.5454 0.4745 -0.6909 0.6047 0.0448
47 -74.7454 -7.2494 20.0537 0.3257 0.8027 -0.4996 0.7057 0.1091
47 -61.2163 -29.9526 22.9099 0.8630 0.1721 -0.4750 0.9327 0.1043
poisongolem01.jpg
47 -74.7454 -7.2494 20.0537 0.3257 0.8027 -0.4996 0.7057 0.1091
48 -76.3559 -13.8077 10.1247 0.5454 0.4745 -0.6909 0.6047 0.0448
48 -100.6598 -14.3705 4.6896 -0.1878 0.5661 -0.8026 0.3428 0.0503
poisongolem01.jpg
48 -100.6598 -14.3705 4.6896 -0.1878 0.5661 -0.8026 0.3428 0.0503
47 -108.0078 -8.9862 18.3366 -0.6615 0.5166 -0.5437 0.2518 0.1186
47 -74.7454 -7.2494 20.0537 0.3257 0.8027 -0.4996 0.7057 0.1091
poisongolem01.jpg
47 -108.0078 -8.9862 18.3366 -0.6615 0.5166 -0.5437 0.2518 0.1186
48 -100.6598 -14.3705 4.6896 -0.1878 0.5661 -0.8026 0.3428 0.0503
48 -105.9397 -32.1861 5.7309 -0.6578 0.0071 -0.7532 0.2118 0.0530
poisongolem01.jpg
48 -105.9397 -32.1861 5.7309 -0.6578 0.0071 -0.7532 0.2118 0.0530
47 -114.3344 -30.7446 20.8194 -0.8736 -0.1977 -0.4447 0.0248 0.1234
47 -108.0078 -8.9862 18.3366 -0.6615 0.5166 -0.5437 0.2518 0.1186
poisongolem01.jpg
47 -114.3344 -30.7446 20.8194 -0.8736 -0.1977 -0.4447 0.0248 0.1234
48 -105.9397 -32.1861 5.7309 -0.6578 0.0071 -0.7532 0.2118 0.0530
48 -96.9500 -51.6336 4.2403 -0.3585 -0.6043 -0.7116 0.3428 0.0503
poisongolem01.jpg
48 -96.9500 -51.6336 4.2403 -0.3585 -0.6043 -0.7116 0.3428 0.0503
47 -104.0773 -53.9389 23.3312 -0.2840 -0.8752 -0.3917 0.2518 0.1186
47 -114.3344 -30.7446 20.8194 -0.8736 -0.1977 -0.4447 0.0248 0.1234
poisongolem01.jpg
47 -104.0773 -53.9389 23.3312 -0.2840 -0.8752 -0.3917 0.2518 0.1186
48 -96.9500 -51.6336 4.2403 -0.3585 -0.6043 -0.7116 0.3428 0.0503
48 -76.0168 -48.7291 13.6819 0.4090 -0.6597 -0.6305 0.6047 0.0448
poisongolem01.jpg
48 -76.0168 -48.7291 13.6819 0.4090 -0.6597 -0.6305 0.6047 0.0448
47 -69.4314 -57.4812 25.7458 0.5557 -0.5555 -0.6186 0.7057 0.1091
47 -104.0773 -53.9389 23.3312 -0.2840 -0.8752 -0.3917 0.2518 0.1186
poisongolem01.jpg
47 -69.4314 -57.4812 25.7458 0.5557 -0.5555 -0.6186 0.7057 0.1091
48 -76.0168 -48.7291 13.6819 0.4090 -0.6597 -0.6305 0.6047 0.0448
48 -66.2686 -30.9625 13.9608 0.7462 -0.0952 -0.6589 0.7357 0.0420
poisongolem01.jpg
48 -66.2686 -30.9625 13.9608 0.7462 -0.0952 -0.6589 0.7357 0.0420
47 -61.2163 -29.9526 22.9099 0.8630 0.1721 -0.4750 0.9327 0.1043
47 -69.4314 -57.4812 25.7458 0.5557 -0.5555 -0.6186 0.7057 0.1091
poisongolem01.jpg
48 -66.2686 -30.9625 13.9608 0.7462 -0.0952 -0.6589 0.7357 0.0420
48 -83.7984 -32.5032 0.5087 0.2504 -0.0412 -0.9673 0.4719 0.0005
48 -76.3559 -13.8077 10.1247 0.5454 0.4745 -0.6909 0.6047 0.0448
poisongolem01.jpg
48 -76.3559 -13.8077 10.1247 0.5454 0.4745 -0.6909 0.6047 0.0448
48 -83.7984 -32.5032 0.5087 0.2504 -0.0412 -0.9673 0.4719 0.0005
48 -100.6598 -14.3705 4.6896 -0.1878 0.5661 -0.8026 0.3428 0.0503
poisongolem01.jpg
48 -100.6598 -14.3705 4.6896 -0.1878 0.5661 -0.8026 0.3428 0.0503
48 -83.7984 -32.5032 0.5087 0.2504 -0.0412 -0.9673 0.4719 0.0005
48 -105.9397 -32.1861 5.7309 -0.6578 0.0071 -0.7532 0.2118 0.0530
poisongolem01.jpg
48 -105.9397 -32.1861 5.7309 -0.6578 0.0071 -0.7532 0.2118 0.0530
48 -83.7984 -32.5032 0.5087 0.2504 -0.0412 -0.9673 0.4719 0.0005
48 -96.9500 -51.6336 4.2403 -0.3585 -0.6043 -0.7116 0.3428 0.0503
poisongolem01.jpg
48 -96.9500 -51.6336 4.2403 -0.3585 -0.6043 -0.7116 0.3428 0.0503
48 -83.7984 -32.5032 0.5087 0.2504 -0.0412 -0.9673 0.4719 0.0005
48 -76.0168 -48.7291 13.6819 0.4090 -0.6597 -0.6305 0.6047 0.0448
poisongolem01.jpg
48 -76.0168 -48.7291 13.6819 0.4090 -0.6597 -0.6305 0.6047 0.0448
48 -83.7984 -32.5032 0.5087 0.2504 -0.0412 -0.9673 0.4719 0.0005
48 -66.2686 -30.9625 13.9608 0.7462 -0.0952 -0.6589 0.7357 0.0420
poisongolem01.jpg
47 -74.7454 -7.2494 20.0537 0.5001 0.8490 -0.1705 0.7057 0.1091
43 -76.3788 -2.7387 39.1043 0.4829 0.8358 0.2614 0.7148 0.2132
43 -61.5915 -29.5743 43.1069 0.9700 0.1267 0.2077 0.9474 0.2133
poisongolem01.jpg
43 -61.5915 -29.5743 43.1069 0.9700 0.1267 0.2077 0.9474 0.2133
47 -61.2163 -29.9526 22.9099 0.9920 0.1249 0.0161 0.9327 0.1043
47 -74.7454 -7.2494 20.0537 0.5001 0.8490 -0.1705 0.7057 0.1091
poisongolem01.jpg
42 -71.5377 -53.2927 56.6446 0.5783 -0.8141 -0.0524 0.7193 0.3124
42 -63.9280 -25.6744 45.3855 0.9770 0.1411 0.1598 0.9548 0.3149
42 -55.2881 -22.2070 62.2385 0.9699 -0.0014 -0.2435 0.9621 0.3852
poisongolem01.jpg
42 -55.2881 -22.2070 62.2385 0.9699 -0.0014 -0.2435 0.9621 0.3852
42 -62.7693 -47.4131 71.4438 0.5172 -0.8271 0.2199 0.7238 0.3801
42 -71.5377 -53.2927 56.6446 0.5783 -0.8141 -0.0524 0.7193 0.3124
poisongolem01.jpg
47 -74.7454 -7.2494 20.0537 0.5001 0.8490 -0.1705 0.7057 0.1091
47 -108.0078 -8.9862 18.3366 -0.8276 0.5236 -0.2022 0.2518 0.1186
43 -111.6604 -3.1818 35.6889 -0.6234 0.7799 -0.0562 0.2495 0.2130
poisongolem01.jpg
43 -111.6604 -3.1818 35.6889 -0.6234 0.7799 -0.0562 0.2495 0.2130
43 -76.3788 -2.7387 39.1043 0.4829 0.8358 0.2614 0.7148 0.2132
47 -74.7454 -7.2494 20.0537 0.5001 0.8490 -0.1705 0.7057 0.1091
poisongolem01.jpg
47 -108.0078 -8.9862 18.3366 -0.8276 0.5236 -0.2022 0.2518 0.1186
47 -114.3344 -30.7446 20.8194 -0.9903 -0.1362 0.0274 0.0248 0.1234
43 -112.7506 -28.8123 38.9655 -0.9949 -0.0989 0.0183 0.0168 0.2128
poisongolem01.jpg
43 -112.7506 -28.8123 38.9655 -0.9949 -0.0989 0.0183 0.0168 0.2128
43 -111.6604 -3.1818 35.6889 -0.6234 0.7799 -0.0562 0.2495 0.2130
47 -108.0078 -8.9862 18.3366 -0.8276 0.5236 -0.2022 0.2518 0.1186
poisongolem01.jpg
42 -113.4396 -26.1863 59.3292 -0.9918 -0.0888 0.0923 0.0128 0.3046
42 -101.7991 -53.1250 63.9100 -0.5343 -0.8220 0.1971 0.2483 0.3072
42 -98.6690 -51.7605 77.8143 -0.6068 -0.7380 0.2954 0.2472 0.3701
poisongolem01.jpg
42 -98.6690 -51.7605 77.8143 -0.6068 -0.7380 0.2954 0.2472 0.3701
42 -114.7379 -24.6289 72.1832 -0.9967 0.0354 0.0734 0.0088 0.3650
42 -113.4396 -26.1863 59.3292 -0.9918 -0.0888 0.0923 0.0128 0.3046
poisongolem01.jpg
42 -101.7991 -53.1250 63.9100 -0.5343 -0.8220 0.1971 0.2483 0.3072
42 -71.5377 -53.2927 56.6446 0.5783 -0.8141 -0.0524 0.7193 0.3124
42 -62.7693 -47.4131 71.4438 0.5172 -0.8271 0.2199 0.7238 0.3801
poisongolem01.jpg
42 -62.7693 -47.4131 71.4438 0.5172 -0.8271 0.2199 0.7238 0.3801
42 -98.6690 -51.7605 77.8143 -0.6068 -0.7380 0.2954 0.2472 0.3701
42 -101.7991 -53.1250 63.9100 -0.5343 -0.8220 0.1971 0.2483 0.3072
poisongolem01.jpg
43 -76.3788 -2.7387 39.1043 0.4829 0.8358 0.2614 0.7148 0.2132
42 -78.6508 -6.3241 43.2851 0.4717 0.8106 -0.3470 0.7193 0.3124
42 -63.9280 -25.6744 45.3855 0.9770 0.1411 0.1598 0.9548 0.3149
poisongolem01.jpg
42 -63.9280 -25.6744 45.3855 0.9770 0.1411 0.1598 0.9548 0.3149
43 -61.5915 -29.5743 43.1069 0.9700 0.1267 0.2077 0.9474 0.2133
43 -76.3788 -2.7387 39.1043 0.4829 0.8358 0.2614 0.7148 0.2132
poisongolem01.jpg
42 -106.3859 -4.3104 46.1190 -0.5727 0.8130 0.1049 0.2483 0.3072
42 -78.6508 -6.3241 43.2851 0.4717 0.8106 -0.3470 0.7193 0.3124
43 -76.3788 -2.7387 39.1043 0.4829 0.8358 0.2614 0.7148 0.2132
poisongolem01.jpg
43 -76.3788 -2.7387 39.1043 0.4829 0.8358 0.2614 0.7148 0.2132
43 -111.6604 -3.1818 35.6889 -0.6234 0.7799 -0.0562 0.2495 0.2130
42 -106.3859 -4.3104 46.1190 -0.5727 0.8130 0.1049 0.2483 0.3072
poisongolem01.jpg
47 -69.4314 -57.4812 25.7458 0.5651 -0.8193 0.0975 0.7057 0.1091
47 -61.2163 -29.9526 22.9099 0.9920 0.1249 0.0161 0.9327 0.1043
43 -61.5915 -29.5743 43.1069 0.9700 0.1267 0.2077 0.9474 0.2133
poisongolem01.jpg
43 -61.5915 -29.5743 43.1069 0.9700 0.1267 0.2077 0.9474 0.2133
43 -71.9403 -53.7340 44.8738 0.6333 -0.7080 0.3126 0.7148 0.2132
47 -69.4314 -57.4812 25.7458 0.5651 -0.8193 0.0975 0.7057 0.1091
poisongolem01.jpg
43 -105.0485 -55.7220 41.9331 -0.4946 -0.8656 0.0784 0.2495 0.2130
47 -104.0773 -53.9389 23.3312 -0.5782 -0.8087 -0.1077 0.2518 0.1186
47 -69.4314 -57.4812 25.7458 0.5651 -0.8193 0.0975 0.7057 0.1091
poisongolem01.jpg
47 -69.4314 -57.4812 25.7458 0.5651 -0.8193 0.0975 0.7057 0.1091
43 -71.9403 -53.7340 44.8738 0.6333 -0.7080 0.3126 0.7148 0.2132
43 -105.0485 -55.7220 41.9331 -0.4946 -0.8656 0.0784 0.2495 0.2130
poisongolem01.jpg
42 -113.4396 -26.1863 59.3292 -0.9918 -0.0888 0.0923 0.0128 0.3046
42 -106.3859 -4.3104 46.1190 -0.5727 0.8130 0.1049 0.2483 0.3072
43 -111.6604 -3.1818 35.6889 -0.6234 0.7799 -0.0562 0.2495 0.2130
poisongolem01.jpg
43 -111.6604 -3.1818 35.6889 -0.6234 0.7799 -0.0562 0.2495 0.2130
43 -112.7506 -28.8123 38.9655 -0.9949 -0.0989 0.0183 0.0168 0.2128
42 -113.4396 -26.1863 59.3292 -0.9918 -0.0888 0.0923 0.0128 0.3046
poisongolem01.jpg
47 -114.3344 -30.7446 20.8194 -0.9903 -0.1362 0.0274 0.0248 0.1234
47 -104.0773 -53.9389 23.3312 -0.5782 -0.8087 -0.1077 0.2518 0.1186
43 -105.0485 -55.7220 41.9331 -0.4946 -0.8656 0.0784 0.2495 0.2130
poisongolem01.jpg
43 -105.0485 -55.7220 41.9331 -0.4946 -0.8656 0.0784 0.2495 0.2130
43 -112.7506 -28.8123 38.9655 -0.9949 -0.0989 0.0183 0.0168 0.2128
47 -114.3344 -30.7446 20.8194 -0.9903 -0.1362 0.0274 0.0248 0.1234
poisongolem01.jpg
43 -71.9403 -53.7340 44.8738 0.6333 -0.7080 0.3126 0.7148 0.2132
43 -61.5915 -29.5743 43.1069 0.9700 0.1267 0.2077 0.9474 0.2133
42 -63.9280 -25.6744 45.3855 0.9770 0.1411 0.1598 0.9548 0.3149
poisongolem01.jpg
42 -63.9280 -25.6744 45.3855 0.9770 0.1411 0.1598 0.9548 0.3149
42 -71.5377 -53.2927 56.6446 0.5783 -0.8141 -0.0524 0.7193 0.3124
43 -71.9403 -53.7340 44.8738 0.6333 -0.7080 0.3126 0.7148 0.2132
poisongolem01.jpg
42 -78.6508 -6.3241 43.2851 0.4717 0.8106 -0.3470 0.7193 0.3124
42 -69.5148 13.1613 54.0295 0.2808 0.8295 -0.4828 0.7238 0.3801
42 -55.2881 -22.2070 62.2385 0.9699 -0.0014 -0.2435 0.9621 0.3852
poisongolem01.jpg
42 -55.2881 -22.2070 62.2385 0.9699 -0.0014 -0.2435 0.9621 0.3852
42 -63.9280 -25.6744 45.3855 0.9770 0.1411 0.1598 0.9548 0.3149
42 -78.6508 -6.3241 43.2851 0.4717 0.8106 -0.3470 0.7193 0.3124
poisongolem01.jpg
43 -105.0485 -55.7220 41.9331 -0.4946 -0.8656 0.0784 0.2495 0.2130
43 -71.9403 -53.7340 44.8738 0.6333 -0.7080 0.3126 0.7148 0.2132
42 -71.5377 -53.2927 56.6446 0.5783 -0.8141 -0.0524 0.7193 0.3124
poisongolem01.jpg
42 -71.5377 -53.2927 56.6446 0.5783 -0.8141 -0.0524 0.7193 0.3124
42 -101.7991 -53.1250 63.9100 -0.5343 -0.8220 0.1971 0.2483 0.3072
43 -105.0485 -55.7220 41.9331 -0.4946 -0.8656 0.0784 0.2495 0.2130
poisongolem01.jpg
42 -99.6347 8.8510 59.9492 -0.6241 0.7382 -0.2562 0.2472 0.3701
42 -69.5148 13.1613 54.0295 0.2808 0.8295 -0.4828 0.7238 0.3801
42 -78.6508 -6.3241 43.2851 0.4717 0.8106 -0.3470 0.7193 0.3124
poisongolem01.jpg
42 -78.6508 -6.3241 43.2851 0.4717 0.8106 -0.3470 0.7193 0.3124
42 -106.3859 -4.3104 46.1190 -0.5727 0.8130 0.1049 0.2483 0.3072
42 -99.6347 8.8510 59.9492 -0.6241 0.7382 -0.2562 0.2472 0.3701
poisongolem01.jpg
42 -114.7379 -24.6289 72.1832 -0.9967 0.0354 0.0734 0.0088 0.3650
42 -99.6347 8.8510 59.9492 -0.6241 0.7382 -0.2562 0.2472 0.3701
42 -106.3859 -4.3104 46.1190 -0.5727 0.8130 0.1049 0.2483 0.3072
poisongolem01.jpg
42 -106.3859 -4.3104 46.1190 -0.5727 0.8130 0.1049 0.2483 0.3072
42 -113.4396 -26.1863 59.3292 -0.9918 -0.0888 0.0923 0.0128 0.3046
42 -114.7379 -24.6289 72.1832 -0.9967 0.0354 0.0734 0.0088 0.3650
poisongolem01.jpg
43 -112.7506 -28.8123 38.9655 -0.9949 -0.0989 0.0183 0.0168 0.2128
43 -105.0485 -55.7220 41.9331 -0.4946 -0.8656 0.0784 0.2495 0.2130
42 -101.7991 -53.1250 63.9100 -0.5343 -0.8220 0.1971 0.2483 0.3072
poisongolem01.jpg
42 -101.7991 -53.1250 63.9100 -0.5343 -0.8220 0.1971 0.2483 0.3072
42 -113.4396 -26.1863 59.3292 -0.9918 -0.0888 0.0923 0.0128 0.3046
43 -112.7506 -28.8123 38.9655 -0.9949 -0.0989 0.0183 0.0168 0.2128
poisongolem01.jpg
29 59.1681 48.3932 102.2556 -0.7946 0.5957 0.1169 0.7498 0.9153
29 52.8987 19.4393 102.5535 -0.9820 -0.1595 0.1015 0.9995 0.9171
29 50.0934 15.7756 69.6594 -0.9783 -0.0935 -0.1848 0.9621 0.3852
poisongolem01.jpg
29 50.0934 15.7756 69.6594 -0.9783 -0.0935 -0.1848 0.9621 0.3852
29 58.5442 53.8161 69.7376 -0.4337 0.8667 -0.2465 0.7238 0.3801
29 59.1681 48.3932 102.2556 -0.7946 0.5957 0.1169 0.7498 0.9153
poisongolem01.jpg
29 86.0115 46.0528 105.5652 0.3159 0.9257 0.2083 0.2502 0.9118
29 59.1681 48.3932 102.2556 -0.7946 0.5957 0.1169 0.7498 0.9153
29 58.5442 53.8161 69.7376 -0.4337 0.8667 -0.2465 0.7238 0.3801
poisongolem01.jpg
29 58.5442 53.8161 69.7376 -0.4337 0.8667 -0.2465 0.7238 0.3801
29 89.3543 52.9362 72.8041 0.4917 0.8653 -0.0976 0.2472 0.3701
29 86.0115 46.0528 105.5652 0.3159 0.9257 0.2083 0.2502 0.9118
poisongolem01.jpg
29 103.7225 21.0508 107.2279 0.9668 0.0817 0.2420 0.0005 0.9100
29 86.0115 46.0528 105.5652 0.3159 0.9257 0.2083 0.2502 0.9118
29 89.3543 52.9362 72.8041 0.4917 0.8653 -0.0976 0.2472 0.3701
poisongolem01.jpg
29 89.3543 52.9362 72.8041 0.4917 0.8653 -0.0976 0.2472 0.3701
29 109.9172 20.2834 75.5385 0.9850 0.1706 0.0274 0.0088 0.3650
29 103.7225 21.0508 107.2279 0.9668 0.0817 0.2420 0.0005 0.9100
poisongolem01.jpg
29 98.2928 -9.5364 75.1064 0.7260 -0.6840 0.0708 0.2472 0.3701
29 89.0030 -5.0377 107.3379 0.2127 -0.9301 0.2996 0.2502 0.9118
29 103.7225 21.0508 107.2279 0.9668 0.0817 0.2420 0.0005 0.9100
poisongolem01.jpg
29 103.7225 21.0508 107.2279 0.9668 0.0817 0.2420 0.0005 0.9100
29 109.9172 20.2834 75.5385 0.9850 0.1706 0.0274 0.0088 0.3650
29 98.2928 -9.5364 75.1064 0.7260 -0.6840 0.0708 0.2472 0.3701
poisongolem01.jpg
29 61.7395 -9.4072 71.9183 -0.3773 -0.9254 0.0348 0.7238 0.3801
29 63.9112 1.3545 103.9384 -0.7246 -0.6490 0.2317 0.7498 0.9153
29 89.0030 -5.0377 107.3379 0.2127 -0.9301 0.2996 0.2502 0.9118
poisongolem01.jpg
29 89.0030 -5.0377 107.3379 0.2127 -0.9301 0.2996 0.2502 0.9118
29 98.2928 -9.5364 75.1064 0.7260 -0.6840 0.0708 0.2472 0.3701
29 61.7395 -9.4072 71.9183 -0.3773 -0.9254 0.0348 0.7238 0.3801
poisongolem01.jpg
29 50.0934 15.7756 69.6594 -0.9783 -0.0935 -0.1848 0.9621 0.3852
29 52.8987 19.4393 102.5535 -0.9820 -0.1595 0.1015 0.9995 0.9171
29 63.9112 1.3545 103.9384 -0.7246 -0.6490 0.2317 0.7498 0.9153
poisongolem01.jpg
29 63.9112 1.3545 103.9384 -0.7246 -0.6490 0.2317 0.7498 0.9153
29 61.7395 -9.4072 71.9183 -0.3773 -0.9254 0.0348 0.7238 0.3801
29 50.0934 15.7756 69.6594 -0.9783 -0.0935 -0.1848 0.9621 0.3852
poisongolem01.jpg
34 53.3113 18.9488 29.0553 -0.9242 0.1465 -0.3526 0.9327 0.1043
35 57.5640 20.9367 19.5136 -0.7889 -0.0503 -0.6124 0.7357 0.0420
35 64.8760 39.8168 19.5433 -0.6670 0.5410 -0.5123 0.6047 0.0448
poisongolem01.jpg
35 64.8760 39.8168 19.5433 -0.6670 0.5410 -0.5123 0.6047 0.0448
34 63.3798 43.4788 31.2361 -0.4740 0.8430 -0.2544 0.7057 0.1091
34 53.3113 18.9488 29.0553 -0.9242 0.1465 -0.3526 0.9327 0.1043
poisongolem01.jpg
34 63.3798 43.4788 31.2361 -0.4740 0.8430 -0.2544 0.7057 0.1091
35 64.8760 39.8168 19.5433 -0.6670 0.5410 -0.5123 0.6047 0.0448
35 88.4361 44.2534 12.8709 0.0401 0.7663 -0.6413 0.3428 0.0503
poisongolem01.jpg
35 88.4361 44.2534 12.8709 0.0401 0.7663 -0.6413 0.3428 0.0503
34 96.3200 47.2667 27.3874 0.5378 0.7265 -0.4277 0.2518 0.1186
34 63.3798 43.4788 31.2361 -0.4740 0.8430 -0.2544 0.7057 0.1091
poisongolem01.jpg
34 96.3200 47.2667 27.3874 0.5378 0.7265 -0.4277 0.2518 0.1186
35 88.4361 44.2534 12.8709 0.0401 0.7663 -0.6413 0.3428 0.0503
35 96.1187 27.7333 9.1671 0.5837 0.2864 -0.7598 0.2118 0.0530
poisongolem01.jpg
35 96.1187 27.7333 9.1671 0.5837 0.2864 -0.7598 0.2118 0.0530
34 105.7070 26.7447 24.0329 0.8509 0.0485 -0.5230 0.0248 0.1234
34 96.3200 47.2667 27.3874 0.5378 0.7265 -0.4277 0.2518 0.1186
poisongolem01.jpg
34 105.7070 26.7447 24.0329 0.8509 0.0485 -0.5230 0.0248 0.1234
35 96.1187 27.7333 9.1671 0.5837 0.2864 -0.7598 0.2118 0.0530
35 89.7235 8.0933 3.3586 0.3730 -0.3563 -0.8567 0.3428 0.0503
poisongolem01.jpg
35 89.7235 8.0933 3.3586 0.3730 -0.3563 -0.8567 0.3428 0.0503
34 98.9063 2.3218 21.2240 0.3646 -0.7065 -0.6065 0.2518 0.1186
34 105.7070 26.7447 24.0329 0.8509 0.0485 -0.5230 0.0248 0.1234
poisongolem01.jpg
34 98.9063 2.3218 21.2240 0.3646 -0.7065 -0.6065 0.2518 0.1186
35 89.7235 8.0933 3.3586 0.3730 -0.3563 -0.8567 0.3428 0.0503
35 69.5293 5.4549 14.3107 -0.3722 -0.5496 -0.7480 0.6047 0.0448
poisongolem01.jpg
35 69.5293 5.4549 14.3107 -0.3722 -0.5496 -0.7480 0.6047 0.0448
34 65.3688 -6.9106 24.5049 -0.5348 -0.4810 -0.6947 0.7057 0.1091
34 98.9063 2.3218 21.2240 0.3646 -0.7065 -0.6065 0.2518 0.1186
poisongolem01.jpg
34 65.3688 -6.9106 24.5049 -0.5348 -0.4810 -0.6947 0.7057 0.1091
35 69.5293 5.4549 14.3107 -0.3722 -0.5496 -0.7480 0.6047 0.0448
35 57.5640 20.9367 19.5136 -0.7889 -0.0503 -0.6124 0.7357 0.0420
poisongolem01.jpg
35 57.5640 20.9367 19.5136 -0.7889 -0.0503 -0.6124 0.7357 0.0420
34 53.3113 18.9488 29.0553 -0.9242 0.1465 -0.3526 0.9327 0.1043
34 65.3688 -6.9106 24.5049 -0.5348 -0.4810 -0.6947 0.7057 0.1091
poisongolem01.jpg
35 57.5640 20.9367 19.5136 -0.7889 -0.0503 -0.6124 0.7357 0.0420
35 73.8639 25.3234 5.2015 -0.3271 0.1534 -0.9324 0.4719 0.0005
35 64.8760 39.8168 19.5433 -0.6670 0.5410 -0.5123 0.6047 0.0448
poisongolem01.jpg
35 64.8760 39.8168 19.5433 -0.6670 0.5410 -0.5123 0.6047 0.0448
35 73.8639 25.3234 5.2015 -0.3271 0.1534 -0.9324 0.4719 0.0005
35 88.4361 44.2534 12.8709 0.0401 0.7663 -0.6413 0.3428 0.0503
poisongolem01.jpg
35 88.4361 44.2534 12.8709 0.0401 0.7663 -0.6413 0.3428 0.0503
35 73.8639 25.3234 5.2015 -0.3271 0.1534 -0.9324 0.4719 0.0005
35 96.1187 27.7333 9.1671 0.5837 0.2864 -0.7598 0.2118 0.0530
poisongolem01.jpg
35 96.1187 27.7333 9.1671 0.5837 0.2864 -0.7598 0.2118 0.0530
35 73.8639 25.3234 5.2015 -0.3271 0.1534 -0.9324 0.4719 0.0005
35 89.7235 8.0933 3.3586 0.3730 -0.3563 -0.8567 0.3428 0.0503
poisongolem01.jpg
35 89.7235 8.0933 3.3586 0.3730 -0.3563 -0.8567 0.3428 0.0503
35 73.8639 25.3234 5.2015 -0.3271 0.1534 -0.9324 0.4719 0.0005
35 69.5293 5.4549 14.3107 -0.3722 -0.5496 -0.7480 0.6047 0.0448
poisongolem01.jpg
35 69.5293 5.4549 14.3107 -0.3722 -0.5496 -0.7480 0.6047 0.0448
35 73.8639 25.3234 5.2015 -0.3271 0.1534 -0.9324 0.4719 0.0005
35 57.5640 20.9367 19.5136 -0.7889 -0.0503 -0.6124 0.7357 0.0420
poisongolem01.jpg
34 63.3798 43.4788 31.2361 -0.6223 0.7793 0.0736 0.7057 0.1091
30 66.0766 43.4963 50.6416 -0.5640 0.6652 0.4894 0.7148 0.2132
30 55.4305 14.5591 48.6108 -0.9558 -0.0807 0.2828 0.9474 0.2133
poisongolem01.jpg
30 55.4305 14.5591 48.6108 -0.9558 -0.0807 0.2828 0.9474 0.2133
34 53.3113 18.9488 29.0553 -0.9944 -0.0345 0.1000 0.9327 0.1043
34 63.3798 43.4788 31.2361 -0.6223 0.7793 0.0736 0.7057 0.1091
poisongolem01.jpg
29 69.8774 -10.1761 55.6819 -0.4647 -0.8566 -0.2242 0.7193 0.3124
29 57.5919 17.7859 52.0413 -0.9697 -0.0563 0.2378 0.9548 0.3149
29 50.0934 15.7756 69.6594 -0.9783 -0.0935 -0.1848 0.9621 0.3852
poisongolem01.jpg
29 50.0934 15.7756 69.6594 -0.9783 -0.0935 -0.1848 0.9621 0.3852
29 61.7395 -9.4072 71.9183 -0.3773 -0.9254 0.0348 0.7238 0.3801
29 69.8774 -10.1761 55.6819 -0.4647 -0.8566 -0.2242 0.7193 0.3124
poisongolem01.jpg
34 63.3798 43.4788 31.2361 -0.6223 0.7793 0.0736 0.7057 0.1091
34 96.3200 47.2667 27.3874 0.7290 0.6759 -0.1079 0.2518 0.1186
30 100.6579 49.2347 45.3641 0.5067 0.8556 0.1061 0.2495 0.2130
poisongolem01.jpg
30 100.6579 49.2347 45.3641 0.5067 0.8556 0.1061 0.2495 0.2130
30 66.0766 43.4963 50.6416 -0.5640 0.6652 0.4894 0.7148 0.2132
34 63.3798 43.4788 31.2361 -0.6223 0.7793 0.0736 0.7057 0.1091
poisongolem01.jpg
34 96.3200 47.2667 27.3874 0.7290 0.6759 -0.1079 0.2518 0.1186
34 105.7070 26.7447 24.0329 0.9982 0.0127 -0.0582 0.0248 0.1234
30 105.4576 24.0335 42.0923 0.9967 0.0523 -0.0621 0.0168 0.2128
poisongolem01.jpg
30 105.4576 24.0335 42.0923 0.9967 0.0523 -0.0621 0.0168 0.2128
30 100.6579 49.2347 45.3641 0.5067 0.8556 0.1061 0.2495 0.2130
34 96.3200 47.2667 27.3874 0.7290 0.6759 -0.1079 0.2518 0.1186
poisongolem01.jpg
29 107.7107 21.6396 62.7872 0.9989 0.0459 0.0121 0.0128 0.3046
29 100.3326 -7.0621 61.1532 0.6572 -0.7523 -0.0462 0.2483 0.3072
29 98.2928 -9.5364 75.1064 0.7260 -0.6840 0.0708 0.2472 0.3701
poisongolem01.jpg
29 98.2928 -9.5364 75.1064 0.7260 -0.6840 0.0708 0.2472 0.3701
29 109.9172 20.2834 75.5385 0.9850 0.1706 0.0274 0.0088 0.3650
29 107.7107 21.6396 62.7872 0.9989 0.0459 0.0121 0.0128 0.3046
poisongolem01.jpg
29 100.3326 -7.0621 61.1532 0.6572 -0.7523 -0.0462 0.2483 0.3072
29 69.8774 -10.1761 55.6819 -0.4647 -0.8566 -0.2242 0.7193 0.3124
29 61.7395 -9.4072 71.9183 -0.3773 -0.9254 0.0348 0.7238 0.3801
poisongolem01.jpg
29 61.7395 -9.4072 71.9183 -0.3773 -0.9254 0.0348 0.7238 0.3801
29 98.2928 -9.5364 75.1064 0.7260 -0.6840 0.0708 0.2472 0.3701
29 100.3326 -7.0621 61.1532 0.6572 -0.7523 -0.0462 0.2483 0.3072
poisongolem01.jpg
30 66.0766 43.4963 50.6416 -0.5640 0.6652 0.4894 0.7148 0.2132
29 69.2686 39.1034 54.0302 -0.6069 0.7863 -0.1158 0.7193 0.3124
29 57.5919 17.7859 52.0413 -0.9697 -0.0563 0.2378 0.9548 0.3149
poisongolem01.jpg
29 57.5919 17.7859 52.0413 -0.9697 -0.0563 0.2378 0.9548 0.3149
30 55.4305 14.5591 48.6108 -0.9558 -0.0807 0.2828 0.9474 0.2133
30 66.0766 43.4963 50.6416 -0.5640 0.6652 0.4894 0.7148 0.2132
poisongolem01.jpg
29 96.5873 44.6473 55.8060 0.4631 0.8443 0.2695 0.2483 0.3072
29 69.2686 39.1034 54.0302 -0.6069 0.7863 -0.1158 0.7193 0.3124
30 66.0766 43.4963 50.6416 -0.5640 0.6652 0.4894 0.7148 0.2132
poisongolem01.jpg
30 66.0766 43.4963 50.6416 -0.5640 0.6652 0.4894 0.7148 0.2132
30 100.6579 49.2347 45.3641 0.5067 0.8556 0.1061 0.2495 0.2130
29 96.5873 44.6473 55.8060 0.4631 0.8443 0.2695 0.2483 0.3072
poisongolem01.jpg
34 65.3688 -6.9106 24.5049 -0.4391 -0.8950 -0.0784 0.7057 0.1091
34 53.3113 18.9488 29.0553 -0.9944 -0.0345 0.1000 0.9327 0.1043
30 55.4305 14.5591 48.6108 -0.9558 -0.0807 0.2828 0.9474 0.2133
poisongolem01.jpg
30 55.4305 14.5591 48.6108 -0.9558 -0.0807 0.2828 0.9474 0.2133
30 69.0380 -7.4675 43.7562 -0.5119 -0.8466 0.1456 0.7148 0.2132
34 65.3688 -6.9106 24.5049 -0.4391 -0.8950 -0.0784 0.7057 0.1091
poisongolem01.jpg
30 101.7230 -3.6537 38.6679 0.6113 -0.7728 -0.1705 0.2495 0.2130
34 98.9063 2.3218 21.2240 0.6698 -0.6626 -0.3351 0.2518 0.1186
34 65.3688 -6.9106 24.5049 -0.4391 -0.8950 -0.0784 0.7057 0.1091
poisongolem01.jpg
34 65.3688 -6.9106 24.5049 -0.4391 -0.8950 -0.0784 0.7057 0.1091
30 69.0380 -7.4675 43.7562 -0.5119 -0.8466 0.1456 0.7148 0.2132
30 101.7230 -3.6537 38.6679 0.6113 -0.7728 -0.1705 0.2495 0.2130
poisongolem01.jpg
29 107.7107 21.6396 62.7872 0.9989 0.0459 0.0121 0.0128 0.3046
29 96.5873 44.6473 55.8060 0.4631 0.8443 0.2695 0.2483 0.3072
30 100.6579 49.2347 45.3641 0.5067 0.8556 0.1061 0.2495 0.2130
poisongolem01.jpg
30 100.6579 49.2347 45.3641 0.5067 0.8556 0.1061 0.2495 0.2130
30 105.4576 24.0335 42.0923 0.9967 0.0523 -0.0621 0.0168 0.2128
29 107.7107 21.6396 62.7872 0.9989 0.0459 0.0121 0.0128 0.3046
poisongolem01.jpg
34 105.7070 26.7447 24.0329 0.9982 0.0127 -0.0582 0.0248 0.1234
34 98.9063 2.3218 21.2240 0.6698 -0.6626 -0.3351 0.2518 0.1186
30 101.7230 -3.6537 38.6679 0.6113 -0.7728 -0.1705 0.2495 0.2130
poisongolem01.jpg
30 101.7230 -3.6537 38.6679 0.6113 -0.7728 -0.1705 0.2495 0.2130
30 105.4576 24.0335 42.0923 0.9967 0.0523 -0.0621 0.0168 0.2128
34 105.7070 26.7447 24.0329 0.9982 0.0127 -0.0582 0.0248 0.1234
poisongolem01.jpg
30 69.0380 -7.4675 43.7562 -0.5119 -0.8466 0.1456 0.7148 0.2132
30 55.4305 14.5591 48.6108 -0.9558 -0.0807 0.2828 0.9474 0.2133
29 57.5919 17.7859 52.0413 -0.9697 -0.0563 0.2378 0.9548 0.3149
poisongolem01.jpg
29 57.5919 17.7859 52.0413 -0.9697 -0.0563 0.2378 0.9548 0.3149
29 69.8774 -10.1761 55.6819 -0.4647 -0.8566 -0.2242 0.7193 0.3124
30 69.0380 -7.4675 43.7562 -0.5119 -0.8466 0.1456 0.7148 0.2132
poisongolem01.jpg
29 69.2686 39.1034 54.0302 -0.6069 0.7863 -0.1158 0.7193 0.3124
29 58.5442 53.8161 69.7376 -0.4337 0.8667 -0.2465 0.7238 0.3801
29 50.0934 15.7756 69.6594 -0.9783 -0.0935 -0.1848 0.9621 0.3852
poisongolem01.jpg
29 50.0934 15.7756 69.6594 -0.9783 -0.0935 -0.1848 0.9621 0.3852
29 57.5919 17.7859 52.0413 -0.9697 -0.0563 0.2378 0.9548 0.3149
29 69.2686 39.1034 54.0302 -0.6069 0.7863 -0.1158 0.7193 0.3124
poisongolem01.jpg
30 101.7230 -3.6537 38.6679 0.6113 -0.7728 -0.1705 0.2495 0.2130
30 69.0380 -7.4675 43.7562 -0.5119 -0.8466 0.1456 0.7148 0.2132
29 69.8774 -10.1761 55.6819 -0.4647 -0.8566 -0.2242 0.7193 0.3124
poisongolem01.jpg
29 69.8774 -10.1761 55.6819 -0.4647 -0.8566 -0.2242 0.7193 0.3124
29 100.3326 -7.0621 61.1532 0.6572 -0.7523 -0.0462 0.2483 0.3072
30 101.7230 -3.6537 38.6679 0.6113 -0.7728 -0.1705 0.2495 0.2130
poisongolem01.jpg
29 89.3543 52.9362 72.8041 0.4917 0.8653 -0.0976 0.2472 0.3701
29 58.5442 53.8161 69.7376 -0.4337 0.8667 -0.2465 0.7238 0.3801
29 69.2686 39.1034 54.0302 -0.6069 0.7863 -0.1158 0.7193 0.3124
poisongolem01.jpg
29 69.2686 39.1034 54.0302 -0.6069 0.7863 -0.1158 0.7193 0.3124
29 96.5873 44.6473 55.8060 0.4631 0.8443 0.2695 0.2483 0.3072
29 89.3543 52.9362 72.8041 0.4917 0.8653 -0.0976 0.2472 0.3701
poisongolem01.jpg
29 109.9172 20.2834 75.5385 0.9850 0.1706 0.0274 0.0088 0.3650
29 89.3543 52.9362 72.8041 0.4917 0.8653 -0.0976 0.2472 0.3701
29 96.5873 44.6473 55.8060 0.4631 0.8443 0.2695 0.2483 0.3072
poisongolem01.jpg
29 96.5873 44.6473 55.8060 0.4631 0.8443 0.2695 0.2483 0.3072
29 107.7107 21.6396 62.7872 0.9989 0.0459 0.0121 0.0128 0.3046
29 109.9172 20.2834 75.5385 0.9850 0.1706 0.0274 0.0088 0.3650
poisongolem01.jpg
30 105.4576 24.0335 42.0923 0.9967 0.0523 -0.0621 0.0168 0.2128
30 101.7230 -3.6537 38.6679 0.6113 -0.7728 -0.1705 0.2495 0.2130
29 100.3326 -7.0621 61.1532 0.6572 -0.7523 -0.0462 0.2483 0.3072
poisongolem01.jpg
29 100.3326 -7.0621 61.1532 0.6572 -0.7523 -0.0462 0.2483 0.3072
29 107.7107 21.6396 62.7872 0.9989 0.0459 0.0121 0.0128 0.3046
30 105.4576 24.0335 42.0923 0.9967 0.0523 -0.0621 0.0168 0.2128
end
